ISO-10303-21;
HEADER;
/* Generated by software containing ST-Developer
 * from STEP Tools, Inc. (www.steptools.com) 
 */

FILE_DESCRIPTION(
/* description */ ('',
'CAx-IF Rec.Pracs.---Representation and Presentation of Product Manufa
cturing Information (PMI)---4.0---2014-10-13'),
/* implementation_level */ '2;1');

FILE_NAME(
/* name */ 'E28 v1.step',
/* time_stamp */ '2025-01-18T16:42:59+01:00',
/* author */ (''),
/* organization */ (''),
/* preprocessor_version */ 'ST-DEVELOPER v20',
/* originating_system */ 'Autodesk Translation Framework v13.20.0.188',

/* authorisation */ '');

FILE_SCHEMA (('AP242_MANAGED_MODEL_BASED_3D_ENGINEERING_MIM_LF { 1 0 10303 442 1 1 4 }'));
ENDSEC;

DATA;
#10=MECHANICAL_DESIGN_GEOMETRIC_PRESENTATION_REPRESENTATION('',(#3948,#3949,
#3950,#3951,#3952,#3953,#3954,#3955,#3956,#3957,#3958,#3959,#3960,#3961,
#3962,#3963,#3964,#3965,#3966,#3967,#3968,#3969,#3970,#3971,#3972,#3973,
#3974,#3975,#3976,#3977,#3978,#3979,#3980,#3981,#3982,#3983,#3984,#3985,
#3986,#3987,#3988,#3989,#3990,#3991,#3992,#3993,#3994,#3995,#3996,#3997,
#3998,#3999,#4000,#4001,#4002,#4003,#4004,#4005,#4006,#4007,#4008,#4009,
#4010,#4011,#4012,#4013,#4014,#4015,#4016,#4017,#4018,#4019,#4020,#4021,
#4022,#4023,#4024,#4025,#4026,#4027,#4028,#4029,#4030,#4031,#4032,#4033,
#4034,#4035,#4036,#4037,#4038,#4039,#4040,#4041,#4042,#4043,#4044,#4045,
#4046,#4047,#4048,#4049,#4050,#4051,#4052,#4053,#4054,#4055,#4056,#4057,
#4058,#4059,#4060,#4061,#4062,#4063,#4064,#4065,#4066,#4067,#4068,#4069,
#4070,#4071,#4072,#4073,#4074,#4075,#4076,#4077,#4078,#4079,#4080,#4081,
#4082,#4083,#4084,#4085,#4086,#4087,#4088,#4089,#4090,#4091,#4092,#4093,
#4094,#4095,#4096,#4097,#4098,#4099,#4100,#4101,#4102,#4103,#4104,#4105,
#4106,#4107,#4108,#4109,#4110,#4111,#4112,#4113,#4114,#4115,#4116,#4117,
#4118,#4119,#4120,#4121,#4122,#4123,#4124,#4125,#4126,#4127,#4128,#4129,
#4130,#4131,#4132,#4133,#4134,#4135,#4136,#4137,#4138,#4139,#4140,#4141,
#4142,#4143,#4144,#4145,#4146,#4147,#4148,#4149,#4150,#4151,#4152),#6829);
#11=SHAPE_REPRESENTATION_RELATIONSHIP('SRR','None',#6836,#12);
#12=ADVANCED_BREP_SHAPE_REPRESENTATION('',(#13),#6828);
#13=MANIFOLD_SOLID_BREP('Body1',#4357);
#14=FACE_BOUND('',#281,.T.);
#15=FACE_BOUND('',#282,.T.);
#16=FACE_BOUND('',#283,.T.);
#17=FACE_BOUND('',#284,.T.);
#18=FACE_BOUND('',#476,.T.);
#19=FACE_BOUND('',#478,.T.);
#20=CIRCLE('',#4378,0.325);
#21=CIRCLE('',#4379,0.325);
#22=CIRCLE('',#4384,0.325);
#23=CIRCLE('',#4385,0.325);
#24=CIRCLE('',#4388,0.325);
#25=CIRCLE('',#4389,0.325);
#26=CIRCLE('',#4392,0.325);
#27=CIRCLE('',#4393,0.325);
#28=CIRCLE('',#4396,0.325);
#29=CIRCLE('',#4397,0.325);
#30=CIRCLE('',#4400,0.325);
#31=CIRCLE('',#4401,0.325);
#32=CIRCLE('',#4404,0.325);
#33=CIRCLE('',#4405,0.325);
#34=CIRCLE('',#4407,0.325);
#35=CIRCLE('',#4408,0.325);
#36=CIRCLE('',#4410,0.325);
#37=CIRCLE('',#4411,0.325);
#38=CIRCLE('',#4413,0.325);
#39=CIRCLE('',#4414,0.325);
#40=CIRCLE('',#4416,0.325);
#41=CIRCLE('',#4417,0.325);
#42=CIRCLE('',#4419,0.325);
#43=CIRCLE('',#4420,0.325);
#44=CIRCLE('',#4422,0.325);
#45=CIRCLE('',#4423,0.325);
#46=CIRCLE('',#4425,0.325);
#47=CIRCLE('',#4426,0.325);
#48=CIRCLE('',#4429,0.325);
#49=CIRCLE('',#4430,0.325);
#50=CIRCLE('',#4432,0.325);
#51=CIRCLE('',#4433,0.325);
#52=CYLINDRICAL_SURFACE('',#4377,0.325);
#53=CYLINDRICAL_SURFACE('',#4383,0.325);
#54=CYLINDRICAL_SURFACE('',#4387,0.325);
#55=CYLINDRICAL_SURFACE('',#4391,0.325);
#56=CYLINDRICAL_SURFACE('',#4395,0.325);
#57=CYLINDRICAL_SURFACE('',#4399,0.325);
#58=CYLINDRICAL_SURFACE('',#4403,0.325);
#59=CYLINDRICAL_SURFACE('',#4406,0.325);
#60=CYLINDRICAL_SURFACE('',#4409,0.325);
#61=CYLINDRICAL_SURFACE('',#4412,0.325);
#62=CYLINDRICAL_SURFACE('',#4415,0.325);
#63=CYLINDRICAL_SURFACE('',#4418,0.325);
#64=CYLINDRICAL_SURFACE('',#4421,0.325);
#65=CYLINDRICAL_SURFACE('',#4424,0.325);
#66=CYLINDRICAL_SURFACE('',#4428,0.325);
#67=CYLINDRICAL_SURFACE('',#4431,0.325);
#68=FACE_OUTER_BOUND('',#272,.T.);
#69=FACE_OUTER_BOUND('',#273,.T.);
#70=FACE_OUTER_BOUND('',#274,.T.);
#71=FACE_OUTER_BOUND('',#275,.T.);
#72=FACE_OUTER_BOUND('',#276,.T.);
#73=FACE_OUTER_BOUND('',#277,.T.);
#74=FACE_OUTER_BOUND('',#278,.T.);
#75=FACE_OUTER_BOUND('',#279,.T.);
#76=FACE_OUTER_BOUND('',#280,.T.);
#77=FACE_OUTER_BOUND('',#285,.T.);
#78=FACE_OUTER_BOUND('',#286,.T.);
#79=FACE_OUTER_BOUND('',#287,.T.);
#80=FACE_OUTER_BOUND('',#288,.T.);
#81=FACE_OUTER_BOUND('',#289,.T.);
#82=FACE_OUTER_BOUND('',#290,.T.);
#83=FACE_OUTER_BOUND('',#291,.T.);
#84=FACE_OUTER_BOUND('',#292,.T.);
#85=FACE_OUTER_BOUND('',#293,.T.);
#86=FACE_OUTER_BOUND('',#294,.T.);
#87=FACE_OUTER_BOUND('',#295,.T.);
#88=FACE_OUTER_BOUND('',#296,.T.);
#89=FACE_OUTER_BOUND('',#297,.T.);
#90=FACE_OUTER_BOUND('',#298,.T.);
#91=FACE_OUTER_BOUND('',#299,.T.);
#92=FACE_OUTER_BOUND('',#300,.T.);
#93=FACE_OUTER_BOUND('',#301,.T.);
#94=FACE_OUTER_BOUND('',#302,.T.);
#95=FACE_OUTER_BOUND('',#303,.T.);
#96=FACE_OUTER_BOUND('',#304,.T.);
#97=FACE_OUTER_BOUND('',#305,.T.);
#98=FACE_OUTER_BOUND('',#306,.T.);
#99=FACE_OUTER_BOUND('',#307,.T.);
#100=FACE_OUTER_BOUND('',#308,.T.);
#101=FACE_OUTER_BOUND('',#309,.T.);
#102=FACE_OUTER_BOUND('',#310,.T.);
#103=FACE_OUTER_BOUND('',#311,.T.);
#104=FACE_OUTER_BOUND('',#312,.T.);
#105=FACE_OUTER_BOUND('',#313,.T.);
#106=FACE_OUTER_BOUND('',#314,.T.);
#107=FACE_OUTER_BOUND('',#315,.T.);
#108=FACE_OUTER_BOUND('',#316,.T.);
#109=FACE_OUTER_BOUND('',#317,.T.);
#110=FACE_OUTER_BOUND('',#318,.T.);
#111=FACE_OUTER_BOUND('',#319,.T.);
#112=FACE_OUTER_BOUND('',#320,.T.);
#113=FACE_OUTER_BOUND('',#321,.T.);
#114=FACE_OUTER_BOUND('',#322,.T.);
#115=FACE_OUTER_BOUND('',#323,.T.);
#116=FACE_OUTER_BOUND('',#324,.T.);
#117=FACE_OUTER_BOUND('',#325,.T.);
#118=FACE_OUTER_BOUND('',#326,.T.);
#119=FACE_OUTER_BOUND('',#327,.T.);
#120=FACE_OUTER_BOUND('',#328,.T.);
#121=FACE_OUTER_BOUND('',#329,.T.);
#122=FACE_OUTER_BOUND('',#330,.T.);
#123=FACE_OUTER_BOUND('',#331,.T.);
#124=FACE_OUTER_BOUND('',#332,.T.);
#125=FACE_OUTER_BOUND('',#333,.T.);
#126=FACE_OUTER_BOUND('',#334,.T.);
#127=FACE_OUTER_BOUND('',#335,.T.);
#128=FACE_OUTER_BOUND('',#336,.T.);
#129=FACE_OUTER_BOUND('',#337,.T.);
#130=FACE_OUTER_BOUND('',#338,.T.);
#131=FACE_OUTER_BOUND('',#339,.T.);
#132=FACE_OUTER_BOUND('',#340,.T.);
#133=FACE_OUTER_BOUND('',#341,.T.);
#134=FACE_OUTER_BOUND('',#342,.T.);
#135=FACE_OUTER_BOUND('',#343,.T.);
#136=FACE_OUTER_BOUND('',#344,.T.);
#137=FACE_OUTER_BOUND('',#345,.T.);
#138=FACE_OUTER_BOUND('',#346,.T.);
#139=FACE_OUTER_BOUND('',#347,.T.);
#140=FACE_OUTER_BOUND('',#348,.T.);
#141=FACE_OUTER_BOUND('',#349,.T.);
#142=FACE_OUTER_BOUND('',#350,.T.);
#143=FACE_OUTER_BOUND('',#351,.T.);
#144=FACE_OUTER_BOUND('',#352,.T.);
#145=FACE_OUTER_BOUND('',#353,.T.);
#146=FACE_OUTER_BOUND('',#354,.T.);
#147=FACE_OUTER_BOUND('',#355,.T.);
#148=FACE_OUTER_BOUND('',#356,.T.);
#149=FACE_OUTER_BOUND('',#357,.T.);
#150=FACE_OUTER_BOUND('',#358,.T.);
#151=FACE_OUTER_BOUND('',#359,.T.);
#152=FACE_OUTER_BOUND('',#360,.T.);
#153=FACE_OUTER_BOUND('',#361,.T.);
#154=FACE_OUTER_BOUND('',#362,.T.);
#155=FACE_OUTER_BOUND('',#363,.T.);
#156=FACE_OUTER_BOUND('',#364,.T.);
#157=FACE_OUTER_BOUND('',#365,.T.);
#158=FACE_OUTER_BOUND('',#366,.T.);
#159=FACE_OUTER_BOUND('',#367,.T.);
#160=FACE_OUTER_BOUND('',#368,.T.);
#161=FACE_OUTER_BOUND('',#369,.T.);
#162=FACE_OUTER_BOUND('',#370,.T.);
#163=FACE_OUTER_BOUND('',#371,.T.);
#164=FACE_OUTER_BOUND('',#372,.T.);
#165=FACE_OUTER_BOUND('',#373,.T.);
#166=FACE_OUTER_BOUND('',#374,.T.);
#167=FACE_OUTER_BOUND('',#375,.T.);
#168=FACE_OUTER_BOUND('',#376,.T.);
#169=FACE_OUTER_BOUND('',#377,.T.);
#170=FACE_OUTER_BOUND('',#378,.T.);
#171=FACE_OUTER_BOUND('',#379,.T.);
#172=FACE_OUTER_BOUND('',#380,.T.);
#173=FACE_OUTER_BOUND('',#381,.T.);
#174=FACE_OUTER_BOUND('',#382,.T.);
#175=FACE_OUTER_BOUND('',#383,.T.);
#176=FACE_OUTER_BOUND('',#384,.T.);
#177=FACE_OUTER_BOUND('',#385,.T.);
#178=FACE_OUTER_BOUND('',#386,.T.);
#179=FACE_OUTER_BOUND('',#387,.T.);
#180=FACE_OUTER_BOUND('',#388,.T.);
#181=FACE_OUTER_BOUND('',#389,.T.);
#182=FACE_OUTER_BOUND('',#390,.T.);
#183=FACE_OUTER_BOUND('',#391,.T.);
#184=FACE_OUTER_BOUND('',#392,.T.);
#185=FACE_OUTER_BOUND('',#393,.T.);
#186=FACE_OUTER_BOUND('',#394,.T.);
#187=FACE_OUTER_BOUND('',#395,.T.);
#188=FACE_OUTER_BOUND('',#396,.T.);
#189=FACE_OUTER_BOUND('',#397,.T.);
#190=FACE_OUTER_BOUND('',#398,.T.);
#191=FACE_OUTER_BOUND('',#399,.T.);
#192=FACE_OUTER_BOUND('',#400,.T.);
#193=FACE_OUTER_BOUND('',#401,.T.);
#194=FACE_OUTER_BOUND('',#402,.T.);
#195=FACE_OUTER_BOUND('',#403,.T.);
#196=FACE_OUTER_BOUND('',#404,.T.);
#197=FACE_OUTER_BOUND('',#405,.T.);
#198=FACE_OUTER_BOUND('',#406,.T.);
#199=FACE_OUTER_BOUND('',#407,.T.);
#200=FACE_OUTER_BOUND('',#408,.T.);
#201=FACE_OUTER_BOUND('',#409,.T.);
#202=FACE_OUTER_BOUND('',#410,.T.);
#203=FACE_OUTER_BOUND('',#411,.T.);
#204=FACE_OUTER_BOUND('',#412,.T.);
#205=FACE_OUTER_BOUND('',#413,.T.);
#206=FACE_OUTER_BOUND('',#414,.T.);
#207=FACE_OUTER_BOUND('',#415,.T.);
#208=FACE_OUTER_BOUND('',#416,.T.);
#209=FACE_OUTER_BOUND('',#417,.T.);
#210=FACE_OUTER_BOUND('',#418,.T.);
#211=FACE_OUTER_BOUND('',#419,.T.);
#212=FACE_OUTER_BOUND('',#420,.T.);
#213=FACE_OUTER_BOUND('',#421,.T.);
#214=FACE_OUTER_BOUND('',#422,.T.);
#215=FACE_OUTER_BOUND('',#423,.T.);
#216=FACE_OUTER_BOUND('',#424,.T.);
#217=FACE_OUTER_BOUND('',#425,.T.);
#218=FACE_OUTER_BOUND('',#426,.T.);
#219=FACE_OUTER_BOUND('',#427,.T.);
#220=FACE_OUTER_BOUND('',#428,.T.);
#221=FACE_OUTER_BOUND('',#429,.T.);
#222=FACE_OUTER_BOUND('',#430,.T.);
#223=FACE_OUTER_BOUND('',#431,.T.);
#224=FACE_OUTER_BOUND('',#432,.T.);
#225=FACE_OUTER_BOUND('',#433,.T.);
#226=FACE_OUTER_BOUND('',#434,.T.);
#227=FACE_OUTER_BOUND('',#435,.T.);
#228=FACE_OUTER_BOUND('',#436,.T.);
#229=FACE_OUTER_BOUND('',#437,.T.);
#230=FACE_OUTER_BOUND('',#438,.T.);
#231=FACE_OUTER_BOUND('',#439,.T.);
#232=FACE_OUTER_BOUND('',#440,.T.);
#233=FACE_OUTER_BOUND('',#441,.T.);
#234=FACE_OUTER_BOUND('',#442,.T.);
#235=FACE_OUTER_BOUND('',#443,.T.);
#236=FACE_OUTER_BOUND('',#444,.T.);
#237=FACE_OUTER_BOUND('',#445,.T.);
#238=FACE_OUTER_BOUND('',#446,.T.);
#239=FACE_OUTER_BOUND('',#447,.T.);
#240=FACE_OUTER_BOUND('',#448,.T.);
#241=FACE_OUTER_BOUND('',#449,.T.);
#242=FACE_OUTER_BOUND('',#450,.T.);
#243=FACE_OUTER_BOUND('',#451,.T.);
#244=FACE_OUTER_BOUND('',#452,.T.);
#245=FACE_OUTER_BOUND('',#453,.T.);
#246=FACE_OUTER_BOUND('',#454,.T.);
#247=FACE_OUTER_BOUND('',#455,.T.);
#248=FACE_OUTER_BOUND('',#456,.T.);
#249=FACE_OUTER_BOUND('',#457,.T.);
#250=FACE_OUTER_BOUND('',#458,.T.);
#251=FACE_OUTER_BOUND('',#459,.T.);
#252=FACE_OUTER_BOUND('',#460,.T.);
#253=FACE_OUTER_BOUND('',#461,.T.);
#254=FACE_OUTER_BOUND('',#462,.T.);
#255=FACE_OUTER_BOUND('',#463,.T.);
#256=FACE_OUTER_BOUND('',#464,.T.);
#257=FACE_OUTER_BOUND('',#465,.T.);
#258=FACE_OUTER_BOUND('',#466,.T.);
#259=FACE_OUTER_BOUND('',#467,.T.);
#260=FACE_OUTER_BOUND('',#468,.T.);
#261=FACE_OUTER_BOUND('',#469,.T.);
#262=FACE_OUTER_BOUND('',#470,.T.);
#263=FACE_OUTER_BOUND('',#471,.T.);
#264=FACE_OUTER_BOUND('',#472,.T.);
#265=FACE_OUTER_BOUND('',#473,.T.);
#266=FACE_OUTER_BOUND('',#474,.T.);
#267=FACE_OUTER_BOUND('',#475,.T.);
#268=FACE_OUTER_BOUND('',#477,.T.);
#269=FACE_OUTER_BOUND('',#479,.T.);
#270=FACE_OUTER_BOUND('',#480,.T.);
#271=FACE_OUTER_BOUND('',#481,.T.);
#272=EDGE_LOOP('',(#2580,#2581,#2582,#2583));
#273=EDGE_LOOP('',(#2584,#2585,#2586,#2587));
#274=EDGE_LOOP('',(#2588,#2589,#2590,#2591));
#275=EDGE_LOOP('',(#2592,#2593,#2594,#2595));
#276=EDGE_LOOP('',(#2596,#2597,#2598,#2599));
#277=EDGE_LOOP('',(#2600,#2601,#2602,#2603));
#278=EDGE_LOOP('',(#2604,#2605,#2606,#2607));
#279=EDGE_LOOP('',(#2608,#2609,#2610,#2611,#2612,#2613,#2614,#2615,#2616,
#2617,#2618,#2619,#2620,#2621,#2622,#2623,#2624,#2625,#2626,#2627,#2628,
#2629,#2630,#2631,#2632,#2633,#2634,#2635,#2636,#2637,#2638,#2639,#2640,
#2641,#2642,#2643,#2644,#2645,#2646,#2647,#2648,#2649,#2650,#2651,#2652,
#2653,#2654,#2655,#2656,#2657,#2658,#2659,#2660,#2661,#2662,#2663,#2664,
#2665,#2666,#2667,#2668,#2669,#2670,#2671,#2672,#2673,#2674,#2675));
#280=EDGE_LOOP('',(#2676,#2677,#2678,#2679,#2680,#2681,#2682,#2683,#2684,
#2685,#2686,#2687,#2688,#2689,#2690,#2691,#2692,#2693,#2694,#2695,#2696,
#2697,#2698,#2699,#2700,#2701,#2702,#2703,#2704,#2705,#2706,#2707,#2708,
#2709,#2710,#2711,#2712,#2713,#2714,#2715,#2716,#2717,#2718,#2719,#2720,
#2721,#2722,#2723,#2724,#2725,#2726,#2727,#2728,#2729,#2730,#2731,#2732,
#2733,#2734,#2735,#2736,#2737,#2738,#2739,#2740,#2741,#2742,#2743));
#281=EDGE_LOOP('',(#2744,#2745,#2746,#2747,#2748,#2749,#2750,#2751));
#282=EDGE_LOOP('',(#2752,#2753,#2754,#2755));
#283=EDGE_LOOP('',(#2756,#2757,#2758,#2759,#2760,#2761,#2762,#2763));
#284=EDGE_LOOP('',(#2764,#2765,#2766,#2767,#2768,#2769));
#285=EDGE_LOOP('',(#2770,#2771,#2772,#2773));
#286=EDGE_LOOP('',(#2774,#2775,#2776,#2777));
#287=EDGE_LOOP('',(#2778,#2779,#2780,#2781));
#288=EDGE_LOOP('',(#2782,#2783,#2784,#2785));
#289=EDGE_LOOP('',(#2786,#2787,#2788,#2789));
#290=EDGE_LOOP('',(#2790,#2791,#2792,#2793));
#291=EDGE_LOOP('',(#2794,#2795,#2796,#2797));
#292=EDGE_LOOP('',(#2798,#2799,#2800,#2801));
#293=EDGE_LOOP('',(#2802,#2803,#2804,#2805));
#294=EDGE_LOOP('',(#2806,#2807,#2808,#2809));
#295=EDGE_LOOP('',(#2810,#2811,#2812,#2813));
#296=EDGE_LOOP('',(#2814,#2815,#2816,#2817));
#297=EDGE_LOOP('',(#2818,#2819,#2820,#2821));
#298=EDGE_LOOP('',(#2822,#2823,#2824,#2825));
#299=EDGE_LOOP('',(#2826,#2827,#2828,#2829));
#300=EDGE_LOOP('',(#2830,#2831,#2832,#2833));
#301=EDGE_LOOP('',(#2834,#2835,#2836,#2837));
#302=EDGE_LOOP('',(#2838,#2839,#2840,#2841));
#303=EDGE_LOOP('',(#2842,#2843,#2844,#2845));
#304=EDGE_LOOP('',(#2846,#2847,#2848,#2849));
#305=EDGE_LOOP('',(#2850,#2851,#2852,#2853));
#306=EDGE_LOOP('',(#2854,#2855,#2856,#2857));
#307=EDGE_LOOP('',(#2858,#2859,#2860,#2861));
#308=EDGE_LOOP('',(#2862,#2863,#2864,#2865));
#309=EDGE_LOOP('',(#2866,#2867,#2868,#2869));
#310=EDGE_LOOP('',(#2870,#2871,#2872,#2873));
#311=EDGE_LOOP('',(#2874,#2875,#2876,#2877));
#312=EDGE_LOOP('',(#2878,#2879,#2880,#2881));
#313=EDGE_LOOP('',(#2882,#2883,#2884,#2885));
#314=EDGE_LOOP('',(#2886,#2887,#2888,#2889));
#315=EDGE_LOOP('',(#2890,#2891,#2892,#2893));
#316=EDGE_LOOP('',(#2894,#2895,#2896,#2897));
#317=EDGE_LOOP('',(#2898,#2899,#2900,#2901));
#318=EDGE_LOOP('',(#2902,#2903,#2904,#2905));
#319=EDGE_LOOP('',(#2906,#2907,#2908,#2909));
#320=EDGE_LOOP('',(#2910,#2911,#2912,#2913));
#321=EDGE_LOOP('',(#2914,#2915,#2916,#2917));
#322=EDGE_LOOP('',(#2918,#2919,#2920,#2921));
#323=EDGE_LOOP('',(#2922,#2923,#2924,#2925));
#324=EDGE_LOOP('',(#2926,#2927,#2928,#2929,#2930,#2931));
#325=EDGE_LOOP('',(#2932,#2933,#2934,#2935,#2936));
#326=EDGE_LOOP('',(#2937,#2938,#2939,#2940));
#327=EDGE_LOOP('',(#2941,#2942,#2943,#2944,#2945));
#328=EDGE_LOOP('',(#2946,#2947,#2948,#2949));
#329=EDGE_LOOP('',(#2950,#2951,#2952,#2953));
#330=EDGE_LOOP('',(#2954,#2955,#2956,#2957,#2958,#2959,#2960,#2961));
#331=EDGE_LOOP('',(#2962,#2963,#2964,#2965));
#332=EDGE_LOOP('',(#2966,#2967,#2968,#2969,#2970,#2971,#2972,#2973));
#333=EDGE_LOOP('',(#2974,#2975,#2976,#2977,#2978,#2979));
#334=EDGE_LOOP('',(#2980,#2981,#2982,#2983));
#335=EDGE_LOOP('',(#2984,#2985,#2986,#2987,#2988,#2989));
#336=EDGE_LOOP('',(#2990,#2991,#2992,#2993));
#337=EDGE_LOOP('',(#2994,#2995,#2996,#2997));
#338=EDGE_LOOP('',(#2998,#2999,#3000,#3001,#3002,#3003,#3004,#3005));
#339=EDGE_LOOP('',(#3006,#3007,#3008,#3009));
#340=EDGE_LOOP('',(#3010,#3011,#3012,#3013,#3014,#3015,#3016,#3017));
#341=EDGE_LOOP('',(#3018,#3019,#3020,#3021,#3022,#3023));
#342=EDGE_LOOP('',(#3024,#3025,#3026,#3027));
#343=EDGE_LOOP('',(#3028,#3029,#3030,#3031,#3032,#3033));
#344=EDGE_LOOP('',(#3034,#3035,#3036,#3037));
#345=EDGE_LOOP('',(#3038,#3039,#3040,#3041));
#346=EDGE_LOOP('',(#3042,#3043,#3044,#3045,#3046,#3047,#3048,#3049));
#347=EDGE_LOOP('',(#3050,#3051,#3052,#3053));
#348=EDGE_LOOP('',(#3054,#3055,#3056,#3057,#3058,#3059,#3060,#3061));
#349=EDGE_LOOP('',(#3062,#3063,#3064,#3065,#3066,#3067));
#350=EDGE_LOOP('',(#3068,#3069,#3070,#3071,#3072,#3073,#3074,#3075));
#351=EDGE_LOOP('',(#3076,#3077,#3078,#3079));
#352=EDGE_LOOP('',(#3080,#3081,#3082,#3083,#3084,#3085,#3086,#3087));
#353=EDGE_LOOP('',(#3088,#3089,#3090,#3091,#3092,#3093));
#354=EDGE_LOOP('',(#3094,#3095,#3096,#3097,#3098,#3099,#3100,#3101));
#355=EDGE_LOOP('',(#3102,#3103,#3104,#3105));
#356=EDGE_LOOP('',(#3106,#3107,#3108,#3109,#3110,#3111,#3112,#3113));
#357=EDGE_LOOP('',(#3114,#3115,#3116,#3117,#3118,#3119));
#358=EDGE_LOOP('',(#3120,#3121,#3122,#3123,#3124,#3125,#3126,#3127));
#359=EDGE_LOOP('',(#3128,#3129,#3130,#3131));
#360=EDGE_LOOP('',(#3132,#3133,#3134,#3135,#3136,#3137,#3138,#3139));
#361=EDGE_LOOP('',(#3140,#3141,#3142,#3143,#3144,#3145));
#362=EDGE_LOOP('',(#3146,#3147,#3148,#3149,#3150,#3151,#3152,#3153));
#363=EDGE_LOOP('',(#3154,#3155,#3156,#3157));
#364=EDGE_LOOP('',(#3158,#3159,#3160,#3161,#3162,#3163,#3164,#3165));
#365=EDGE_LOOP('',(#3166,#3167,#3168,#3169,#3170,#3171));
#366=EDGE_LOOP('',(#3172,#3173,#3174,#3175,#3176,#3177,#3178,#3179));
#367=EDGE_LOOP('',(#3180,#3181,#3182,#3183));
#368=EDGE_LOOP('',(#3184,#3185,#3186,#3187,#3188,#3189,#3190,#3191));
#369=EDGE_LOOP('',(#3192,#3193,#3194,#3195,#3196,#3197));
#370=EDGE_LOOP('',(#3198,#3199,#3200,#3201,#3202,#3203,#3204,#3205));
#371=EDGE_LOOP('',(#3206,#3207,#3208,#3209));
#372=EDGE_LOOP('',(#3210,#3211,#3212,#3213,#3214,#3215,#3216,#3217));
#373=EDGE_LOOP('',(#3218,#3219,#3220,#3221,#3222,#3223));
#374=EDGE_LOOP('',(#3224,#3225,#3226,#3227));
#375=EDGE_LOOP('',(#3228,#3229,#3230,#3231,#3232,#3233));
#376=EDGE_LOOP('',(#3234,#3235,#3236,#3237));
#377=EDGE_LOOP('',(#3238,#3239,#3240,#3241,#3242,#3243));
#378=EDGE_LOOP('',(#3244,#3245,#3246,#3247));
#379=EDGE_LOOP('',(#3248,#3249,#3250,#3251,#3252,#3253));
#380=EDGE_LOOP('',(#3254,#3255,#3256,#3257));
#381=EDGE_LOOP('',(#3258,#3259,#3260,#3261,#3262,#3263));
#382=EDGE_LOOP('',(#3264,#3265,#3266,#3267));
#383=EDGE_LOOP('',(#3268,#3269,#3270,#3271,#3272,#3273));
#384=EDGE_LOOP('',(#3274,#3275,#3276,#3277));
#385=EDGE_LOOP('',(#3278,#3279,#3280,#3281,#3282,#3283));
#386=EDGE_LOOP('',(#3284,#3285,#3286,#3287));
#387=EDGE_LOOP('',(#3288,#3289,#3290,#3291,#3292,#3293));
#388=EDGE_LOOP('',(#3294,#3295,#3296,#3297));
#389=EDGE_LOOP('',(#3298,#3299,#3300,#3301));
#390=EDGE_LOOP('',(#3302,#3303,#3304,#3305));
#391=EDGE_LOOP('',(#3306,#3307,#3308,#3309));
#392=EDGE_LOOP('',(#3310,#3311,#3312,#3313));
#393=EDGE_LOOP('',(#3314,#3315,#3316,#3317));
#394=EDGE_LOOP('',(#3318,#3319,#3320,#3321));
#395=EDGE_LOOP('',(#3322,#3323,#3324,#3325));
#396=EDGE_LOOP('',(#3326,#3327,#3328,#3329));
#397=EDGE_LOOP('',(#3330,#3331,#3332,#3333));
#398=EDGE_LOOP('',(#3334,#3335,#3336,#3337));
#399=EDGE_LOOP('',(#3338,#3339,#3340,#3341));
#400=EDGE_LOOP('',(#3342,#3343,#3344,#3345));
#401=EDGE_LOOP('',(#3346,#3347,#3348,#3349));
#402=EDGE_LOOP('',(#3350,#3351,#3352,#3353,#3354,#3355,#3356,#3357));
#403=EDGE_LOOP('',(#3358,#3359,#3360,#3361));
#404=EDGE_LOOP('',(#3362,#3363,#3364,#3365,#3366,#3367,#3368,#3369));
#405=EDGE_LOOP('',(#3370,#3371,#3372,#3373,#3374,#3375));
#406=EDGE_LOOP('',(#3376,#3377,#3378,#3379));
#407=EDGE_LOOP('',(#3380,#3381,#3382,#3383,#3384,#3385));
#408=EDGE_LOOP('',(#3386,#3387,#3388,#3389));
#409=EDGE_LOOP('',(#3390,#3391,#3392,#3393));
#410=EDGE_LOOP('',(#3394,#3395,#3396,#3397,#3398,#3399,#3400,#3401));
#411=EDGE_LOOP('',(#3402,#3403,#3404,#3405));
#412=EDGE_LOOP('',(#3406,#3407,#3408,#3409,#3410,#3411,#3412,#3413));
#413=EDGE_LOOP('',(#3414,#3415,#3416,#3417,#3418,#3419));
#414=EDGE_LOOP('',(#3420,#3421,#3422,#3423));
#415=EDGE_LOOP('',(#3424,#3425,#3426,#3427,#3428,#3429));
#416=EDGE_LOOP('',(#3430,#3431,#3432,#3433));
#417=EDGE_LOOP('',(#3434,#3435,#3436,#3437));
#418=EDGE_LOOP('',(#3438,#3439,#3440,#3441,#3442,#3443,#3444,#3445));
#419=EDGE_LOOP('',(#3446,#3447,#3448,#3449));
#420=EDGE_LOOP('',(#3450,#3451,#3452,#3453,#3454,#3455,#3456,#3457));
#421=EDGE_LOOP('',(#3458,#3459,#3460,#3461,#3462,#3463));
#422=EDGE_LOOP('',(#3464,#3465,#3466,#3467));
#423=EDGE_LOOP('',(#3468,#3469,#3470,#3471,#3472,#3473));
#424=EDGE_LOOP('',(#3474,#3475,#3476,#3477));
#425=EDGE_LOOP('',(#3478,#3479,#3480,#3481));
#426=EDGE_LOOP('',(#3482,#3483,#3484,#3485,#3486,#3487,#3488,#3489));
#427=EDGE_LOOP('',(#3490,#3491,#3492,#3493));
#428=EDGE_LOOP('',(#3494,#3495,#3496,#3497,#3498,#3499,#3500,#3501));
#429=EDGE_LOOP('',(#3502,#3503,#3504,#3505,#3506,#3507));
#430=EDGE_LOOP('',(#3508,#3509,#3510,#3511));
#431=EDGE_LOOP('',(#3512,#3513,#3514,#3515,#3516,#3517));
#432=EDGE_LOOP('',(#3518,#3519,#3520,#3521));
#433=EDGE_LOOP('',(#3522,#3523,#3524,#3525));
#434=EDGE_LOOP('',(#3526,#3527,#3528,#3529,#3530,#3531,#3532,#3533));
#435=EDGE_LOOP('',(#3534,#3535,#3536,#3537));
#436=EDGE_LOOP('',(#3538,#3539,#3540,#3541,#3542,#3543,#3544,#3545));
#437=EDGE_LOOP('',(#3546,#3547,#3548,#3549,#3550,#3551));
#438=EDGE_LOOP('',(#3552,#3553,#3554,#3555));
#439=EDGE_LOOP('',(#3556,#3557,#3558,#3559,#3560,#3561));
#440=EDGE_LOOP('',(#3562,#3563,#3564,#3565));
#441=EDGE_LOOP('',(#3566,#3567,#3568,#3569));
#442=EDGE_LOOP('',(#3570,#3571,#3572,#3573,#3574,#3575,#3576,#3577));
#443=EDGE_LOOP('',(#3578,#3579,#3580,#3581));
#444=EDGE_LOOP('',(#3582,#3583,#3584,#3585,#3586,#3587,#3588,#3589));
#445=EDGE_LOOP('',(#3590,#3591,#3592,#3593,#3594,#3595));
#446=EDGE_LOOP('',(#3596,#3597,#3598,#3599));
#447=EDGE_LOOP('',(#3600,#3601,#3602,#3603,#3604,#3605));
#448=EDGE_LOOP('',(#3606,#3607,#3608,#3609));
#449=EDGE_LOOP('',(#3610,#3611,#3612,#3613));
#450=EDGE_LOOP('',(#3614,#3615,#3616,#3617,#3618,#3619,#3620,#3621));
#451=EDGE_LOOP('',(#3622,#3623,#3624,#3625));
#452=EDGE_LOOP('',(#3626,#3627,#3628,#3629,#3630,#3631,#3632,#3633));
#453=EDGE_LOOP('',(#3634,#3635,#3636,#3637,#3638,#3639));
#454=EDGE_LOOP('',(#3640,#3641,#3642,#3643));
#455=EDGE_LOOP('',(#3644,#3645,#3646,#3647,#3648,#3649));
#456=EDGE_LOOP('',(#3650,#3651,#3652,#3653));
#457=EDGE_LOOP('',(#3654,#3655,#3656,#3657));
#458=EDGE_LOOP('',(#3658,#3659,#3660,#3661));
#459=EDGE_LOOP('',(#3662,#3663,#3664,#3665));
#460=EDGE_LOOP('',(#3666,#3667,#3668,#3669));
#461=EDGE_LOOP('',(#3670,#3671,#3672,#3673));
#462=EDGE_LOOP('',(#3674,#3675,#3676,#3677,#3678,#3679));
#463=EDGE_LOOP('',(#3680,#3681,#3682,#3683));
#464=EDGE_LOOP('',(#3684,#3685,#3686,#3687));
#465=EDGE_LOOP('',(#3688,#3689,#3690,#3691));
#466=EDGE_LOOP('',(#3692,#3693,#3694,#3695));
#467=EDGE_LOOP('',(#3696,#3697,#3698,#3699));
#468=EDGE_LOOP('',(#3700,#3701,#3702,#3703,#3704,#3705));
#469=EDGE_LOOP('',(#3706,#3707,#3708,#3709));
#470=EDGE_LOOP('',(#3710,#3711,#3712,#3713));
#471=EDGE_LOOP('',(#3714,#3715,#3716,#3717));
#472=EDGE_LOOP('',(#3718,#3719,#3720,#3721));
#473=EDGE_LOOP('',(#3722,#3723,#3724,#3725));
#474=EDGE_LOOP('',(#3726,#3727,#3728,#3729));
#475=EDGE_LOOP('',(#3730,#3731,#3732,#3733,#3734));
#476=EDGE_LOOP('',(#3735,#3736,#3737,#3738));
#477=EDGE_LOOP('',(#3739,#3740,#3741,#3742,#3743));
#478=EDGE_LOOP('',(#3744,#3745,#3746,#3747));
#479=EDGE_LOOP('',(#3748,#3749,#3750,#3751));
#480=EDGE_LOOP('',(#3752,#3753,#3754,#3755));
#481=EDGE_LOOP('',(#3756,#3757,#3758,#3759));
#482=LINE('',#5643,#1040);
#483=LINE('',#5645,#1041);
#484=LINE('',#5647,#1042);
#485=LINE('',#5648,#1043);
#486=LINE('',#5652,#1044);
#487=LINE('',#5654,#1045);
#488=LINE('',#5656,#1046);
#489=LINE('',#5657,#1047);
#490=LINE('',#5661,#1048);
#491=LINE('',#5663,#1049);
#492=LINE('',#5665,#1050);
#493=LINE('',#5666,#1051);
#494=LINE('',#5668,#1052);
#495=LINE('',#5669,#1053);
#496=LINE('',#5673,#1054);
#497=LINE('',#5675,#1055);
#498=LINE('',#5677,#1056);
#499=LINE('',#5678,#1057);
#500=LINE('',#5682,#1058);
#501=LINE('',#5684,#1059);
#502=LINE('',#5686,#1060);
#503=LINE('',#5687,#1061);
#504=LINE('',#5691,#1062);
#505=LINE('',#5695,#1063);
#506=LINE('',#5699,#1064);
#507=LINE('',#5701,#1065);
#508=LINE('',#5702,#1066);
#509=LINE('',#5704,#1067);
#510=LINE('',#5706,#1068);
#511=LINE('',#5708,#1069);
#512=LINE('',#5710,#1070);
#513=LINE('',#5712,#1071);
#514=LINE('',#5714,#1072);
#515=LINE('',#5716,#1073);
#516=LINE('',#5718,#1074);
#517=LINE('',#5720,#1075);
#518=LINE('',#5722,#1076);
#519=LINE('',#5724,#1077);
#520=LINE('',#5726,#1078);
#521=LINE('',#5728,#1079);
#522=LINE('',#5730,#1080);
#523=LINE('',#5732,#1081);
#524=LINE('',#5734,#1082);
#525=LINE('',#5736,#1083);
#526=LINE('',#5738,#1084);
#527=LINE('',#5740,#1085);
#528=LINE('',#5742,#1086);
#529=LINE('',#5744,#1087);
#530=LINE('',#5746,#1088);
#531=LINE('',#5748,#1089);
#532=LINE('',#5750,#1090);
#533=LINE('',#5752,#1091);
#534=LINE('',#5754,#1092);
#535=LINE('',#5756,#1093);
#536=LINE('',#5758,#1094);
#537=LINE('',#5760,#1095);
#538=LINE('',#5762,#1096);
#539=LINE('',#5764,#1097);
#540=LINE('',#5766,#1098);
#541=LINE('',#5768,#1099);
#542=LINE('',#5770,#1100);
#543=LINE('',#5772,#1101);
#544=LINE('',#5774,#1102);
#545=LINE('',#5776,#1103);
#546=LINE('',#5778,#1104);
#547=LINE('',#5780,#1105);
#548=LINE('',#5782,#1106);
#549=LINE('',#5784,#1107);
#550=LINE('',#5786,#1108);
#551=LINE('',#5788,#1109);
#552=LINE('',#5790,#1110);
#553=LINE('',#5792,#1111);
#554=LINE('',#5794,#1112);
#555=LINE('',#5796,#1113);
#556=LINE('',#5798,#1114);
#557=LINE('',#5800,#1115);
#558=LINE('',#5802,#1116);
#559=LINE('',#5804,#1117);
#560=LINE('',#5806,#1118);
#561=LINE('',#5808,#1119);
#562=LINE('',#5810,#1120);
#563=LINE('',#5812,#1121);
#564=LINE('',#5814,#1122);
#565=LINE('',#5816,#1123);
#566=LINE('',#5818,#1124);
#567=LINE('',#5820,#1125);
#568=LINE('',#5822,#1126);
#569=LINE('',#5824,#1127);
#570=LINE('',#5826,#1128);
#571=LINE('',#5827,#1129);
#572=LINE('',#5830,#1130);
#573=LINE('',#5832,#1131);
#574=LINE('',#5833,#1132);
#575=LINE('',#5835,#1133);
#576=LINE('',#5837,#1134);
#577=LINE('',#5839,#1135);
#578=LINE('',#5841,#1136);
#579=LINE('',#5843,#1137);
#580=LINE('',#5845,#1138);
#581=LINE('',#5847,#1139);
#582=LINE('',#5849,#1140);
#583=LINE('',#5851,#1141);
#584=LINE('',#5853,#1142);
#585=LINE('',#5855,#1143);
#586=LINE('',#5857,#1144);
#587=LINE('',#5859,#1145);
#588=LINE('',#5861,#1146);
#589=LINE('',#5863,#1147);
#590=LINE('',#5865,#1148);
#591=LINE('',#5867,#1149);
#592=LINE('',#5869,#1150);
#593=LINE('',#5871,#1151);
#594=LINE('',#5873,#1152);
#595=LINE('',#5875,#1153);
#596=LINE('',#5877,#1154);
#597=LINE('',#5879,#1155);
#598=LINE('',#5881,#1156);
#599=LINE('',#5883,#1157);
#600=LINE('',#5885,#1158);
#601=LINE('',#5887,#1159);
#602=LINE('',#5889,#1160);
#603=LINE('',#5891,#1161);
#604=LINE('',#5893,#1162);
#605=LINE('',#5895,#1163);
#606=LINE('',#5897,#1164);
#607=LINE('',#5899,#1165);
#608=LINE('',#5901,#1166);
#609=LINE('',#5903,#1167);
#610=LINE('',#5905,#1168);
#611=LINE('',#5907,#1169);
#612=LINE('',#5909,#1170);
#613=LINE('',#5911,#1171);
#614=LINE('',#5913,#1172);
#615=LINE('',#5915,#1173);
#616=LINE('',#5917,#1174);
#617=LINE('',#5919,#1175);
#618=LINE('',#5921,#1176);
#619=LINE('',#5923,#1177);
#620=LINE('',#5925,#1178);
#621=LINE('',#5927,#1179);
#622=LINE('',#5929,#1180);
#623=LINE('',#5931,#1181);
#624=LINE('',#5933,#1182);
#625=LINE('',#5935,#1183);
#626=LINE('',#5937,#1184);
#627=LINE('',#5939,#1185);
#628=LINE('',#5941,#1186);
#629=LINE('',#5943,#1187);
#630=LINE('',#5945,#1188);
#631=LINE('',#5947,#1189);
#632=LINE('',#5949,#1190);
#633=LINE('',#5951,#1191);
#634=LINE('',#5953,#1192);
#635=LINE('',#5955,#1193);
#636=LINE('',#5957,#1194);
#637=LINE('',#5958,#1195);
#638=LINE('',#5961,#1196);
#639=LINE('',#5963,#1197);
#640=LINE('',#5965,#1198);
#641=LINE('',#5967,#1199);
#642=LINE('',#5969,#1200);
#643=LINE('',#5971,#1201);
#644=LINE('',#5973,#1202);
#645=LINE('',#5974,#1203);
#646=LINE('',#5977,#1204);
#647=LINE('',#5979,#1205);
#648=LINE('',#5981,#1206);
#649=LINE('',#5982,#1207);
#650=LINE('',#5985,#1208);
#651=LINE('',#5987,#1209);
#652=LINE('',#5989,#1210);
#653=LINE('',#5991,#1211);
#654=LINE('',#5992,#1212);
#655=LINE('',#5994,#1213);
#656=LINE('',#5995,#1214);
#657=LINE('',#5998,#1215);
#658=LINE('',#6000,#1216);
#659=LINE('',#6002,#1217);
#660=LINE('',#6004,#1218);
#661=LINE('',#6006,#1219);
#662=LINE('',#6007,#1220);
#663=LINE('',#6009,#1221);
#664=LINE('',#6010,#1222);
#665=LINE('',#6014,#1223);
#666=LINE('',#6018,#1224);
#667=LINE('',#6021,#1225);
#668=LINE('',#6022,#1226);
#669=LINE('',#6026,#1227);
#670=LINE('',#6030,#1228);
#671=LINE('',#6033,#1229);
#672=LINE('',#6034,#1230);
#673=LINE('',#6038,#1231);
#674=LINE('',#6042,#1232);
#675=LINE('',#6045,#1233);
#676=LINE('',#6046,#1234);
#677=LINE('',#6050,#1235);
#678=LINE('',#6054,#1236);
#679=LINE('',#6057,#1237);
#680=LINE('',#6058,#1238);
#681=LINE('',#6062,#1239);
#682=LINE('',#6066,#1240);
#683=LINE('',#6069,#1241);
#684=LINE('',#6070,#1242);
#685=LINE('',#6074,#1243);
#686=LINE('',#6078,#1244);
#687=LINE('',#6085,#1245);
#688=LINE('',#6088,#1246);
#689=LINE('',#6094,#1247);
#690=LINE('',#6097,#1248);
#691=LINE('',#6103,#1249);
#692=LINE('',#6106,#1250);
#693=LINE('',#6112,#1251);
#694=LINE('',#6115,#1252);
#695=LINE('',#6121,#1253);
#696=LINE('',#6124,#1254);
#697=LINE('',#6130,#1255);
#698=LINE('',#6133,#1256);
#699=LINE('',#6139,#1257);
#700=LINE('',#6142,#1258);
#701=LINE('',#6144,#1259);
#702=LINE('',#6145,#1260);
#703=LINE('',#6149,#1261);
#704=LINE('',#6153,#1262);
#705=LINE('',#6160,#1263);
#706=LINE('',#6163,#1264);
#707=LINE('',#6165,#1265);
#708=LINE('',#6166,#1266);
#709=LINE('',#6168,#1267);
#710=LINE('',#6169,#1268);
#711=LINE('',#6171,#1269);
#712=LINE('',#6172,#1270);
#713=LINE('',#6174,#1271);
#714=LINE('',#6175,#1272);
#715=LINE('',#6177,#1273);
#716=LINE('',#6178,#1274);
#717=LINE('',#6180,#1275);
#718=LINE('',#6181,#1276);
#719=LINE('',#6183,#1277);
#720=LINE('',#6184,#1278);
#721=LINE('',#6186,#1279);
#722=LINE('',#6187,#1280);
#723=LINE('',#6189,#1281);
#724=LINE('',#6192,#1282);
#725=LINE('',#6195,#1283);
#726=LINE('',#6197,#1284);
#727=LINE('',#6198,#1285);
#728=LINE('',#6201,#1286);
#729=LINE('',#6202,#1287);
#730=LINE('',#6205,#1288);
#731=LINE('',#6206,#1289);
#732=LINE('',#6209,#1290);
#733=LINE('',#6210,#1291);
#734=LINE('',#6213,#1292);
#735=LINE('',#6214,#1293);
#736=LINE('',#6216,#1294);
#737=LINE('',#6219,#1295);
#738=LINE('',#6223,#1296);
#739=LINE('',#6225,#1297);
#740=LINE('',#6227,#1298);
#741=LINE('',#6228,#1299);
#742=LINE('',#6230,#1300);
#743=LINE('',#6232,#1301);
#744=LINE('',#6233,#1302);
#745=LINE('',#6236,#1303);
#746=LINE('',#6237,#1304);
#747=LINE('',#6239,#1305);
#748=LINE('',#6242,#1306);
#749=LINE('',#6244,#1307);
#750=LINE('',#6246,#1308);
#751=LINE('',#6248,#1309);
#752=LINE('',#6249,#1310);
#753=LINE('',#6252,#1311);
#754=LINE('',#6253,#1312);
#755=LINE('',#6256,#1313);
#756=LINE('',#6258,#1314);
#757=LINE('',#6260,#1315);
#758=LINE('',#6261,#1316);
#759=LINE('',#6263,#1317);
#760=LINE('',#6264,#1318);
#761=LINE('',#6266,#1319);
#762=LINE('',#6268,#1320);
#763=LINE('',#6269,#1321);
#764=LINE('',#6274,#1322);
#765=LINE('',#6276,#1323);
#766=LINE('',#6278,#1324);
#767=LINE('',#6280,#1325);
#768=LINE('',#6281,#1326);
#769=LINE('',#6284,#1327);
#770=LINE('',#6285,#1328);
#771=LINE('',#6288,#1329);
#772=LINE('',#6290,#1330);
#773=LINE('',#6292,#1331);
#774=LINE('',#6293,#1332);
#775=LINE('',#6295,#1333);
#776=LINE('',#6296,#1334);
#777=LINE('',#6298,#1335);
#778=LINE('',#6300,#1336);
#779=LINE('',#6301,#1337);
#780=LINE('',#6306,#1338);
#781=LINE('',#6308,#1339);
#782=LINE('',#6310,#1340);
#783=LINE('',#6312,#1341);
#784=LINE('',#6313,#1342);
#785=LINE('',#6316,#1343);
#786=LINE('',#6317,#1344);
#787=LINE('',#6320,#1345);
#788=LINE('',#6322,#1346);
#789=LINE('',#6324,#1347);
#790=LINE('',#6325,#1348);
#791=LINE('',#6327,#1349);
#792=LINE('',#6328,#1350);
#793=LINE('',#6331,#1351);
#794=LINE('',#6333,#1352);
#795=LINE('',#6335,#1353);
#796=LINE('',#6337,#1354);
#797=LINE('',#6338,#1355);
#798=LINE('',#6341,#1356);
#799=LINE('',#6342,#1357);
#800=LINE('',#6345,#1358);
#801=LINE('',#6347,#1359);
#802=LINE('',#6349,#1360);
#803=LINE('',#6350,#1361);
#804=LINE('',#6352,#1362);
#805=LINE('',#6353,#1363);
#806=LINE('',#6356,#1364);
#807=LINE('',#6358,#1365);
#808=LINE('',#6360,#1366);
#809=LINE('',#6362,#1367);
#810=LINE('',#6363,#1368);
#811=LINE('',#6366,#1369);
#812=LINE('',#6367,#1370);
#813=LINE('',#6370,#1371);
#814=LINE('',#6372,#1372);
#815=LINE('',#6374,#1373);
#816=LINE('',#6375,#1374);
#817=LINE('',#6377,#1375);
#818=LINE('',#6378,#1376);
#819=LINE('',#6381,#1377);
#820=LINE('',#6383,#1378);
#821=LINE('',#6385,#1379);
#822=LINE('',#6387,#1380);
#823=LINE('',#6388,#1381);
#824=LINE('',#6391,#1382);
#825=LINE('',#6392,#1383);
#826=LINE('',#6395,#1384);
#827=LINE('',#6397,#1385);
#828=LINE('',#6399,#1386);
#829=LINE('',#6400,#1387);
#830=LINE('',#6402,#1388);
#831=LINE('',#6403,#1389);
#832=LINE('',#6406,#1390);
#833=LINE('',#6408,#1391);
#834=LINE('',#6410,#1392);
#835=LINE('',#6412,#1393);
#836=LINE('',#6413,#1394);
#837=LINE('',#6416,#1395);
#838=LINE('',#6417,#1396);
#839=LINE('',#6420,#1397);
#840=LINE('',#6422,#1398);
#841=LINE('',#6424,#1399);
#842=LINE('',#6425,#1400);
#843=LINE('',#6427,#1401);
#844=LINE('',#6428,#1402);
#845=LINE('',#6431,#1403);
#846=LINE('',#6433,#1404);
#847=LINE('',#6435,#1405);
#848=LINE('',#6437,#1406);
#849=LINE('',#6438,#1407);
#850=LINE('',#6441,#1408);
#851=LINE('',#6442,#1409);
#852=LINE('',#6445,#1410);
#853=LINE('',#6447,#1411);
#854=LINE('',#6449,#1412);
#855=LINE('',#6450,#1413);
#856=LINE('',#6452,#1414);
#857=LINE('',#6453,#1415);
#858=LINE('',#6456,#1416);
#859=LINE('',#6458,#1417);
#860=LINE('',#6460,#1418);
#861=LINE('',#6462,#1419);
#862=LINE('',#6463,#1420);
#863=LINE('',#6466,#1421);
#864=LINE('',#6467,#1422);
#865=LINE('',#6470,#1423);
#866=LINE('',#6472,#1424);
#867=LINE('',#6474,#1425);
#868=LINE('',#6475,#1426);
#869=LINE('',#6477,#1427);
#870=LINE('',#6478,#1428);
#871=LINE('',#6480,#1429);
#872=LINE('',#6482,#1430);
#873=LINE('',#6483,#1431);
#874=LINE('',#6485,#1432);
#875=LINE('',#6487,#1433);
#876=LINE('',#6488,#1434);
#877=LINE('',#6490,#1435);
#878=LINE('',#6492,#1436);
#879=LINE('',#6493,#1437);
#880=LINE('',#6495,#1438);
#881=LINE('',#6497,#1439);
#882=LINE('',#6498,#1440);
#883=LINE('',#6500,#1441);
#884=LINE('',#6502,#1442);
#885=LINE('',#6503,#1443);
#886=LINE('',#6505,#1444);
#887=LINE('',#6507,#1445);
#888=LINE('',#6508,#1446);
#889=LINE('',#6510,#1447);
#890=LINE('',#6512,#1448);
#891=LINE('',#6513,#1449);
#892=LINE('',#6530,#1450);
#893=LINE('',#6532,#1451);
#894=LINE('',#6534,#1452);
#895=LINE('',#6536,#1453);
#896=LINE('',#6537,#1454);
#897=LINE('',#6540,#1455);
#898=LINE('',#6541,#1456);
#899=LINE('',#6544,#1457);
#900=LINE('',#6546,#1458);
#901=LINE('',#6548,#1459);
#902=LINE('',#6549,#1460);
#903=LINE('',#6551,#1461);
#904=LINE('',#6552,#1462);
#905=LINE('',#6554,#1463);
#906=LINE('',#6556,#1464);
#907=LINE('',#6557,#1465);
#908=LINE('',#6562,#1466);
#909=LINE('',#6564,#1467);
#910=LINE('',#6566,#1468);
#911=LINE('',#6568,#1469);
#912=LINE('',#6569,#1470);
#913=LINE('',#6572,#1471);
#914=LINE('',#6573,#1472);
#915=LINE('',#6576,#1473);
#916=LINE('',#6578,#1474);
#917=LINE('',#6580,#1475);
#918=LINE('',#6581,#1476);
#919=LINE('',#6583,#1477);
#920=LINE('',#6584,#1478);
#921=LINE('',#6586,#1479);
#922=LINE('',#6588,#1480);
#923=LINE('',#6589,#1481);
#924=LINE('',#6594,#1482);
#925=LINE('',#6596,#1483);
#926=LINE('',#6598,#1484);
#927=LINE('',#6600,#1485);
#928=LINE('',#6601,#1486);
#929=LINE('',#6604,#1487);
#930=LINE('',#6605,#1488);
#931=LINE('',#6608,#1489);
#932=LINE('',#6610,#1490);
#933=LINE('',#6612,#1491);
#934=LINE('',#6613,#1492);
#935=LINE('',#6615,#1493);
#936=LINE('',#6616,#1494);
#937=LINE('',#6618,#1495);
#938=LINE('',#6620,#1496);
#939=LINE('',#6621,#1497);
#940=LINE('',#6626,#1498);
#941=LINE('',#6628,#1499);
#942=LINE('',#6630,#1500);
#943=LINE('',#6632,#1501);
#944=LINE('',#6633,#1502);
#945=LINE('',#6636,#1503);
#946=LINE('',#6637,#1504);
#947=LINE('',#6640,#1505);
#948=LINE('',#6642,#1506);
#949=LINE('',#6644,#1507);
#950=LINE('',#6645,#1508);
#951=LINE('',#6647,#1509);
#952=LINE('',#6648,#1510);
#953=LINE('',#6650,#1511);
#954=LINE('',#6652,#1512);
#955=LINE('',#6653,#1513);
#956=LINE('',#6658,#1514);
#957=LINE('',#6660,#1515);
#958=LINE('',#6662,#1516);
#959=LINE('',#6664,#1517);
#960=LINE('',#6665,#1518);
#961=LINE('',#6668,#1519);
#962=LINE('',#6669,#1520);
#963=LINE('',#6672,#1521);
#964=LINE('',#6674,#1522);
#965=LINE('',#6676,#1523);
#966=LINE('',#6677,#1524);
#967=LINE('',#6679,#1525);
#968=LINE('',#6680,#1526);
#969=LINE('',#6682,#1527);
#970=LINE('',#6684,#1528);
#971=LINE('',#6685,#1529);
#972=LINE('',#6690,#1530);
#973=LINE('',#6692,#1531);
#974=LINE('',#6694,#1532);
#975=LINE('',#6696,#1533);
#976=LINE('',#6697,#1534);
#977=LINE('',#6700,#1535);
#978=LINE('',#6701,#1536);
#979=LINE('',#6704,#1537);
#980=LINE('',#6706,#1538);
#981=LINE('',#6708,#1539);
#982=LINE('',#6709,#1540);
#983=LINE('',#6711,#1541);
#984=LINE('',#6712,#1542);
#985=LINE('',#6714,#1543);
#986=LINE('',#6716,#1544);
#987=LINE('',#6717,#1545);
#988=LINE('',#6722,#1546);
#989=LINE('',#6724,#1547);
#990=LINE('',#6726,#1548);
#991=LINE('',#6728,#1549);
#992=LINE('',#6729,#1550);
#993=LINE('',#6732,#1551);
#994=LINE('',#6733,#1552);
#995=LINE('',#6736,#1553);
#996=LINE('',#6738,#1554);
#997=LINE('',#6740,#1555);
#998=LINE('',#6741,#1556);
#999=LINE('',#6743,#1557);
#1000=LINE('',#6744,#1558);
#1001=LINE('',#6746,#1559);
#1002=LINE('',#6748,#1560);
#1003=LINE('',#6749,#1561);
#1004=LINE('',#6753,#1562);
#1005=LINE('',#6754,#1563);
#1006=LINE('',#6757,#1564);
#1007=LINE('',#6759,#1565);
#1008=LINE('',#6760,#1566);
#1009=LINE('',#6763,#1567);
#1010=LINE('',#6764,#1568);
#1011=LINE('',#6767,#1569);
#1012=LINE('',#6768,#1570);
#1013=LINE('',#6770,#1571);
#1014=LINE('',#6773,#1572);
#1015=LINE('',#6774,#1573);
#1016=LINE('',#6777,#1574);
#1017=LINE('',#6779,#1575);
#1018=LINE('',#6780,#1576);
#1019=LINE('',#6783,#1577);
#1020=LINE('',#6784,#1578);
#1021=LINE('',#6787,#1579);
#1022=LINE('',#6788,#1580);
#1023=LINE('',#6790,#1581);
#1024=LINE('',#6794,#1582);
#1025=LINE('',#6796,#1583);
#1026=LINE('',#6797,#1584);
#1027=LINE('',#6800,#1585);
#1028=LINE('',#6801,#1586);
#1029=LINE('',#6804,#1587);
#1030=LINE('',#6805,#1588);
#1031=LINE('',#6807,#1589);
#1032=LINE('',#6811,#1590);
#1033=LINE('',#6813,#1591);
#1034=LINE('',#6814,#1592);
#1035=LINE('',#6817,#1593);
#1036=LINE('',#6819,#1594);
#1037=LINE('',#6820,#1595);
#1038=LINE('',#6822,#1596);
#1039=LINE('',#6824,#1597);
#1040=VECTOR('',#4611,0.2);
#1041=VECTOR('',#4612,0.600000000000001);
#1042=VECTOR('',#4613,0.2);
#1043=VECTOR('',#4614,0.6);
#1044=VECTOR('',#4617,0.6);
#1045=VECTOR('',#4618,0.2);
#1046=VECTOR('',#4619,0.6);
#1047=VECTOR('',#4620,0.2);
#1048=VECTOR('',#4623,0.539999999999998);
#1049=VECTOR('',#4624,0.799999999999998);
#1050=VECTOR('',#4625,0.539999999999998);
#1051=VECTOR('',#4626,0.799999999999998);
#1052=VECTOR('',#4629,0.599999999999999);
#1053=VECTOR('',#4630,0.600000000000001);
#1054=VECTOR('',#4633,1.2);
#1055=VECTOR('',#4634,0.469999999999999);
#1056=VECTOR('',#4635,1.2);
#1057=VECTOR('',#4636,0.469999999999999);
#1058=VECTOR('',#4639,14.52);
#1059=VECTOR('',#4640,1.2);
#1060=VECTOR('',#4641,14.52);
#1061=VECTOR('',#4642,1.2);
#1062=VECTOR('',#4645,1.16);
#1063=VECTOR('',#4648,1.16);
#1064=VECTOR('',#4653,1.);
#1065=VECTOR('',#4654,0.800000000000001);
#1066=VECTOR('',#4655,1.);
#1067=VECTOR('',#4656,15.);
#1068=VECTOR('',#4657,14.52);
#1069=VECTOR('',#4658,1.);
#1070=VECTOR('',#4659,0.800000000000001);
#1071=VECTOR('',#4660,1.);
#1072=VECTOR('',#4661,0.469999999999999);
#1073=VECTOR('',#4662,1.);
#1074=VECTOR('',#4663,0.800000000000002);
#1075=VECTOR('',#4664,1.);
#1076=VECTOR('',#4665,0.469999999999999);
#1077=VECTOR('',#4666,1.);
#1078=VECTOR('',#4667,0.799999999999998);
#1079=VECTOR('',#4668,1.);
#1080=VECTOR('',#4669,0.470000000000002);
#1081=VECTOR('',#4670,1.);
#1082=VECTOR('',#4671,0.8);
#1083=VECTOR('',#4672,1.);
#1084=VECTOR('',#4673,0.47);
#1085=VECTOR('',#4674,1.);
#1086=VECTOR('',#4675,0.8);
#1087=VECTOR('',#4676,1.);
#1088=VECTOR('',#4677,0.469999999999998);
#1089=VECTOR('',#4678,1.);
#1090=VECTOR('',#4679,0.800000000000001);
#1091=VECTOR('',#4680,1.);
#1092=VECTOR('',#4681,0.47);
#1093=VECTOR('',#4682,1.);
#1094=VECTOR('',#4683,0.8);
#1095=VECTOR('',#4684,1.);
#1096=VECTOR('',#4685,0.47);
#1097=VECTOR('',#4686,1.);
#1098=VECTOR('',#4687,0.8);
#1099=VECTOR('',#4688,1.);
#1100=VECTOR('',#4689,2.29);
#1101=VECTOR('',#4690,15.);
#1102=VECTOR('',#4691,2.29);
#1103=VECTOR('',#4692,1.);
#1104=VECTOR('',#4693,0.8);
#1105=VECTOR('',#4694,1.);
#1106=VECTOR('',#4695,0.47);
#1107=VECTOR('',#4696,1.);
#1108=VECTOR('',#4697,0.8);
#1109=VECTOR('',#4698,1.);
#1110=VECTOR('',#4699,0.47);
#1111=VECTOR('',#4700,1.);
#1112=VECTOR('',#4701,0.800000000000001);
#1113=VECTOR('',#4702,1.);
#1114=VECTOR('',#4703,0.469999999999998);
#1115=VECTOR('',#4704,1.);
#1116=VECTOR('',#4705,0.8);
#1117=VECTOR('',#4706,1.);
#1118=VECTOR('',#4707,0.47);
#1119=VECTOR('',#4708,1.);
#1120=VECTOR('',#4709,0.8);
#1121=VECTOR('',#4710,1.);
#1122=VECTOR('',#4711,0.470000000000002);
#1123=VECTOR('',#4712,1.);
#1124=VECTOR('',#4713,0.799999999999998);
#1125=VECTOR('',#4714,1.);
#1126=VECTOR('',#4715,0.469999999999999);
#1127=VECTOR('',#4716,1.);
#1128=VECTOR('',#4717,0.800000000000002);
#1129=VECTOR('',#4718,1.);
#1130=VECTOR('',#4721,0.5);
#1131=VECTOR('',#4722,0.800000000000001);
#1132=VECTOR('',#4723,0.5);
#1133=VECTOR('',#4724,0.5);
#1134=VECTOR('',#4725,0.800000000000002);
#1135=VECTOR('',#4726,0.5);
#1136=VECTOR('',#4727,0.469999999999999);
#1137=VECTOR('',#4728,0.5);
#1138=VECTOR('',#4729,0.799999999999998);
#1139=VECTOR('',#4730,0.5);
#1140=VECTOR('',#4731,0.469999999999999);
#1141=VECTOR('',#4732,0.5);
#1142=VECTOR('',#4733,0.8);
#1143=VECTOR('',#4734,0.5);
#1144=VECTOR('',#4735,0.47);
#1145=VECTOR('',#4736,0.5);
#1146=VECTOR('',#4737,0.8);
#1147=VECTOR('',#4738,0.5);
#1148=VECTOR('',#4739,0.469999999999999);
#1149=VECTOR('',#4740,0.5);
#1150=VECTOR('',#4741,0.8);
#1151=VECTOR('',#4742,0.5);
#1152=VECTOR('',#4743,0.47);
#1153=VECTOR('',#4744,0.5);
#1154=VECTOR('',#4745,0.799999999999999);
#1155=VECTOR('',#4746,0.5);
#1156=VECTOR('',#4747,0.469999999999999);
#1157=VECTOR('',#4748,0.5);
#1158=VECTOR('',#4749,0.8);
#1159=VECTOR('',#4750,0.5);
#1160=VECTOR('',#4751,2.29);
#1161=VECTOR('',#4752,15.);
#1162=VECTOR('',#4753,2.29);
#1163=VECTOR('',#4754,0.5);
#1164=VECTOR('',#4755,0.8);
#1165=VECTOR('',#4756,0.5);
#1166=VECTOR('',#4757,0.469999999999999);
#1167=VECTOR('',#4758,0.5);
#1168=VECTOR('',#4759,0.799999999999999);
#1169=VECTOR('',#4760,0.5);
#1170=VECTOR('',#4761,0.47);
#1171=VECTOR('',#4762,0.5);
#1172=VECTOR('',#4763,0.8);
#1173=VECTOR('',#4764,0.5);
#1174=VECTOR('',#4765,0.469999999999999);
#1175=VECTOR('',#4766,0.5);
#1176=VECTOR('',#4767,0.8);
#1177=VECTOR('',#4768,0.5);
#1178=VECTOR('',#4769,0.47);
#1179=VECTOR('',#4770,0.5);
#1180=VECTOR('',#4771,0.8);
#1181=VECTOR('',#4772,0.5);
#1182=VECTOR('',#4773,0.469999999999999);
#1183=VECTOR('',#4774,0.5);
#1184=VECTOR('',#4775,0.799999999999998);
#1185=VECTOR('',#4776,0.5);
#1186=VECTOR('',#4777,0.469999999999999);
#1187=VECTOR('',#4778,0.5);
#1188=VECTOR('',#4779,0.800000000000002);
#1189=VECTOR('',#4780,0.5);
#1190=VECTOR('',#4781,0.469999999999999);
#1191=VECTOR('',#4782,0.5);
#1192=VECTOR('',#4783,0.800000000000001);
#1193=VECTOR('',#4784,0.5);
#1194=VECTOR('',#4785,14.52);
#1195=VECTOR('',#4786,15.);
#1196=VECTOR('',#4787,0.734999999999999);
#1197=VECTOR('',#4788,0.600000000000006);
#1198=VECTOR('',#4789,0.203699999999998);
#1199=VECTOR('',#4790,0.00139999999999918);
#1200=VECTOR('',#4791,0.200000000000002);
#1201=VECTOR('',#4792,0.00139999999999918);
#1202=VECTOR('',#4793,0.331299999999999);
#1203=VECTOR('',#4794,0.600000000000006);
#1204=VECTOR('',#4795,0.600000000000006);
#1205=VECTOR('',#4796,0.600000000000009);
#1206=VECTOR('',#4797,0.600000000000006);
#1207=VECTOR('',#4798,0.600000000000009);
#1208=VECTOR('',#4799,0.600000000000006);
#1209=VECTOR('',#4800,0.600000000000009);
#1210=VECTOR('',#4801,0.600000000000006);
#1211=VECTOR('',#4802,0.277400000000003);
#1212=VECTOR('',#4803,0.00139999999999918);
#1213=VECTOR('',#4804,0.00139999999999918);
#1214=VECTOR('',#4805,0.122600000000006);
#1215=VECTOR('',#4806,13.);
#1216=VECTOR('',#4807,14.7);
#1217=VECTOR('',#4808,5.5);
#1218=VECTOR('',#4809,4.5);
#1219=VECTOR('',#4810,7.5);
#1220=VECTOR('',#4811,19.2);
#1221=VECTOR('',#4814,1.2);
#1222=VECTOR('',#4815,1.2);
#1223=VECTOR('',#4818,1.16);
#1224=VECTOR('',#4821,1.16);
#1225=VECTOR('',#4826,1.2);
#1226=VECTOR('',#4827,1.2);
#1227=VECTOR('',#4830,1.16);
#1228=VECTOR('',#4833,1.16);
#1229=VECTOR('',#4838,1.2);
#1230=VECTOR('',#4839,1.2);
#1231=VECTOR('',#4842,1.16);
#1232=VECTOR('',#4845,1.16);
#1233=VECTOR('',#4850,1.2);
#1234=VECTOR('',#4851,1.2);
#1235=VECTOR('',#4854,1.16);
#1236=VECTOR('',#4857,1.16);
#1237=VECTOR('',#4862,1.2);
#1238=VECTOR('',#4863,1.2);
#1239=VECTOR('',#4866,1.16);
#1240=VECTOR('',#4869,1.16);
#1241=VECTOR('',#4874,1.2);
#1242=VECTOR('',#4875,1.2);
#1243=VECTOR('',#4878,1.16);
#1244=VECTOR('',#4881,1.16);
#1245=VECTOR('',#4888,1.16);
#1246=VECTOR('',#4891,1.16);
#1247=VECTOR('',#4896,1.16);
#1248=VECTOR('',#4899,1.16);
#1249=VECTOR('',#4904,1.16);
#1250=VECTOR('',#4907,1.16);
#1251=VECTOR('',#4912,1.16);
#1252=VECTOR('',#4915,1.16);
#1253=VECTOR('',#4920,1.16);
#1254=VECTOR('',#4923,1.16);
#1255=VECTOR('',#4928,1.16);
#1256=VECTOR('',#4931,1.16);
#1257=VECTOR('',#4936,1.16);
#1258=VECTOR('',#4939,1.16);
#1259=VECTOR('',#4942,1.2);
#1260=VECTOR('',#4943,1.2);
#1261=VECTOR('',#4946,1.16);
#1262=VECTOR('',#4949,1.16);
#1263=VECTOR('',#4956,1.16);
#1264=VECTOR('',#4959,1.16);
#1265=VECTOR('',#4962,1.2);
#1266=VECTOR('',#4963,1.2);
#1267=VECTOR('',#4966,1.2);
#1268=VECTOR('',#4967,1.2);
#1269=VECTOR('',#4970,1.2);
#1270=VECTOR('',#4971,1.2);
#1271=VECTOR('',#4974,1.2);
#1272=VECTOR('',#4975,1.2);
#1273=VECTOR('',#4978,1.2);
#1274=VECTOR('',#4979,1.2);
#1275=VECTOR('',#4982,1.2);
#1276=VECTOR('',#4983,1.2);
#1277=VECTOR('',#4986,1.2);
#1278=VECTOR('',#4987,1.2);
#1279=VECTOR('',#4990,1.2);
#1280=VECTOR('',#4991,1.2);
#1281=VECTOR('',#4994,1.2);
#1282=VECTOR('',#4999,1.2);
#1283=VECTOR('',#5002,1.6);
#1284=VECTOR('',#5003,13.);
#1285=VECTOR('',#5004,1.6);
#1286=VECTOR('',#5007,1.6);
#1287=VECTOR('',#5008,19.2);
#1288=VECTOR('',#5011,1.6);
#1289=VECTOR('',#5012,7.5);
#1290=VECTOR('',#5015,1.6);
#1291=VECTOR('',#5016,4.5);
#1292=VECTOR('',#5019,1.6);
#1293=VECTOR('',#5020,5.5);
#1294=VECTOR('',#5023,14.7);
#1295=VECTOR('',#5028,0.598600000000001);
#1296=VECTOR('',#5031,0.600000000000001);
#1297=VECTOR('',#5032,0.200000000000002);
#1298=VECTOR('',#5033,0.6);
#1299=VECTOR('',#5034,0.200000000000002);
#1300=VECTOR('',#5037,0.598600000000001);
#1301=VECTOR('',#5038,0.6);
#1302=VECTOR('',#5039,0.600000000000001);
#1303=VECTOR('',#5042,0.6);
#1304=VECTOR('',#5043,0.200000000000002);
#1305=VECTOR('',#5046,0.599999999999998);
#1306=VECTOR('',#5049,0.02);
#1307=VECTOR('',#5050,0.99);
#1308=VECTOR('',#5051,1.16);
#1309=VECTOR('',#5052,0.49);
#1310=VECTOR('',#5053,0.0200000000000002);
#1311=VECTOR('',#5056,0.8);
#1312=VECTOR('',#5057,0.0200000000000002);
#1313=VECTOR('',#5060,0.49);
#1314=VECTOR('',#5061,1.16);
#1315=VECTOR('',#5062,0.99);
#1316=VECTOR('',#5063,0.02);
#1317=VECTOR('',#5066,0.075153882584385);
#1318=VECTOR('',#5067,0.0751538825843848);
#1319=VECTOR('',#5070,0.8);
#1320=VECTOR('',#5073,0.0751538825843842);
#1321=VECTOR('',#5074,0.075153882584385);
#1322=VECTOR('',#5081,0.0200000000000002);
#1323=VECTOR('',#5082,0.02);
#1324=VECTOR('',#5083,0.99);
#1325=VECTOR('',#5084,1.16);
#1326=VECTOR('',#5085,0.489999999999999);
#1327=VECTOR('',#5088,0.8);
#1328=VECTOR('',#5089,0.0200000000000002);
#1329=VECTOR('',#5092,0.489999999999999);
#1330=VECTOR('',#5093,1.16);
#1331=VECTOR('',#5094,0.99);
#1332=VECTOR('',#5095,0.02);
#1333=VECTOR('',#5098,0.0751538825843848);
#1334=VECTOR('',#5099,0.075153882584385);
#1335=VECTOR('',#5102,0.8);
#1336=VECTOR('',#5105,0.075153882584385);
#1337=VECTOR('',#5106,0.0751538825843848);
#1338=VECTOR('',#5113,0.02);
#1339=VECTOR('',#5114,0.99);
#1340=VECTOR('',#5115,1.16);
#1341=VECTOR('',#5116,0.49);
#1342=VECTOR('',#5117,0.0200000000000002);
#1343=VECTOR('',#5120,0.799999999999999);
#1344=VECTOR('',#5121,0.0200000000000002);
#1345=VECTOR('',#5124,0.49);
#1346=VECTOR('',#5125,1.16);
#1347=VECTOR('',#5126,0.99);
#1348=VECTOR('',#5127,0.02);
#1349=VECTOR('',#5130,0.0751538825843845);
#1350=VECTOR('',#5131,0.0751538825843845);
#1351=VECTOR('',#5134,0.02);
#1352=VECTOR('',#5135,0.99);
#1353=VECTOR('',#5136,1.16);
#1354=VECTOR('',#5137,0.49);
#1355=VECTOR('',#5138,0.0200000000000002);
#1356=VECTOR('',#5141,0.8);
#1357=VECTOR('',#5142,0.0200000000000002);
#1358=VECTOR('',#5145,0.49);
#1359=VECTOR('',#5146,1.16);
#1360=VECTOR('',#5147,0.99);
#1361=VECTOR('',#5148,0.02);
#1362=VECTOR('',#5151,0.0751538825843845);
#1363=VECTOR('',#5152,0.075153882584385);
#1364=VECTOR('',#5155,0.02);
#1365=VECTOR('',#5156,0.99);
#1366=VECTOR('',#5157,1.16);
#1367=VECTOR('',#5158,0.49);
#1368=VECTOR('',#5159,0.0200000000000002);
#1369=VECTOR('',#5162,0.8);
#1370=VECTOR('',#5163,0.0200000000000002);
#1371=VECTOR('',#5166,0.49);
#1372=VECTOR('',#5167,1.16);
#1373=VECTOR('',#5168,0.99);
#1374=VECTOR('',#5169,0.02);
#1375=VECTOR('',#5172,0.0751538825843834);
#1376=VECTOR('',#5173,0.0751538825843856);
#1377=VECTOR('',#5176,0.02);
#1378=VECTOR('',#5177,0.99);
#1379=VECTOR('',#5178,1.16);
#1380=VECTOR('',#5179,0.49);
#1381=VECTOR('',#5180,0.0200000000000002);
#1382=VECTOR('',#5183,0.8);
#1383=VECTOR('',#5184,0.0200000000000002);
#1384=VECTOR('',#5187,0.49);
#1385=VECTOR('',#5188,1.16);
#1386=VECTOR('',#5189,0.99);
#1387=VECTOR('',#5190,0.02);
#1388=VECTOR('',#5193,0.0751538825843845);
#1389=VECTOR('',#5194,0.0751538825843856);
#1390=VECTOR('',#5197,0.02);
#1391=VECTOR('',#5198,0.99);
#1392=VECTOR('',#5199,1.16);
#1393=VECTOR('',#5200,0.49);
#1394=VECTOR('',#5201,0.0200000000000002);
#1395=VECTOR('',#5204,0.799999999999998);
#1396=VECTOR('',#5205,0.0200000000000002);
#1397=VECTOR('',#5208,0.49);
#1398=VECTOR('',#5209,1.16);
#1399=VECTOR('',#5210,0.99);
#1400=VECTOR('',#5211,0.02);
#1401=VECTOR('',#5214,0.0751538825843834);
#1402=VECTOR('',#5215,0.0751538825843856);
#1403=VECTOR('',#5218,0.02);
#1404=VECTOR('',#5219,0.99);
#1405=VECTOR('',#5220,1.16);
#1406=VECTOR('',#5221,0.49);
#1407=VECTOR('',#5222,0.0200000000000002);
#1408=VECTOR('',#5225,0.800000000000002);
#1409=VECTOR('',#5226,0.0200000000000002);
#1410=VECTOR('',#5229,0.49);
#1411=VECTOR('',#5230,1.16);
#1412=VECTOR('',#5231,0.99);
#1413=VECTOR('',#5232,0.02);
#1414=VECTOR('',#5235,0.0751538825843867);
#1415=VECTOR('',#5236,0.0751538825843845);
#1416=VECTOR('',#5239,0.02);
#1417=VECTOR('',#5240,0.99);
#1418=VECTOR('',#5241,1.16);
#1419=VECTOR('',#5242,0.49);
#1420=VECTOR('',#5243,0.0200000000000002);
#1421=VECTOR('',#5246,0.800000000000001);
#1422=VECTOR('',#5247,0.0200000000000002);
#1423=VECTOR('',#5250,0.49);
#1424=VECTOR('',#5251,1.16);
#1425=VECTOR('',#5252,0.99);
#1426=VECTOR('',#5253,0.02);
#1427=VECTOR('',#5256,0.0751538825843867);
#1428=VECTOR('',#5257,0.0751538825843823);
#1429=VECTOR('',#5260,0.800000000000001);
#1430=VECTOR('',#5263,0.0751538825843823);
#1431=VECTOR('',#5264,0.0751538825843867);
#1432=VECTOR('',#5267,0.800000000000002);
#1433=VECTOR('',#5270,0.0751538825843845);
#1434=VECTOR('',#5271,0.0751538825843867);
#1435=VECTOR('',#5274,0.799999999999998);
#1436=VECTOR('',#5277,0.0751538825843834);
#1437=VECTOR('',#5278,0.0751538825843834);
#1438=VECTOR('',#5281,0.8);
#1439=VECTOR('',#5284,0.0751538825843845);
#1440=VECTOR('',#5285,0.0751538825843845);
#1441=VECTOR('',#5288,0.8);
#1442=VECTOR('',#5291,0.0751538825843856);
#1443=VECTOR('',#5292,0.0751538825843834);
#1444=VECTOR('',#5295,0.800000000000001);
#1445=VECTOR('',#5298,0.0751538825843839);
#1446=VECTOR('',#5299,0.0751538825843845);
#1447=VECTOR('',#5302,0.8);
#1448=VECTOR('',#5305,0.0751538825843834);
#1449=VECTOR('',#5306,0.0751538825843845);
#1450=VECTOR('',#5337,0.0200000000000002);
#1451=VECTOR('',#5338,0.02);
#1452=VECTOR('',#5339,0.99);
#1453=VECTOR('',#5340,1.16);
#1454=VECTOR('',#5341,0.489999999999999);
#1455=VECTOR('',#5344,0.799999999999999);
#1456=VECTOR('',#5345,0.0200000000000002);
#1457=VECTOR('',#5348,0.489999999999999);
#1458=VECTOR('',#5349,1.16);
#1459=VECTOR('',#5350,0.99);
#1460=VECTOR('',#5351,0.02);
#1461=VECTOR('',#5354,0.0751538825843845);
#1462=VECTOR('',#5355,0.0751538825843845);
#1463=VECTOR('',#5358,0.8);
#1464=VECTOR('',#5361,0.0751538825843856);
#1465=VECTOR('',#5362,0.0751538825843845);
#1466=VECTOR('',#5369,0.0200000000000002);
#1467=VECTOR('',#5370,0.02);
#1468=VECTOR('',#5371,0.99);
#1469=VECTOR('',#5372,1.16);
#1470=VECTOR('',#5373,0.489999999999999);
#1471=VECTOR('',#5376,0.8);
#1472=VECTOR('',#5377,0.0200000000000002);
#1473=VECTOR('',#5380,0.489999999999999);
#1474=VECTOR('',#5381,1.16);
#1475=VECTOR('',#5382,0.99);
#1476=VECTOR('',#5383,0.02);
#1477=VECTOR('',#5386,0.075153882584385);
#1478=VECTOR('',#5387,0.0751538825843845);
#1479=VECTOR('',#5390,0.800000000000001);
#1480=VECTOR('',#5393,0.0751538825843856);
#1481=VECTOR('',#5394,0.075153882584385);
#1482=VECTOR('',#5401,0.0200000000000002);
#1483=VECTOR('',#5402,0.02);
#1484=VECTOR('',#5403,0.99);
#1485=VECTOR('',#5404,1.16);
#1486=VECTOR('',#5405,0.489999999999999);
#1487=VECTOR('',#5408,0.8);
#1488=VECTOR('',#5409,0.0200000000000002);
#1489=VECTOR('',#5412,0.489999999999999);
#1490=VECTOR('',#5413,1.16);
#1491=VECTOR('',#5414,0.99);
#1492=VECTOR('',#5415,0.02);
#1493=VECTOR('',#5418,0.0751538825843856);
#1494=VECTOR('',#5419,0.0751538825843834);
#1495=VECTOR('',#5422,0.8);
#1496=VECTOR('',#5425,0.0751538825843845);
#1497=VECTOR('',#5426,0.0751538825843856);
#1498=VECTOR('',#5433,0.0200000000000002);
#1499=VECTOR('',#5434,0.02);
#1500=VECTOR('',#5435,0.99);
#1501=VECTOR('',#5436,1.16);
#1502=VECTOR('',#5437,0.489999999999999);
#1503=VECTOR('',#5440,0.8);
#1504=VECTOR('',#5441,0.0200000000000002);
#1505=VECTOR('',#5444,0.489999999999999);
#1506=VECTOR('',#5445,1.16);
#1507=VECTOR('',#5446,0.99);
#1508=VECTOR('',#5447,0.02);
#1509=VECTOR('',#5450,0.0751538825843856);
#1510=VECTOR('',#5451,0.0751538825843845);
#1511=VECTOR('',#5454,0.8);
#1512=VECTOR('',#5457,0.0751538825843845);
#1513=VECTOR('',#5458,0.0751538825843856);
#1514=VECTOR('',#5465,0.0200000000000002);
#1515=VECTOR('',#5466,0.02);
#1516=VECTOR('',#5467,0.99);
#1517=VECTOR('',#5468,1.16);
#1518=VECTOR('',#5469,0.489999999999999);
#1519=VECTOR('',#5472,0.799999999999998);
#1520=VECTOR('',#5473,0.0200000000000002);
#1521=VECTOR('',#5476,0.489999999999999);
#1522=VECTOR('',#5477,1.16);
#1523=VECTOR('',#5478,0.99);
#1524=VECTOR('',#5479,0.02);
#1525=VECTOR('',#5482,0.0751538825843856);
#1526=VECTOR('',#5483,0.0751538825843834);
#1527=VECTOR('',#5486,0.799999999999998);
#1528=VECTOR('',#5489,0.0751538825843834);
#1529=VECTOR('',#5490,0.0751538825843856);
#1530=VECTOR('',#5497,0.0200000000000002);
#1531=VECTOR('',#5498,0.02);
#1532=VECTOR('',#5499,0.99);
#1533=VECTOR('',#5500,1.16);
#1534=VECTOR('',#5501,0.489999999999999);
#1535=VECTOR('',#5504,0.800000000000002);
#1536=VECTOR('',#5505,0.0200000000000002);
#1537=VECTOR('',#5508,0.489999999999999);
#1538=VECTOR('',#5509,1.16);
#1539=VECTOR('',#5510,0.99);
#1540=VECTOR('',#5511,0.02);
#1541=VECTOR('',#5514,0.0751538825843845);
#1542=VECTOR('',#5515,0.0751538825843867);
#1543=VECTOR('',#5518,0.800000000000002);
#1544=VECTOR('',#5521,0.0751538825843867);
#1545=VECTOR('',#5522,0.0751538825843845);
#1546=VECTOR('',#5529,0.0200000000000002);
#1547=VECTOR('',#5530,0.02);
#1548=VECTOR('',#5531,0.99);
#1549=VECTOR('',#5532,1.16);
#1550=VECTOR('',#5533,0.489999999999999);
#1551=VECTOR('',#5536,0.800000000000001);
#1552=VECTOR('',#5537,0.0200000000000002);
#1553=VECTOR('',#5540,0.489999999999999);
#1554=VECTOR('',#5541,1.16);
#1555=VECTOR('',#5542,0.99);
#1556=VECTOR('',#5543,0.02);
#1557=VECTOR('',#5546,0.0751538825843823);
#1558=VECTOR('',#5547,0.0751538825843867);
#1559=VECTOR('',#5550,0.800000000000001);
#1560=VECTOR('',#5553,0.0751538825843867);
#1561=VECTOR('',#5554,0.0751538825843823);
#1562=VECTOR('',#5561,0.598599999999999);
#1563=VECTOR('',#5562,0.200000000000002);
#1564=VECTOR('',#5565,0.0100000000000001);
#1565=VECTOR('',#5566,0.600000000000006);
#1566=VECTOR('',#5567,0.0100000000000001);
#1567=VECTOR('',#5570,0.734999999999999);
#1568=VECTOR('',#5571,0.0100000000000001);
#1569=VECTOR('',#5574,0.600000000000006);
#1570=VECTOR('',#5575,0.00999999999999987);
#1571=VECTOR('',#5578,0.734999999999999);
#1572=VECTOR('',#5583,0.2);
#1573=VECTOR('',#5584,0.598599999999999);
#1574=VECTOR('',#5587,0.0100000000000001);
#1575=VECTOR('',#5588,0.00999999999999987);
#1576=VECTOR('',#5589,0.600000000000006);
#1577=VECTOR('',#5592,0.600000000000009);
#1578=VECTOR('',#5593,0.0100000000000001);
#1579=VECTOR('',#5596,0.600000000000006);
#1580=VECTOR('',#5597,0.0100000000000001);
#1581=VECTOR('',#5600,0.600000000000009);
#1582=VECTOR('',#5605,0.0100000000000001);
#1583=VECTOR('',#5606,0.600000000000006);
#1584=VECTOR('',#5607,0.0100000000000001);
#1585=VECTOR('',#5610,0.600000000000009);
#1586=VECTOR('',#5611,0.0100000000000001);
#1587=VECTOR('',#5614,0.600000000000006);
#1588=VECTOR('',#5615,0.0100000000000001);
#1589=VECTOR('',#5618,0.600000000000009);
#1590=VECTOR('',#5623,0.540000000000001);
#1591=VECTOR('',#5624,0.540000000000004);
#1592=VECTOR('',#5625,0.540000000000001);
#1593=VECTOR('',#5628,0.540000000000001);
#1594=VECTOR('',#5629,0.540000000000001);
#1595=VECTOR('',#5630,0.540000000000004);
#1596=VECTOR('',#5633,0.799999999999998);
#1597=VECTOR('',#5636,0.799999999999998);
#1598=VERTEX_POINT('',#5641);
#1599=VERTEX_POINT('',#5642);
#1600=VERTEX_POINT('',#5644);
#1601=VERTEX_POINT('',#5646);
#1602=VERTEX_POINT('',#5650);
#1603=VERTEX_POINT('',#5651);
#1604=VERTEX_POINT('',#5653);
#1605=VERTEX_POINT('',#5655);
#1606=VERTEX_POINT('',#5659);
#1607=VERTEX_POINT('',#5660);
#1608=VERTEX_POINT('',#5662);
#1609=VERTEX_POINT('',#5664);
#1610=VERTEX_POINT('',#5671);
#1611=VERTEX_POINT('',#5672);
#1612=VERTEX_POINT('',#5674);
#1613=VERTEX_POINT('',#5676);
#1614=VERTEX_POINT('',#5680);
#1615=VERTEX_POINT('',#5681);
#1616=VERTEX_POINT('',#5683);
#1617=VERTEX_POINT('',#5685);
#1618=VERTEX_POINT('',#5689);
#1619=VERTEX_POINT('',#5690);
#1620=VERTEX_POINT('',#5692);
#1621=VERTEX_POINT('',#5694);
#1622=VERTEX_POINT('',#5698);
#1623=VERTEX_POINT('',#5700);
#1624=VERTEX_POINT('',#5703);
#1625=VERTEX_POINT('',#5705);
#1626=VERTEX_POINT('',#5707);
#1627=VERTEX_POINT('',#5709);
#1628=VERTEX_POINT('',#5711);
#1629=VERTEX_POINT('',#5713);
#1630=VERTEX_POINT('',#5715);
#1631=VERTEX_POINT('',#5717);
#1632=VERTEX_POINT('',#5719);
#1633=VERTEX_POINT('',#5721);
#1634=VERTEX_POINT('',#5723);
#1635=VERTEX_POINT('',#5725);
#1636=VERTEX_POINT('',#5727);
#1637=VERTEX_POINT('',#5729);
#1638=VERTEX_POINT('',#5731);
#1639=VERTEX_POINT('',#5733);
#1640=VERTEX_POINT('',#5735);
#1641=VERTEX_POINT('',#5737);
#1642=VERTEX_POINT('',#5739);
#1643=VERTEX_POINT('',#5741);
#1644=VERTEX_POINT('',#5743);
#1645=VERTEX_POINT('',#5745);
#1646=VERTEX_POINT('',#5747);
#1647=VERTEX_POINT('',#5749);
#1648=VERTEX_POINT('',#5751);
#1649=VERTEX_POINT('',#5753);
#1650=VERTEX_POINT('',#5755);
#1651=VERTEX_POINT('',#5757);
#1652=VERTEX_POINT('',#5759);
#1653=VERTEX_POINT('',#5761);
#1654=VERTEX_POINT('',#5763);
#1655=VERTEX_POINT('',#5765);
#1656=VERTEX_POINT('',#5767);
#1657=VERTEX_POINT('',#5769);
#1658=VERTEX_POINT('',#5771);
#1659=VERTEX_POINT('',#5773);
#1660=VERTEX_POINT('',#5775);
#1661=VERTEX_POINT('',#5777);
#1662=VERTEX_POINT('',#5779);
#1663=VERTEX_POINT('',#5781);
#1664=VERTEX_POINT('',#5783);
#1665=VERTEX_POINT('',#5785);
#1666=VERTEX_POINT('',#5787);
#1667=VERTEX_POINT('',#5789);
#1668=VERTEX_POINT('',#5791);
#1669=VERTEX_POINT('',#5793);
#1670=VERTEX_POINT('',#5795);
#1671=VERTEX_POINT('',#5797);
#1672=VERTEX_POINT('',#5799);
#1673=VERTEX_POINT('',#5801);
#1674=VERTEX_POINT('',#5803);
#1675=VERTEX_POINT('',#5805);
#1676=VERTEX_POINT('',#5807);
#1677=VERTEX_POINT('',#5809);
#1678=VERTEX_POINT('',#5811);
#1679=VERTEX_POINT('',#5813);
#1680=VERTEX_POINT('',#5815);
#1681=VERTEX_POINT('',#5817);
#1682=VERTEX_POINT('',#5819);
#1683=VERTEX_POINT('',#5821);
#1684=VERTEX_POINT('',#5823);
#1685=VERTEX_POINT('',#5825);
#1686=VERTEX_POINT('',#5829);
#1687=VERTEX_POINT('',#5831);
#1688=VERTEX_POINT('',#5834);
#1689=VERTEX_POINT('',#5836);
#1690=VERTEX_POINT('',#5838);
#1691=VERTEX_POINT('',#5840);
#1692=VERTEX_POINT('',#5842);
#1693=VERTEX_POINT('',#5844);
#1694=VERTEX_POINT('',#5846);
#1695=VERTEX_POINT('',#5848);
#1696=VERTEX_POINT('',#5850);
#1697=VERTEX_POINT('',#5852);
#1698=VERTEX_POINT('',#5854);
#1699=VERTEX_POINT('',#5856);
#1700=VERTEX_POINT('',#5858);
#1701=VERTEX_POINT('',#5860);
#1702=VERTEX_POINT('',#5862);
#1703=VERTEX_POINT('',#5864);
#1704=VERTEX_POINT('',#5866);
#1705=VERTEX_POINT('',#5868);
#1706=VERTEX_POINT('',#5870);
#1707=VERTEX_POINT('',#5872);
#1708=VERTEX_POINT('',#5874);
#1709=VERTEX_POINT('',#5876);
#1710=VERTEX_POINT('',#5878);
#1711=VERTEX_POINT('',#5880);
#1712=VERTEX_POINT('',#5882);
#1713=VERTEX_POINT('',#5884);
#1714=VERTEX_POINT('',#5886);
#1715=VERTEX_POINT('',#5888);
#1716=VERTEX_POINT('',#5890);
#1717=VERTEX_POINT('',#5892);
#1718=VERTEX_POINT('',#5894);
#1719=VERTEX_POINT('',#5896);
#1720=VERTEX_POINT('',#5898);
#1721=VERTEX_POINT('',#5900);
#1722=VERTEX_POINT('',#5902);
#1723=VERTEX_POINT('',#5904);
#1724=VERTEX_POINT('',#5906);
#1725=VERTEX_POINT('',#5908);
#1726=VERTEX_POINT('',#5910);
#1727=VERTEX_POINT('',#5912);
#1728=VERTEX_POINT('',#5914);
#1729=VERTEX_POINT('',#5916);
#1730=VERTEX_POINT('',#5918);
#1731=VERTEX_POINT('',#5920);
#1732=VERTEX_POINT('',#5922);
#1733=VERTEX_POINT('',#5924);
#1734=VERTEX_POINT('',#5926);
#1735=VERTEX_POINT('',#5928);
#1736=VERTEX_POINT('',#5930);
#1737=VERTEX_POINT('',#5932);
#1738=VERTEX_POINT('',#5934);
#1739=VERTEX_POINT('',#5936);
#1740=VERTEX_POINT('',#5938);
#1741=VERTEX_POINT('',#5940);
#1742=VERTEX_POINT('',#5942);
#1743=VERTEX_POINT('',#5944);
#1744=VERTEX_POINT('',#5946);
#1745=VERTEX_POINT('',#5948);
#1746=VERTEX_POINT('',#5950);
#1747=VERTEX_POINT('',#5952);
#1748=VERTEX_POINT('',#5954);
#1749=VERTEX_POINT('',#5956);
#1750=VERTEX_POINT('',#5959);
#1751=VERTEX_POINT('',#5960);
#1752=VERTEX_POINT('',#5962);
#1753=VERTEX_POINT('',#5964);
#1754=VERTEX_POINT('',#5966);
#1755=VERTEX_POINT('',#5968);
#1756=VERTEX_POINT('',#5970);
#1757=VERTEX_POINT('',#5972);
#1758=VERTEX_POINT('',#5975);
#1759=VERTEX_POINT('',#5976);
#1760=VERTEX_POINT('',#5978);
#1761=VERTEX_POINT('',#5980);
#1762=VERTEX_POINT('',#5983);
#1763=VERTEX_POINT('',#5984);
#1764=VERTEX_POINT('',#5986);
#1765=VERTEX_POINT('',#5988);
#1766=VERTEX_POINT('',#5990);
#1767=VERTEX_POINT('',#5993);
#1768=VERTEX_POINT('',#5996);
#1769=VERTEX_POINT('',#5997);
#1770=VERTEX_POINT('',#5999);
#1771=VERTEX_POINT('',#6001);
#1772=VERTEX_POINT('',#6003);
#1773=VERTEX_POINT('',#6005);
#1774=VERTEX_POINT('',#6012);
#1775=VERTEX_POINT('',#6013);
#1776=VERTEX_POINT('',#6015);
#1777=VERTEX_POINT('',#6017);
#1778=VERTEX_POINT('',#6024);
#1779=VERTEX_POINT('',#6025);
#1780=VERTEX_POINT('',#6027);
#1781=VERTEX_POINT('',#6029);
#1782=VERTEX_POINT('',#6036);
#1783=VERTEX_POINT('',#6037);
#1784=VERTEX_POINT('',#6039);
#1785=VERTEX_POINT('',#6041);
#1786=VERTEX_POINT('',#6048);
#1787=VERTEX_POINT('',#6049);
#1788=VERTEX_POINT('',#6051);
#1789=VERTEX_POINT('',#6053);
#1790=VERTEX_POINT('',#6060);
#1791=VERTEX_POINT('',#6061);
#1792=VERTEX_POINT('',#6063);
#1793=VERTEX_POINT('',#6065);
#1794=VERTEX_POINT('',#6072);
#1795=VERTEX_POINT('',#6073);
#1796=VERTEX_POINT('',#6075);
#1797=VERTEX_POINT('',#6077);
#1798=VERTEX_POINT('',#6081);
#1799=VERTEX_POINT('',#6082);
#1800=VERTEX_POINT('',#6084);
#1801=VERTEX_POINT('',#6086);
#1802=VERTEX_POINT('',#6090);
#1803=VERTEX_POINT('',#6091);
#1804=VERTEX_POINT('',#6093);
#1805=VERTEX_POINT('',#6095);
#1806=VERTEX_POINT('',#6099);
#1807=VERTEX_POINT('',#6100);
#1808=VERTEX_POINT('',#6102);
#1809=VERTEX_POINT('',#6104);
#1810=VERTEX_POINT('',#6108);
#1811=VERTEX_POINT('',#6109);
#1812=VERTEX_POINT('',#6111);
#1813=VERTEX_POINT('',#6113);
#1814=VERTEX_POINT('',#6117);
#1815=VERTEX_POINT('',#6118);
#1816=VERTEX_POINT('',#6120);
#1817=VERTEX_POINT('',#6122);
#1818=VERTEX_POINT('',#6126);
#1819=VERTEX_POINT('',#6127);
#1820=VERTEX_POINT('',#6129);
#1821=VERTEX_POINT('',#6131);
#1822=VERTEX_POINT('',#6135);
#1823=VERTEX_POINT('',#6136);
#1824=VERTEX_POINT('',#6138);
#1825=VERTEX_POINT('',#6140);
#1826=VERTEX_POINT('',#6147);
#1827=VERTEX_POINT('',#6148);
#1828=VERTEX_POINT('',#6150);
#1829=VERTEX_POINT('',#6152);
#1830=VERTEX_POINT('',#6156);
#1831=VERTEX_POINT('',#6157);
#1832=VERTEX_POINT('',#6159);
#1833=VERTEX_POINT('',#6161);
#1834=VERTEX_POINT('',#6194);
#1835=VERTEX_POINT('',#6196);
#1836=VERTEX_POINT('',#6200);
#1837=VERTEX_POINT('',#6204);
#1838=VERTEX_POINT('',#6208);
#1839=VERTEX_POINT('',#6212);
#1840=VERTEX_POINT('',#6221);
#1841=VERTEX_POINT('',#6222);
#1842=VERTEX_POINT('',#6224);
#1843=VERTEX_POINT('',#6226);
#1844=VERTEX_POINT('',#6231);
#1845=VERTEX_POINT('',#6235);
#1846=VERTEX_POINT('',#6241);
#1847=VERTEX_POINT('',#6243);
#1848=VERTEX_POINT('',#6245);
#1849=VERTEX_POINT('',#6247);
#1850=VERTEX_POINT('',#6251);
#1851=VERTEX_POINT('',#6255);
#1852=VERTEX_POINT('',#6257);
#1853=VERTEX_POINT('',#6259);
#1854=VERTEX_POINT('',#6273);
#1855=VERTEX_POINT('',#6275);
#1856=VERTEX_POINT('',#6277);
#1857=VERTEX_POINT('',#6279);
#1858=VERTEX_POINT('',#6283);
#1859=VERTEX_POINT('',#6287);
#1860=VERTEX_POINT('',#6289);
#1861=VERTEX_POINT('',#6291);
#1862=VERTEX_POINT('',#6305);
#1863=VERTEX_POINT('',#6307);
#1864=VERTEX_POINT('',#6309);
#1865=VERTEX_POINT('',#6311);
#1866=VERTEX_POINT('',#6315);
#1867=VERTEX_POINT('',#6319);
#1868=VERTEX_POINT('',#6321);
#1869=VERTEX_POINT('',#6323);
#1870=VERTEX_POINT('',#6330);
#1871=VERTEX_POINT('',#6332);
#1872=VERTEX_POINT('',#6334);
#1873=VERTEX_POINT('',#6336);
#1874=VERTEX_POINT('',#6340);
#1875=VERTEX_POINT('',#6344);
#1876=VERTEX_POINT('',#6346);
#1877=VERTEX_POINT('',#6348);
#1878=VERTEX_POINT('',#6355);
#1879=VERTEX_POINT('',#6357);
#1880=VERTEX_POINT('',#6359);
#1881=VERTEX_POINT('',#6361);
#1882=VERTEX_POINT('',#6365);
#1883=VERTEX_POINT('',#6369);
#1884=VERTEX_POINT('',#6371);
#1885=VERTEX_POINT('',#6373);
#1886=VERTEX_POINT('',#6380);
#1887=VERTEX_POINT('',#6382);
#1888=VERTEX_POINT('',#6384);
#1889=VERTEX_POINT('',#6386);
#1890=VERTEX_POINT('',#6390);
#1891=VERTEX_POINT('',#6394);
#1892=VERTEX_POINT('',#6396);
#1893=VERTEX_POINT('',#6398);
#1894=VERTEX_POINT('',#6405);
#1895=VERTEX_POINT('',#6407);
#1896=VERTEX_POINT('',#6409);
#1897=VERTEX_POINT('',#6411);
#1898=VERTEX_POINT('',#6415);
#1899=VERTEX_POINT('',#6419);
#1900=VERTEX_POINT('',#6421);
#1901=VERTEX_POINT('',#6423);
#1902=VERTEX_POINT('',#6430);
#1903=VERTEX_POINT('',#6432);
#1904=VERTEX_POINT('',#6434);
#1905=VERTEX_POINT('',#6436);
#1906=VERTEX_POINT('',#6440);
#1907=VERTEX_POINT('',#6444);
#1908=VERTEX_POINT('',#6446);
#1909=VERTEX_POINT('',#6448);
#1910=VERTEX_POINT('',#6455);
#1911=VERTEX_POINT('',#6457);
#1912=VERTEX_POINT('',#6459);
#1913=VERTEX_POINT('',#6461);
#1914=VERTEX_POINT('',#6465);
#1915=VERTEX_POINT('',#6469);
#1916=VERTEX_POINT('',#6471);
#1917=VERTEX_POINT('',#6473);
#1918=VERTEX_POINT('',#6529);
#1919=VERTEX_POINT('',#6531);
#1920=VERTEX_POINT('',#6533);
#1921=VERTEX_POINT('',#6535);
#1922=VERTEX_POINT('',#6539);
#1923=VERTEX_POINT('',#6543);
#1924=VERTEX_POINT('',#6545);
#1925=VERTEX_POINT('',#6547);
#1926=VERTEX_POINT('',#6561);
#1927=VERTEX_POINT('',#6563);
#1928=VERTEX_POINT('',#6565);
#1929=VERTEX_POINT('',#6567);
#1930=VERTEX_POINT('',#6571);
#1931=VERTEX_POINT('',#6575);
#1932=VERTEX_POINT('',#6577);
#1933=VERTEX_POINT('',#6579);
#1934=VERTEX_POINT('',#6593);
#1935=VERTEX_POINT('',#6595);
#1936=VERTEX_POINT('',#6597);
#1937=VERTEX_POINT('',#6599);
#1938=VERTEX_POINT('',#6603);
#1939=VERTEX_POINT('',#6607);
#1940=VERTEX_POINT('',#6609);
#1941=VERTEX_POINT('',#6611);
#1942=VERTEX_POINT('',#6625);
#1943=VERTEX_POINT('',#6627);
#1944=VERTEX_POINT('',#6629);
#1945=VERTEX_POINT('',#6631);
#1946=VERTEX_POINT('',#6635);
#1947=VERTEX_POINT('',#6639);
#1948=VERTEX_POINT('',#6641);
#1949=VERTEX_POINT('',#6643);
#1950=VERTEX_POINT('',#6657);
#1951=VERTEX_POINT('',#6659);
#1952=VERTEX_POINT('',#6661);
#1953=VERTEX_POINT('',#6663);
#1954=VERTEX_POINT('',#6667);
#1955=VERTEX_POINT('',#6671);
#1956=VERTEX_POINT('',#6673);
#1957=VERTEX_POINT('',#6675);
#1958=VERTEX_POINT('',#6689);
#1959=VERTEX_POINT('',#6691);
#1960=VERTEX_POINT('',#6693);
#1961=VERTEX_POINT('',#6695);
#1962=VERTEX_POINT('',#6699);
#1963=VERTEX_POINT('',#6703);
#1964=VERTEX_POINT('',#6705);
#1965=VERTEX_POINT('',#6707);
#1966=VERTEX_POINT('',#6721);
#1967=VERTEX_POINT('',#6723);
#1968=VERTEX_POINT('',#6725);
#1969=VERTEX_POINT('',#6727);
#1970=VERTEX_POINT('',#6731);
#1971=VERTEX_POINT('',#6735);
#1972=VERTEX_POINT('',#6737);
#1973=VERTEX_POINT('',#6739);
#1974=VERTEX_POINT('',#6756);
#1975=VERTEX_POINT('',#6758);
#1976=VERTEX_POINT('',#6762);
#1977=VERTEX_POINT('',#6766);
#1978=VERTEX_POINT('',#6776);
#1979=VERTEX_POINT('',#6778);
#1980=VERTEX_POINT('',#6782);
#1981=VERTEX_POINT('',#6786);
#1982=VERTEX_POINT('',#6793);
#1983=VERTEX_POINT('',#6795);
#1984=VERTEX_POINT('',#6799);
#1985=VERTEX_POINT('',#6803);
#1986=VERTEX_POINT('',#6810);
#1987=VERTEX_POINT('',#6812);
#1988=VERTEX_POINT('',#6816);
#1989=VERTEX_POINT('',#6818);
#1990=EDGE_CURVE('',#1598,#1599,#482,.T.);
#1991=EDGE_CURVE('',#1599,#1600,#483,.T.);
#1992=EDGE_CURVE('',#1601,#1600,#484,.T.);
#1993=EDGE_CURVE('',#1601,#1598,#485,.T.);
#1994=EDGE_CURVE('',#1602,#1603,#486,.T.);
#1995=EDGE_CURVE('',#1602,#1604,#487,.T.);
#1996=EDGE_CURVE('',#1605,#1604,#488,.T.);
#1997=EDGE_CURVE('',#1603,#1605,#489,.T.);
#1998=EDGE_CURVE('',#1606,#1607,#490,.T.);
#1999=EDGE_CURVE('',#1607,#1608,#491,.T.);
#2000=EDGE_CURVE('',#1608,#1609,#492,.T.);
#2001=EDGE_CURVE('',#1609,#1606,#493,.T.);
#2002=EDGE_CURVE('',#1603,#1600,#494,.T.);
#2003=EDGE_CURVE('',#1605,#1601,#495,.T.);
#2004=EDGE_CURVE('',#1610,#1611,#496,.T.);
#2005=EDGE_CURVE('',#1610,#1612,#497,.T.);
#2006=EDGE_CURVE('',#1612,#1613,#498,.T.);
#2007=EDGE_CURVE('',#1611,#1613,#499,.T.);
#2008=EDGE_CURVE('',#1614,#1615,#500,.T.);
#2009=EDGE_CURVE('',#1615,#1616,#501,.T.);
#2010=EDGE_CURVE('',#1617,#1616,#502,.T.);
#2011=EDGE_CURVE('',#1617,#1614,#503,.T.);
#2012=EDGE_CURVE('',#1618,#1619,#504,.T.);
#2013=EDGE_CURVE('',#1618,#1620,#20,.T.);
#2014=EDGE_CURVE('',#1621,#1620,#505,.F.);
#2015=EDGE_CURVE('',#1621,#1619,#21,.T.);
#2016=EDGE_CURVE('',#1610,#1622,#506,.T.);
#2017=EDGE_CURVE('',#1622,#1623,#507,.T.);
#2018=EDGE_CURVE('',#1623,#1615,#508,.T.);
#2019=EDGE_CURVE('',#1624,#1614,#509,.T.);
#2020=EDGE_CURVE('',#1625,#1624,#510,.T.);
#2021=EDGE_CURVE('',#1626,#1625,#511,.T.);
#2022=EDGE_CURVE('',#1627,#1626,#512,.T.);
#2023=EDGE_CURVE('',#1628,#1627,#513,.T.);
#2024=EDGE_CURVE('',#1629,#1628,#514,.T.);
#2025=EDGE_CURVE('',#1630,#1629,#515,.T.);
#2026=EDGE_CURVE('',#1631,#1630,#516,.T.);
#2027=EDGE_CURVE('',#1632,#1631,#517,.T.);
#2028=EDGE_CURVE('',#1633,#1632,#518,.T.);
#2029=EDGE_CURVE('',#1634,#1633,#519,.T.);
#2030=EDGE_CURVE('',#1635,#1634,#520,.T.);
#2031=EDGE_CURVE('',#1636,#1635,#521,.T.);
#2032=EDGE_CURVE('',#1637,#1636,#522,.T.);
#2033=EDGE_CURVE('',#1638,#1637,#523,.T.);
#2034=EDGE_CURVE('',#1639,#1638,#524,.T.);
#2035=EDGE_CURVE('',#1640,#1639,#525,.T.);
#2036=EDGE_CURVE('',#1641,#1640,#526,.T.);
#2037=EDGE_CURVE('',#1642,#1641,#527,.T.);
#2038=EDGE_CURVE('',#1643,#1642,#528,.T.);
#2039=EDGE_CURVE('',#1644,#1643,#529,.T.);
#2040=EDGE_CURVE('',#1645,#1644,#530,.T.);
#2041=EDGE_CURVE('',#1646,#1645,#531,.T.);
#2042=EDGE_CURVE('',#1647,#1646,#532,.T.);
#2043=EDGE_CURVE('',#1648,#1647,#533,.T.);
#2044=EDGE_CURVE('',#1649,#1648,#534,.T.);
#2045=EDGE_CURVE('',#1650,#1649,#535,.T.);
#2046=EDGE_CURVE('',#1651,#1650,#536,.T.);
#2047=EDGE_CURVE('',#1652,#1651,#537,.T.);
#2048=EDGE_CURVE('',#1653,#1652,#538,.T.);
#2049=EDGE_CURVE('',#1654,#1653,#539,.T.);
#2050=EDGE_CURVE('',#1655,#1654,#540,.T.);
#2051=EDGE_CURVE('',#1656,#1655,#541,.T.);
#2052=EDGE_CURVE('',#1657,#1656,#542,.T.);
#2053=EDGE_CURVE('',#1658,#1657,#543,.T.);
#2054=EDGE_CURVE('',#1659,#1658,#544,.T.);
#2055=EDGE_CURVE('',#1659,#1660,#545,.T.);
#2056=EDGE_CURVE('',#1660,#1661,#546,.T.);
#2057=EDGE_CURVE('',#1661,#1662,#547,.T.);
#2058=EDGE_CURVE('',#1663,#1662,#548,.T.);
#2059=EDGE_CURVE('',#1663,#1664,#549,.T.);
#2060=EDGE_CURVE('',#1664,#1665,#550,.T.);
#2061=EDGE_CURVE('',#1665,#1666,#551,.T.);
#2062=EDGE_CURVE('',#1667,#1666,#552,.T.);
#2063=EDGE_CURVE('',#1667,#1668,#553,.T.);
#2064=EDGE_CURVE('',#1668,#1669,#554,.T.);
#2065=EDGE_CURVE('',#1669,#1670,#555,.T.);
#2066=EDGE_CURVE('',#1671,#1670,#556,.T.);
#2067=EDGE_CURVE('',#1671,#1672,#557,.T.);
#2068=EDGE_CURVE('',#1672,#1673,#558,.T.);
#2069=EDGE_CURVE('',#1673,#1674,#559,.T.);
#2070=EDGE_CURVE('',#1675,#1674,#560,.T.);
#2071=EDGE_CURVE('',#1675,#1676,#561,.T.);
#2072=EDGE_CURVE('',#1676,#1677,#562,.T.);
#2073=EDGE_CURVE('',#1677,#1678,#563,.T.);
#2074=EDGE_CURVE('',#1679,#1678,#564,.T.);
#2075=EDGE_CURVE('',#1679,#1680,#565,.T.);
#2076=EDGE_CURVE('',#1680,#1681,#566,.T.);
#2077=EDGE_CURVE('',#1681,#1682,#567,.T.);
#2078=EDGE_CURVE('',#1683,#1682,#568,.T.);
#2079=EDGE_CURVE('',#1683,#1684,#569,.T.);
#2080=EDGE_CURVE('',#1684,#1685,#570,.T.);
#2081=EDGE_CURVE('',#1685,#1612,#571,.T.);
#2082=EDGE_CURVE('',#1616,#1686,#572,.T.);
#2083=EDGE_CURVE('',#1686,#1687,#573,.T.);
#2084=EDGE_CURVE('',#1687,#1611,#574,.T.);
#2085=EDGE_CURVE('',#1613,#1688,#575,.T.);
#2086=EDGE_CURVE('',#1688,#1689,#576,.T.);
#2087=EDGE_CURVE('',#1689,#1690,#577,.T.);
#2088=EDGE_CURVE('',#1690,#1691,#578,.T.);
#2089=EDGE_CURVE('',#1691,#1692,#579,.T.);
#2090=EDGE_CURVE('',#1692,#1693,#580,.T.);
#2091=EDGE_CURVE('',#1693,#1694,#581,.T.);
#2092=EDGE_CURVE('',#1694,#1695,#582,.T.);
#2093=EDGE_CURVE('',#1695,#1696,#583,.T.);
#2094=EDGE_CURVE('',#1696,#1697,#584,.T.);
#2095=EDGE_CURVE('',#1697,#1698,#585,.T.);
#2096=EDGE_CURVE('',#1698,#1699,#586,.T.);
#2097=EDGE_CURVE('',#1699,#1700,#587,.T.);
#2098=EDGE_CURVE('',#1700,#1701,#588,.T.);
#2099=EDGE_CURVE('',#1701,#1702,#589,.T.);
#2100=EDGE_CURVE('',#1702,#1703,#590,.T.);
#2101=EDGE_CURVE('',#1703,#1704,#591,.T.);
#2102=EDGE_CURVE('',#1704,#1705,#592,.T.);
#2103=EDGE_CURVE('',#1705,#1706,#593,.T.);
#2104=EDGE_CURVE('',#1706,#1707,#594,.T.);
#2105=EDGE_CURVE('',#1707,#1708,#595,.T.);
#2106=EDGE_CURVE('',#1708,#1709,#596,.T.);
#2107=EDGE_CURVE('',#1709,#1710,#597,.T.);
#2108=EDGE_CURVE('',#1710,#1711,#598,.T.);
#2109=EDGE_CURVE('',#1711,#1712,#599,.T.);
#2110=EDGE_CURVE('',#1712,#1713,#600,.T.);
#2111=EDGE_CURVE('',#1713,#1714,#601,.T.);
#2112=EDGE_CURVE('',#1714,#1715,#602,.T.);
#2113=EDGE_CURVE('',#1715,#1716,#603,.T.);
#2114=EDGE_CURVE('',#1716,#1717,#604,.T.);
#2115=EDGE_CURVE('',#1718,#1717,#605,.T.);
#2116=EDGE_CURVE('',#1719,#1718,#606,.T.);
#2117=EDGE_CURVE('',#1720,#1719,#607,.T.);
#2118=EDGE_CURVE('',#1720,#1721,#608,.T.);
#2119=EDGE_CURVE('',#1722,#1721,#609,.T.);
#2120=EDGE_CURVE('',#1723,#1722,#610,.T.);
#2121=EDGE_CURVE('',#1724,#1723,#611,.T.);
#2122=EDGE_CURVE('',#1724,#1725,#612,.T.);
#2123=EDGE_CURVE('',#1726,#1725,#613,.T.);
#2124=EDGE_CURVE('',#1727,#1726,#614,.T.);
#2125=EDGE_CURVE('',#1728,#1727,#615,.T.);
#2126=EDGE_CURVE('',#1728,#1729,#616,.T.);
#2127=EDGE_CURVE('',#1730,#1729,#617,.T.);
#2128=EDGE_CURVE('',#1731,#1730,#618,.T.);
#2129=EDGE_CURVE('',#1732,#1731,#619,.T.);
#2130=EDGE_CURVE('',#1732,#1733,#620,.T.);
#2131=EDGE_CURVE('',#1734,#1733,#621,.T.);
#2132=EDGE_CURVE('',#1735,#1734,#622,.T.);
#2133=EDGE_CURVE('',#1736,#1735,#623,.T.);
#2134=EDGE_CURVE('',#1736,#1737,#624,.T.);
#2135=EDGE_CURVE('',#1738,#1737,#625,.T.);
#2136=EDGE_CURVE('',#1739,#1738,#626,.T.);
#2137=EDGE_CURVE('',#1740,#1739,#627,.T.);
#2138=EDGE_CURVE('',#1740,#1741,#628,.T.);
#2139=EDGE_CURVE('',#1742,#1741,#629,.T.);
#2140=EDGE_CURVE('',#1743,#1742,#630,.T.);
#2141=EDGE_CURVE('',#1744,#1743,#631,.T.);
#2142=EDGE_CURVE('',#1744,#1745,#632,.T.);
#2143=EDGE_CURVE('',#1746,#1745,#633,.T.);
#2144=EDGE_CURVE('',#1747,#1746,#634,.T.);
#2145=EDGE_CURVE('',#1748,#1747,#635,.T.);
#2146=EDGE_CURVE('',#1748,#1749,#636,.T.);
#2147=EDGE_CURVE('',#1749,#1617,#637,.T.);
#2148=EDGE_CURVE('',#1750,#1751,#638,.T.);
#2149=EDGE_CURVE('',#1752,#1750,#639,.T.);
#2150=EDGE_CURVE('',#1753,#1752,#640,.T.);
#2151=EDGE_CURVE('',#1753,#1754,#641,.T.);
#2152=EDGE_CURVE('',#1755,#1754,#642,.T.);
#2153=EDGE_CURVE('',#1756,#1755,#643,.T.);
#2154=EDGE_CURVE('',#1757,#1756,#644,.T.);
#2155=EDGE_CURVE('',#1751,#1757,#645,.T.);
#2156=EDGE_CURVE('',#1758,#1759,#646,.T.);
#2157=EDGE_CURVE('',#1760,#1758,#647,.T.);
#2158=EDGE_CURVE('',#1761,#1760,#648,.T.);
#2159=EDGE_CURVE('',#1759,#1761,#649,.T.);
#2160=EDGE_CURVE('',#1762,#1763,#650,.T.);
#2161=EDGE_CURVE('',#1764,#1762,#651,.T.);
#2162=EDGE_CURVE('',#1765,#1764,#652,.T.);
#2163=EDGE_CURVE('',#1766,#1765,#653,.T.);
#2164=EDGE_CURVE('',#1604,#1766,#654,.T.);
#2165=EDGE_CURVE('',#1767,#1602,#655,.T.);
#2166=EDGE_CURVE('',#1763,#1767,#656,.T.);
#2167=EDGE_CURVE('',#1768,#1769,#657,.T.);
#2168=EDGE_CURVE('',#1770,#1768,#658,.T.);
#2169=EDGE_CURVE('',#1771,#1770,#659,.T.);
#2170=EDGE_CURVE('',#1772,#1771,#660,.T.);
#2171=EDGE_CURVE('',#1773,#1772,#661,.T.);
#2172=EDGE_CURVE('',#1769,#1773,#662,.T.);
#2173=EDGE_CURVE('',#1683,#1690,#663,.T.);
#2174=EDGE_CURVE('',#1682,#1691,#664,.T.);
#2175=EDGE_CURVE('',#1774,#1775,#665,.T.);
#2176=EDGE_CURVE('',#1774,#1776,#22,.T.);
#2177=EDGE_CURVE('',#1777,#1776,#666,.F.);
#2178=EDGE_CURVE('',#1777,#1775,#23,.T.);
#2179=EDGE_CURVE('',#1679,#1694,#667,.T.);
#2180=EDGE_CURVE('',#1678,#1695,#668,.T.);
#2181=EDGE_CURVE('',#1778,#1779,#669,.T.);
#2182=EDGE_CURVE('',#1778,#1780,#24,.T.);
#2183=EDGE_CURVE('',#1781,#1780,#670,.F.);
#2184=EDGE_CURVE('',#1781,#1779,#25,.T.);
#2185=EDGE_CURVE('',#1675,#1698,#671,.T.);
#2186=EDGE_CURVE('',#1674,#1699,#672,.T.);
#2187=EDGE_CURVE('',#1782,#1783,#673,.T.);
#2188=EDGE_CURVE('',#1782,#1784,#26,.T.);
#2189=EDGE_CURVE('',#1785,#1784,#674,.F.);
#2190=EDGE_CURVE('',#1785,#1783,#27,.T.);
#2191=EDGE_CURVE('',#1671,#1702,#675,.T.);
#2192=EDGE_CURVE('',#1670,#1703,#676,.T.);
#2193=EDGE_CURVE('',#1786,#1787,#677,.T.);
#2194=EDGE_CURVE('',#1786,#1788,#28,.T.);
#2195=EDGE_CURVE('',#1789,#1788,#678,.F.);
#2196=EDGE_CURVE('',#1789,#1787,#29,.T.);
#2197=EDGE_CURVE('',#1667,#1706,#679,.T.);
#2198=EDGE_CURVE('',#1666,#1707,#680,.T.);
#2199=EDGE_CURVE('',#1790,#1791,#681,.T.);
#2200=EDGE_CURVE('',#1790,#1792,#30,.T.);
#2201=EDGE_CURVE('',#1793,#1792,#682,.F.);
#2202=EDGE_CURVE('',#1793,#1791,#31,.T.);
#2203=EDGE_CURVE('',#1663,#1710,#683,.T.);
#2204=EDGE_CURVE('',#1662,#1711,#684,.T.);
#2205=EDGE_CURVE('',#1794,#1795,#685,.T.);
#2206=EDGE_CURVE('',#1794,#1796,#32,.T.);
#2207=EDGE_CURVE('',#1797,#1796,#686,.F.);
#2208=EDGE_CURVE('',#1797,#1795,#33,.T.);
#2209=EDGE_CURVE('',#1798,#1799,#34,.T.);
#2210=EDGE_CURVE('',#1798,#1800,#687,.F.);
#2211=EDGE_CURVE('',#1801,#1800,#35,.T.);
#2212=EDGE_CURVE('',#1801,#1799,#688,.T.);
#2213=EDGE_CURVE('',#1802,#1803,#36,.T.);
#2214=EDGE_CURVE('',#1802,#1804,#689,.F.);
#2215=EDGE_CURVE('',#1805,#1804,#37,.T.);
#2216=EDGE_CURVE('',#1805,#1803,#690,.T.);
#2217=EDGE_CURVE('',#1806,#1807,#38,.T.);
#2218=EDGE_CURVE('',#1806,#1808,#691,.F.);
#2219=EDGE_CURVE('',#1809,#1808,#39,.T.);
#2220=EDGE_CURVE('',#1809,#1807,#692,.T.);
#2221=EDGE_CURVE('',#1810,#1811,#40,.T.);
#2222=EDGE_CURVE('',#1810,#1812,#693,.F.);
#2223=EDGE_CURVE('',#1813,#1812,#41,.T.);
#2224=EDGE_CURVE('',#1813,#1811,#694,.T.);
#2225=EDGE_CURVE('',#1814,#1815,#42,.T.);
#2226=EDGE_CURVE('',#1814,#1816,#695,.F.);
#2227=EDGE_CURVE('',#1817,#1816,#43,.T.);
#2228=EDGE_CURVE('',#1817,#1815,#696,.T.);
#2229=EDGE_CURVE('',#1818,#1819,#44,.T.);
#2230=EDGE_CURVE('',#1818,#1820,#697,.F.);
#2231=EDGE_CURVE('',#1821,#1820,#45,.T.);
#2232=EDGE_CURVE('',#1821,#1819,#698,.T.);
#2233=EDGE_CURVE('',#1822,#1823,#46,.T.);
#2234=EDGE_CURVE('',#1822,#1824,#699,.F.);
#2235=EDGE_CURVE('',#1825,#1824,#47,.T.);
#2236=EDGE_CURVE('',#1825,#1823,#700,.T.);
#2237=EDGE_CURVE('',#1659,#1714,#701,.T.);
#2238=EDGE_CURVE('',#1715,#1658,#702,.T.);
#2239=EDGE_CURVE('',#1826,#1827,#703,.T.);
#2240=EDGE_CURVE('',#1826,#1828,#48,.T.);
#2241=EDGE_CURVE('',#1829,#1828,#704,.F.);
#2242=EDGE_CURVE('',#1829,#1827,#49,.T.);
#2243=EDGE_CURVE('',#1830,#1831,#50,.T.);
#2244=EDGE_CURVE('',#1830,#1832,#705,.F.);
#2245=EDGE_CURVE('',#1833,#1832,#51,.T.);
#2246=EDGE_CURVE('',#1833,#1831,#706,.T.);
#2247=EDGE_CURVE('',#1656,#1717,#707,.T.);
#2248=EDGE_CURVE('',#1716,#1657,#708,.T.);
#2249=EDGE_CURVE('',#1652,#1721,#709,.T.);
#2250=EDGE_CURVE('',#1653,#1720,#710,.T.);
#2251=EDGE_CURVE('',#1649,#1724,#711,.T.);
#2252=EDGE_CURVE('',#1648,#1725,#712,.T.);
#2253=EDGE_CURVE('',#1645,#1728,#713,.T.);
#2254=EDGE_CURVE('',#1644,#1729,#714,.T.);
#2255=EDGE_CURVE('',#1641,#1732,#715,.T.);
#2256=EDGE_CURVE('',#1640,#1733,#716,.T.);
#2257=EDGE_CURVE('',#1637,#1736,#717,.T.);
#2258=EDGE_CURVE('',#1636,#1737,#718,.T.);
#2259=EDGE_CURVE('',#1633,#1740,#719,.T.);
#2260=EDGE_CURVE('',#1632,#1741,#720,.T.);
#2261=EDGE_CURVE('',#1629,#1744,#721,.T.);
#2262=EDGE_CURVE('',#1628,#1745,#722,.T.);
#2263=EDGE_CURVE('',#1749,#1624,#723,.T.);
#2264=EDGE_CURVE('',#1625,#1748,#724,.T.);
#2265=EDGE_CURVE('',#1834,#1769,#725,.T.);
#2266=EDGE_CURVE('',#1835,#1834,#726,.T.);
#2267=EDGE_CURVE('',#1835,#1768,#727,.T.);
#2268=EDGE_CURVE('',#1836,#1773,#728,.T.);
#2269=EDGE_CURVE('',#1834,#1836,#729,.T.);
#2270=EDGE_CURVE('',#1837,#1772,#730,.T.);
#2271=EDGE_CURVE('',#1836,#1837,#731,.T.);
#2272=EDGE_CURVE('',#1838,#1771,#732,.T.);
#2273=EDGE_CURVE('',#1837,#1838,#733,.T.);
#2274=EDGE_CURVE('',#1839,#1770,#734,.T.);
#2275=EDGE_CURVE('',#1838,#1839,#735,.T.);
#2276=EDGE_CURVE('',#1839,#1835,#736,.T.);
#2277=EDGE_CURVE('',#1766,#1598,#737,.T.);
#2278=EDGE_CURVE('',#1840,#1841,#738,.T.);
#2279=EDGE_CURVE('',#1840,#1842,#739,.T.);
#2280=EDGE_CURVE('',#1843,#1842,#740,.T.);
#2281=EDGE_CURVE('',#1841,#1843,#741,.T.);
#2282=EDGE_CURVE('',#1842,#1756,#742,.T.);
#2283=EDGE_CURVE('',#1844,#1755,#743,.T.);
#2284=EDGE_CURVE('',#1843,#1844,#744,.T.);
#2285=EDGE_CURVE('',#1754,#1845,#745,.T.);
#2286=EDGE_CURVE('',#1844,#1845,#746,.T.);
#2287=EDGE_CURVE('',#1841,#1845,#747,.T.);
#2288=EDGE_CURVE('',#1846,#1655,#748,.T.);
#2289=EDGE_CURVE('',#1847,#1846,#749,.T.);
#2290=EDGE_CURVE('',#1848,#1847,#750,.T.);
#2291=EDGE_CURVE('',#1849,#1848,#751,.T.);
#2292=EDGE_CURVE('',#1849,#1718,#752,.T.);
#2293=EDGE_CURVE('',#1850,#1849,#753,.T.);
#2294=EDGE_CURVE('',#1850,#1719,#754,.T.);
#2295=EDGE_CURVE('',#1851,#1850,#755,.T.);
#2296=EDGE_CURVE('',#1852,#1851,#756,.T.);
#2297=EDGE_CURVE('',#1853,#1852,#757,.T.);
#2298=EDGE_CURVE('',#1853,#1654,#758,.T.);
#2299=EDGE_CURVE('',#1851,#1831,#759,.T.);
#2300=EDGE_CURVE('',#1830,#1848,#760,.T.);
#2301=EDGE_CURVE('',#1846,#1853,#761,.T.);
#2302=EDGE_CURVE('',#1847,#1832,#762,.T.);
#2303=EDGE_CURVE('',#1833,#1852,#763,.T.);
#2304=EDGE_CURVE('',#1854,#1712,#764,.T.);
#2305=EDGE_CURVE('',#1855,#1661,#765,.T.);
#2306=EDGE_CURVE('',#1855,#1856,#766,.T.);
#2307=EDGE_CURVE('',#1856,#1857,#767,.T.);
#2308=EDGE_CURVE('',#1857,#1854,#768,.T.);
#2309=EDGE_CURVE('',#1854,#1858,#769,.T.);
#2310=EDGE_CURVE('',#1858,#1713,#770,.T.);
#2311=EDGE_CURVE('',#1858,#1859,#771,.T.);
#2312=EDGE_CURVE('',#1859,#1860,#772,.T.);
#2313=EDGE_CURVE('',#1860,#1861,#773,.T.);
#2314=EDGE_CURVE('',#1861,#1660,#774,.T.);
#2315=EDGE_CURVE('',#1859,#1829,#775,.T.);
#2316=EDGE_CURVE('',#1827,#1857,#776,.T.);
#2317=EDGE_CURVE('',#1861,#1855,#777,.T.);
#2318=EDGE_CURVE('',#1856,#1826,#778,.T.);
#2319=EDGE_CURVE('',#1828,#1860,#779,.T.);
#2320=EDGE_CURVE('',#1862,#1651,#780,.T.);
#2321=EDGE_CURVE('',#1863,#1862,#781,.T.);
#2322=EDGE_CURVE('',#1864,#1863,#782,.T.);
#2323=EDGE_CURVE('',#1865,#1864,#783,.T.);
#2324=EDGE_CURVE('',#1865,#1722,#784,.T.);
#2325=EDGE_CURVE('',#1866,#1865,#785,.T.);
#2326=EDGE_CURVE('',#1866,#1723,#786,.T.);
#2327=EDGE_CURVE('',#1867,#1866,#787,.T.);
#2328=EDGE_CURVE('',#1868,#1867,#788,.T.);
#2329=EDGE_CURVE('',#1869,#1868,#789,.T.);
#2330=EDGE_CURVE('',#1869,#1650,#790,.T.);
#2331=EDGE_CURVE('',#1867,#1823,#791,.T.);
#2332=EDGE_CURVE('',#1822,#1864,#792,.T.);
#2333=EDGE_CURVE('',#1870,#1647,#793,.T.);
#2334=EDGE_CURVE('',#1871,#1870,#794,.T.);
#2335=EDGE_CURVE('',#1872,#1871,#795,.T.);
#2336=EDGE_CURVE('',#1873,#1872,#796,.T.);
#2337=EDGE_CURVE('',#1873,#1726,#797,.T.);
#2338=EDGE_CURVE('',#1874,#1873,#798,.T.);
#2339=EDGE_CURVE('',#1874,#1727,#799,.T.);
#2340=EDGE_CURVE('',#1875,#1874,#800,.T.);
#2341=EDGE_CURVE('',#1876,#1875,#801,.T.);
#2342=EDGE_CURVE('',#1877,#1876,#802,.T.);
#2343=EDGE_CURVE('',#1877,#1646,#803,.T.);
#2344=EDGE_CURVE('',#1875,#1819,#804,.T.);
#2345=EDGE_CURVE('',#1818,#1872,#805,.T.);
#2346=EDGE_CURVE('',#1878,#1643,#806,.T.);
#2347=EDGE_CURVE('',#1879,#1878,#807,.T.);
#2348=EDGE_CURVE('',#1880,#1879,#808,.T.);
#2349=EDGE_CURVE('',#1881,#1880,#809,.T.);
#2350=EDGE_CURVE('',#1881,#1730,#810,.T.);
#2351=EDGE_CURVE('',#1882,#1881,#811,.T.);
#2352=EDGE_CURVE('',#1882,#1731,#812,.T.);
#2353=EDGE_CURVE('',#1883,#1882,#813,.T.);
#2354=EDGE_CURVE('',#1884,#1883,#814,.T.);
#2355=EDGE_CURVE('',#1885,#1884,#815,.T.);
#2356=EDGE_CURVE('',#1885,#1642,#816,.T.);
#2357=EDGE_CURVE('',#1883,#1815,#817,.T.);
#2358=EDGE_CURVE('',#1814,#1880,#818,.T.);
#2359=EDGE_CURVE('',#1886,#1639,#819,.T.);
#2360=EDGE_CURVE('',#1887,#1886,#820,.T.);
#2361=EDGE_CURVE('',#1888,#1887,#821,.T.);
#2362=EDGE_CURVE('',#1889,#1888,#822,.T.);
#2363=EDGE_CURVE('',#1889,#1734,#823,.T.);
#2364=EDGE_CURVE('',#1890,#1889,#824,.T.);
#2365=EDGE_CURVE('',#1890,#1735,#825,.T.);
#2366=EDGE_CURVE('',#1891,#1890,#826,.T.);
#2367=EDGE_CURVE('',#1892,#1891,#827,.T.);
#2368=EDGE_CURVE('',#1893,#1892,#828,.T.);
#2369=EDGE_CURVE('',#1893,#1638,#829,.T.);
#2370=EDGE_CURVE('',#1891,#1811,#830,.T.);
#2371=EDGE_CURVE('',#1810,#1888,#831,.T.);
#2372=EDGE_CURVE('',#1894,#1635,#832,.T.);
#2373=EDGE_CURVE('',#1895,#1894,#833,.T.);
#2374=EDGE_CURVE('',#1896,#1895,#834,.T.);
#2375=EDGE_CURVE('',#1897,#1896,#835,.T.);
#2376=EDGE_CURVE('',#1897,#1738,#836,.T.);
#2377=EDGE_CURVE('',#1898,#1897,#837,.T.);
#2378=EDGE_CURVE('',#1898,#1739,#838,.T.);
#2379=EDGE_CURVE('',#1899,#1898,#839,.T.);
#2380=EDGE_CURVE('',#1900,#1899,#840,.T.);
#2381=EDGE_CURVE('',#1901,#1900,#841,.T.);
#2382=EDGE_CURVE('',#1901,#1634,#842,.T.);
#2383=EDGE_CURVE('',#1899,#1807,#843,.T.);
#2384=EDGE_CURVE('',#1806,#1896,#844,.T.);
#2385=EDGE_CURVE('',#1902,#1631,#845,.T.);
#2386=EDGE_CURVE('',#1903,#1902,#846,.T.);
#2387=EDGE_CURVE('',#1904,#1903,#847,.T.);
#2388=EDGE_CURVE('',#1905,#1904,#848,.T.);
#2389=EDGE_CURVE('',#1905,#1742,#849,.T.);
#2390=EDGE_CURVE('',#1906,#1905,#850,.T.);
#2391=EDGE_CURVE('',#1906,#1743,#851,.T.);
#2392=EDGE_CURVE('',#1907,#1906,#852,.T.);
#2393=EDGE_CURVE('',#1908,#1907,#853,.T.);
#2394=EDGE_CURVE('',#1909,#1908,#854,.T.);
#2395=EDGE_CURVE('',#1909,#1630,#855,.T.);
#2396=EDGE_CURVE('',#1907,#1803,#856,.T.);
#2397=EDGE_CURVE('',#1802,#1904,#857,.T.);
#2398=EDGE_CURVE('',#1910,#1627,#858,.T.);
#2399=EDGE_CURVE('',#1911,#1910,#859,.T.);
#2400=EDGE_CURVE('',#1912,#1911,#860,.T.);
#2401=EDGE_CURVE('',#1913,#1912,#861,.T.);
#2402=EDGE_CURVE('',#1913,#1746,#862,.T.);
#2403=EDGE_CURVE('',#1914,#1913,#863,.T.);
#2404=EDGE_CURVE('',#1914,#1747,#864,.T.);
#2405=EDGE_CURVE('',#1915,#1914,#865,.T.);
#2406=EDGE_CURVE('',#1916,#1915,#866,.T.);
#2407=EDGE_CURVE('',#1917,#1916,#867,.T.);
#2408=EDGE_CURVE('',#1917,#1626,#868,.T.);
#2409=EDGE_CURVE('',#1915,#1799,#869,.T.);
#2410=EDGE_CURVE('',#1798,#1912,#870,.T.);
#2411=EDGE_CURVE('',#1910,#1917,#871,.T.);
#2412=EDGE_CURVE('',#1911,#1800,#872,.T.);
#2413=EDGE_CURVE('',#1801,#1916,#873,.T.);
#2414=EDGE_CURVE('',#1902,#1909,#874,.T.);
#2415=EDGE_CURVE('',#1903,#1804,#875,.T.);
#2416=EDGE_CURVE('',#1805,#1908,#876,.T.);
#2417=EDGE_CURVE('',#1894,#1901,#877,.T.);
#2418=EDGE_CURVE('',#1895,#1808,#878,.T.);
#2419=EDGE_CURVE('',#1809,#1900,#879,.T.);
#2420=EDGE_CURVE('',#1886,#1893,#880,.T.);
#2421=EDGE_CURVE('',#1887,#1812,#881,.T.);
#2422=EDGE_CURVE('',#1813,#1892,#882,.T.);
#2423=EDGE_CURVE('',#1878,#1885,#883,.T.);
#2424=EDGE_CURVE('',#1879,#1816,#884,.T.);
#2425=EDGE_CURVE('',#1817,#1884,#885,.T.);
#2426=EDGE_CURVE('',#1870,#1877,#886,.T.);
#2427=EDGE_CURVE('',#1871,#1820,#887,.T.);
#2428=EDGE_CURVE('',#1821,#1876,#888,.T.);
#2429=EDGE_CURVE('',#1862,#1869,#889,.T.);
#2430=EDGE_CURVE('',#1863,#1824,#890,.T.);
#2431=EDGE_CURVE('',#1825,#1868,#891,.T.);
#2432=EDGE_CURVE('',#1918,#1708,#892,.T.);
#2433=EDGE_CURVE('',#1919,#1665,#893,.T.);
#2434=EDGE_CURVE('',#1919,#1920,#894,.T.);
#2435=EDGE_CURVE('',#1920,#1921,#895,.T.);
#2436=EDGE_CURVE('',#1921,#1918,#896,.T.);
#2437=EDGE_CURVE('',#1918,#1922,#897,.T.);
#2438=EDGE_CURVE('',#1922,#1709,#898,.T.);
#2439=EDGE_CURVE('',#1922,#1923,#899,.T.);
#2440=EDGE_CURVE('',#1923,#1924,#900,.T.);
#2441=EDGE_CURVE('',#1924,#1925,#901,.T.);
#2442=EDGE_CURVE('',#1925,#1664,#902,.T.);
#2443=EDGE_CURVE('',#1923,#1797,#903,.T.);
#2444=EDGE_CURVE('',#1795,#1921,#904,.T.);
#2445=EDGE_CURVE('',#1925,#1919,#905,.T.);
#2446=EDGE_CURVE('',#1920,#1794,#906,.T.);
#2447=EDGE_CURVE('',#1796,#1924,#907,.T.);
#2448=EDGE_CURVE('',#1926,#1704,#908,.T.);
#2449=EDGE_CURVE('',#1927,#1669,#909,.T.);
#2450=EDGE_CURVE('',#1927,#1928,#910,.T.);
#2451=EDGE_CURVE('',#1928,#1929,#911,.T.);
#2452=EDGE_CURVE('',#1929,#1926,#912,.T.);
#2453=EDGE_CURVE('',#1926,#1930,#913,.T.);
#2454=EDGE_CURVE('',#1930,#1705,#914,.T.);
#2455=EDGE_CURVE('',#1930,#1931,#915,.T.);
#2456=EDGE_CURVE('',#1931,#1932,#916,.T.);
#2457=EDGE_CURVE('',#1932,#1933,#917,.T.);
#2458=EDGE_CURVE('',#1933,#1668,#918,.T.);
#2459=EDGE_CURVE('',#1931,#1793,#919,.T.);
#2460=EDGE_CURVE('',#1791,#1929,#920,.T.);
#2461=EDGE_CURVE('',#1933,#1927,#921,.T.);
#2462=EDGE_CURVE('',#1928,#1790,#922,.T.);
#2463=EDGE_CURVE('',#1792,#1932,#923,.T.);
#2464=EDGE_CURVE('',#1934,#1700,#924,.T.);
#2465=EDGE_CURVE('',#1935,#1673,#925,.T.);
#2466=EDGE_CURVE('',#1935,#1936,#926,.T.);
#2467=EDGE_CURVE('',#1936,#1937,#927,.T.);
#2468=EDGE_CURVE('',#1937,#1934,#928,.T.);
#2469=EDGE_CURVE('',#1934,#1938,#929,.T.);
#2470=EDGE_CURVE('',#1938,#1701,#930,.T.);
#2471=EDGE_CURVE('',#1938,#1939,#931,.T.);
#2472=EDGE_CURVE('',#1939,#1940,#932,.T.);
#2473=EDGE_CURVE('',#1940,#1941,#933,.T.);
#2474=EDGE_CURVE('',#1941,#1672,#934,.T.);
#2475=EDGE_CURVE('',#1939,#1789,#935,.T.);
#2476=EDGE_CURVE('',#1787,#1937,#936,.T.);
#2477=EDGE_CURVE('',#1941,#1935,#937,.T.);
#2478=EDGE_CURVE('',#1936,#1786,#938,.T.);
#2479=EDGE_CURVE('',#1788,#1940,#939,.T.);
#2480=EDGE_CURVE('',#1942,#1696,#940,.T.);
#2481=EDGE_CURVE('',#1943,#1677,#941,.T.);
#2482=EDGE_CURVE('',#1943,#1944,#942,.T.);
#2483=EDGE_CURVE('',#1944,#1945,#943,.T.);
#2484=EDGE_CURVE('',#1945,#1942,#944,.T.);
#2485=EDGE_CURVE('',#1942,#1946,#945,.T.);
#2486=EDGE_CURVE('',#1946,#1697,#946,.T.);
#2487=EDGE_CURVE('',#1946,#1947,#947,.T.);
#2488=EDGE_CURVE('',#1947,#1948,#948,.T.);
#2489=EDGE_CURVE('',#1948,#1949,#949,.T.);
#2490=EDGE_CURVE('',#1949,#1676,#950,.T.);
#2491=EDGE_CURVE('',#1947,#1785,#951,.T.);
#2492=EDGE_CURVE('',#1783,#1945,#952,.T.);
#2493=EDGE_CURVE('',#1949,#1943,#953,.T.);
#2494=EDGE_CURVE('',#1944,#1782,#954,.T.);
#2495=EDGE_CURVE('',#1784,#1948,#955,.T.);
#2496=EDGE_CURVE('',#1950,#1692,#956,.T.);
#2497=EDGE_CURVE('',#1951,#1681,#957,.T.);
#2498=EDGE_CURVE('',#1951,#1952,#958,.T.);
#2499=EDGE_CURVE('',#1952,#1953,#959,.T.);
#2500=EDGE_CURVE('',#1953,#1950,#960,.T.);
#2501=EDGE_CURVE('',#1950,#1954,#961,.T.);
#2502=EDGE_CURVE('',#1954,#1693,#962,.T.);
#2503=EDGE_CURVE('',#1954,#1955,#963,.T.);
#2504=EDGE_CURVE('',#1955,#1956,#964,.T.);
#2505=EDGE_CURVE('',#1956,#1957,#965,.T.);
#2506=EDGE_CURVE('',#1957,#1680,#966,.T.);
#2507=EDGE_CURVE('',#1955,#1781,#967,.T.);
#2508=EDGE_CURVE('',#1779,#1953,#968,.T.);
#2509=EDGE_CURVE('',#1957,#1951,#969,.T.);
#2510=EDGE_CURVE('',#1952,#1778,#970,.T.);
#2511=EDGE_CURVE('',#1780,#1956,#971,.T.);
#2512=EDGE_CURVE('',#1958,#1688,#972,.T.);
#2513=EDGE_CURVE('',#1959,#1685,#973,.T.);
#2514=EDGE_CURVE('',#1959,#1960,#974,.T.);
#2515=EDGE_CURVE('',#1960,#1961,#975,.T.);
#2516=EDGE_CURVE('',#1961,#1958,#976,.T.);
#2517=EDGE_CURVE('',#1958,#1962,#977,.T.);
#2518=EDGE_CURVE('',#1962,#1689,#978,.T.);
#2519=EDGE_CURVE('',#1962,#1963,#979,.T.);
#2520=EDGE_CURVE('',#1963,#1964,#980,.T.);
#2521=EDGE_CURVE('',#1964,#1965,#981,.T.);
#2522=EDGE_CURVE('',#1965,#1684,#982,.T.);
#2523=EDGE_CURVE('',#1963,#1777,#983,.T.);
#2524=EDGE_CURVE('',#1775,#1961,#984,.T.);
#2525=EDGE_CURVE('',#1965,#1959,#985,.T.);
#2526=EDGE_CURVE('',#1960,#1774,#986,.T.);
#2527=EDGE_CURVE('',#1776,#1964,#987,.T.);
#2528=EDGE_CURVE('',#1966,#1686,#988,.T.);
#2529=EDGE_CURVE('',#1967,#1623,#989,.T.);
#2530=EDGE_CURVE('',#1967,#1968,#990,.T.);
#2531=EDGE_CURVE('',#1968,#1969,#991,.T.);
#2532=EDGE_CURVE('',#1969,#1966,#992,.T.);
#2533=EDGE_CURVE('',#1966,#1970,#993,.T.);
#2534=EDGE_CURVE('',#1970,#1687,#994,.T.);
#2535=EDGE_CURVE('',#1970,#1971,#995,.T.);
#2536=EDGE_CURVE('',#1971,#1972,#996,.T.);
#2537=EDGE_CURVE('',#1972,#1973,#997,.T.);
#2538=EDGE_CURVE('',#1973,#1622,#998,.T.);
#2539=EDGE_CURVE('',#1971,#1621,#999,.T.);
#2540=EDGE_CURVE('',#1619,#1969,#1000,.T.);
#2541=EDGE_CURVE('',#1973,#1967,#1001,.T.);
#2542=EDGE_CURVE('',#1968,#1618,#1002,.T.);
#2543=EDGE_CURVE('',#1620,#1972,#1003,.T.);
#2544=EDGE_CURVE('',#1840,#1753,#1004,.T.);
#2545=EDGE_CURVE('',#1756,#1753,#1005,.T.);
#2546=EDGE_CURVE('',#1974,#1757,#1006,.T.);
#2547=EDGE_CURVE('',#1975,#1974,#1007,.T.);
#2548=EDGE_CURVE('',#1975,#1751,#1008,.T.);
#2549=EDGE_CURVE('',#1976,#1975,#1009,.T.);
#2550=EDGE_CURVE('',#1976,#1750,#1010,.T.);
#2551=EDGE_CURVE('',#1977,#1976,#1011,.T.);
#2552=EDGE_CURVE('',#1977,#1752,#1012,.T.);
#2553=EDGE_CURVE('',#1974,#1977,#1013,.T.);
#2554=EDGE_CURVE('',#1767,#1766,#1014,.T.);
#2555=EDGE_CURVE('',#1599,#1767,#1015,.T.);
#2556=EDGE_CURVE('',#1978,#1762,#1016,.T.);
#2557=EDGE_CURVE('',#1979,#1763,#1017,.T.);
#2558=EDGE_CURVE('',#1978,#1979,#1018,.T.);
#2559=EDGE_CURVE('',#1980,#1978,#1019,.T.);
#2560=EDGE_CURVE('',#1980,#1764,#1020,.T.);
#2561=EDGE_CURVE('',#1981,#1980,#1021,.T.);
#2562=EDGE_CURVE('',#1981,#1765,#1022,.T.);
#2563=EDGE_CURVE('',#1979,#1981,#1023,.T.);
#2564=EDGE_CURVE('',#1982,#1759,#1024,.T.);
#2565=EDGE_CURVE('',#1983,#1982,#1025,.T.);
#2566=EDGE_CURVE('',#1983,#1758,#1026,.T.);
#2567=EDGE_CURVE('',#1984,#1983,#1027,.T.);
#2568=EDGE_CURVE('',#1984,#1760,#1028,.T.);
#2569=EDGE_CURVE('',#1985,#1984,#1029,.T.);
#2570=EDGE_CURVE('',#1985,#1761,#1030,.T.);
#2571=EDGE_CURVE('',#1982,#1985,#1031,.T.);
#2572=EDGE_CURVE('',#1986,#1608,#1032,.T.);
#2573=EDGE_CURVE('',#1987,#1986,#1033,.T.);
#2574=EDGE_CURVE('',#1609,#1987,#1034,.T.);
#2575=EDGE_CURVE('',#1607,#1988,#1035,.T.);
#2576=EDGE_CURVE('',#1989,#1606,#1036,.T.);
#2577=EDGE_CURVE('',#1988,#1989,#1037,.T.);
#2578=EDGE_CURVE('',#1988,#1986,#1038,.T.);
#2579=EDGE_CURVE('',#1989,#1987,#1039,.T.);
#2580=ORIENTED_EDGE('',*,*,#1990,.T.);
#2581=ORIENTED_EDGE('',*,*,#1991,.T.);
#2582=ORIENTED_EDGE('',*,*,#1992,.F.);
#2583=ORIENTED_EDGE('',*,*,#1993,.T.);
#2584=ORIENTED_EDGE('',*,*,#1994,.F.);
#2585=ORIENTED_EDGE('',*,*,#1995,.T.);
#2586=ORIENTED_EDGE('',*,*,#1996,.F.);
#2587=ORIENTED_EDGE('',*,*,#1997,.F.);
#2588=ORIENTED_EDGE('',*,*,#1998,.T.);
#2589=ORIENTED_EDGE('',*,*,#1999,.T.);
#2590=ORIENTED_EDGE('',*,*,#2000,.T.);
#2591=ORIENTED_EDGE('',*,*,#2001,.T.);
#2592=ORIENTED_EDGE('',*,*,#1992,.T.);
#2593=ORIENTED_EDGE('',*,*,#2002,.F.);
#2594=ORIENTED_EDGE('',*,*,#1997,.T.);
#2595=ORIENTED_EDGE('',*,*,#2003,.T.);
#2596=ORIENTED_EDGE('',*,*,#2004,.F.);
#2597=ORIENTED_EDGE('',*,*,#2005,.T.);
#2598=ORIENTED_EDGE('',*,*,#2006,.T.);
#2599=ORIENTED_EDGE('',*,*,#2007,.F.);
#2600=ORIENTED_EDGE('',*,*,#2008,.T.);
#2601=ORIENTED_EDGE('',*,*,#2009,.T.);
#2602=ORIENTED_EDGE('',*,*,#2010,.F.);
#2603=ORIENTED_EDGE('',*,*,#2011,.T.);
#2604=ORIENTED_EDGE('',*,*,#2012,.F.);
#2605=ORIENTED_EDGE('',*,*,#2013,.T.);
#2606=ORIENTED_EDGE('',*,*,#2014,.F.);
#2607=ORIENTED_EDGE('',*,*,#2015,.T.);
#2608=ORIENTED_EDGE('',*,*,#2016,.T.);
#2609=ORIENTED_EDGE('',*,*,#2017,.T.);
#2610=ORIENTED_EDGE('',*,*,#2018,.T.);
#2611=ORIENTED_EDGE('',*,*,#2008,.F.);
#2612=ORIENTED_EDGE('',*,*,#2019,.F.);
#2613=ORIENTED_EDGE('',*,*,#2020,.F.);
#2614=ORIENTED_EDGE('',*,*,#2021,.F.);
#2615=ORIENTED_EDGE('',*,*,#2022,.F.);
#2616=ORIENTED_EDGE('',*,*,#2023,.F.);
#2617=ORIENTED_EDGE('',*,*,#2024,.F.);
#2618=ORIENTED_EDGE('',*,*,#2025,.F.);
#2619=ORIENTED_EDGE('',*,*,#2026,.F.);
#2620=ORIENTED_EDGE('',*,*,#2027,.F.);
#2621=ORIENTED_EDGE('',*,*,#2028,.F.);
#2622=ORIENTED_EDGE('',*,*,#2029,.F.);
#2623=ORIENTED_EDGE('',*,*,#2030,.F.);
#2624=ORIENTED_EDGE('',*,*,#2031,.F.);
#2625=ORIENTED_EDGE('',*,*,#2032,.F.);
#2626=ORIENTED_EDGE('',*,*,#2033,.F.);
#2627=ORIENTED_EDGE('',*,*,#2034,.F.);
#2628=ORIENTED_EDGE('',*,*,#2035,.F.);
#2629=ORIENTED_EDGE('',*,*,#2036,.F.);
#2630=ORIENTED_EDGE('',*,*,#2037,.F.);
#2631=ORIENTED_EDGE('',*,*,#2038,.F.);
#2632=ORIENTED_EDGE('',*,*,#2039,.F.);
#2633=ORIENTED_EDGE('',*,*,#2040,.F.);
#2634=ORIENTED_EDGE('',*,*,#2041,.F.);
#2635=ORIENTED_EDGE('',*,*,#2042,.F.);
#2636=ORIENTED_EDGE('',*,*,#2043,.F.);
#2637=ORIENTED_EDGE('',*,*,#2044,.F.);
#2638=ORIENTED_EDGE('',*,*,#2045,.F.);
#2639=ORIENTED_EDGE('',*,*,#2046,.F.);
#2640=ORIENTED_EDGE('',*,*,#2047,.F.);
#2641=ORIENTED_EDGE('',*,*,#2048,.F.);
#2642=ORIENTED_EDGE('',*,*,#2049,.F.);
#2643=ORIENTED_EDGE('',*,*,#2050,.F.);
#2644=ORIENTED_EDGE('',*,*,#2051,.F.);
#2645=ORIENTED_EDGE('',*,*,#2052,.F.);
#2646=ORIENTED_EDGE('',*,*,#2053,.F.);
#2647=ORIENTED_EDGE('',*,*,#2054,.F.);
#2648=ORIENTED_EDGE('',*,*,#2055,.T.);
#2649=ORIENTED_EDGE('',*,*,#2056,.T.);
#2650=ORIENTED_EDGE('',*,*,#2057,.T.);
#2651=ORIENTED_EDGE('',*,*,#2058,.F.);
#2652=ORIENTED_EDGE('',*,*,#2059,.T.);
#2653=ORIENTED_EDGE('',*,*,#2060,.T.);
#2654=ORIENTED_EDGE('',*,*,#2061,.T.);
#2655=ORIENTED_EDGE('',*,*,#2062,.F.);
#2656=ORIENTED_EDGE('',*,*,#2063,.T.);
#2657=ORIENTED_EDGE('',*,*,#2064,.T.);
#2658=ORIENTED_EDGE('',*,*,#2065,.T.);
#2659=ORIENTED_EDGE('',*,*,#2066,.F.);
#2660=ORIENTED_EDGE('',*,*,#2067,.T.);
#2661=ORIENTED_EDGE('',*,*,#2068,.T.);
#2662=ORIENTED_EDGE('',*,*,#2069,.T.);
#2663=ORIENTED_EDGE('',*,*,#2070,.F.);
#2664=ORIENTED_EDGE('',*,*,#2071,.T.);
#2665=ORIENTED_EDGE('',*,*,#2072,.T.);
#2666=ORIENTED_EDGE('',*,*,#2073,.T.);
#2667=ORIENTED_EDGE('',*,*,#2074,.F.);
#2668=ORIENTED_EDGE('',*,*,#2075,.T.);
#2669=ORIENTED_EDGE('',*,*,#2076,.T.);
#2670=ORIENTED_EDGE('',*,*,#2077,.T.);
#2671=ORIENTED_EDGE('',*,*,#2078,.F.);
#2672=ORIENTED_EDGE('',*,*,#2079,.T.);
#2673=ORIENTED_EDGE('',*,*,#2080,.T.);
#2674=ORIENTED_EDGE('',*,*,#2081,.T.);
#2675=ORIENTED_EDGE('',*,*,#2005,.F.);
#2676=ORIENTED_EDGE('',*,*,#2010,.T.);
#2677=ORIENTED_EDGE('',*,*,#2082,.T.);
#2678=ORIENTED_EDGE('',*,*,#2083,.T.);
#2679=ORIENTED_EDGE('',*,*,#2084,.T.);
#2680=ORIENTED_EDGE('',*,*,#2007,.T.);
#2681=ORIENTED_EDGE('',*,*,#2085,.T.);
#2682=ORIENTED_EDGE('',*,*,#2086,.T.);
#2683=ORIENTED_EDGE('',*,*,#2087,.T.);
#2684=ORIENTED_EDGE('',*,*,#2088,.T.);
#2685=ORIENTED_EDGE('',*,*,#2089,.T.);
#2686=ORIENTED_EDGE('',*,*,#2090,.T.);
#2687=ORIENTED_EDGE('',*,*,#2091,.T.);
#2688=ORIENTED_EDGE('',*,*,#2092,.T.);
#2689=ORIENTED_EDGE('',*,*,#2093,.T.);
#2690=ORIENTED_EDGE('',*,*,#2094,.T.);
#2691=ORIENTED_EDGE('',*,*,#2095,.T.);
#2692=ORIENTED_EDGE('',*,*,#2096,.T.);
#2693=ORIENTED_EDGE('',*,*,#2097,.T.);
#2694=ORIENTED_EDGE('',*,*,#2098,.T.);
#2695=ORIENTED_EDGE('',*,*,#2099,.T.);
#2696=ORIENTED_EDGE('',*,*,#2100,.T.);
#2697=ORIENTED_EDGE('',*,*,#2101,.T.);
#2698=ORIENTED_EDGE('',*,*,#2102,.T.);
#2699=ORIENTED_EDGE('',*,*,#2103,.T.);
#2700=ORIENTED_EDGE('',*,*,#2104,.T.);
#2701=ORIENTED_EDGE('',*,*,#2105,.T.);
#2702=ORIENTED_EDGE('',*,*,#2106,.T.);
#2703=ORIENTED_EDGE('',*,*,#2107,.T.);
#2704=ORIENTED_EDGE('',*,*,#2108,.T.);
#2705=ORIENTED_EDGE('',*,*,#2109,.T.);
#2706=ORIENTED_EDGE('',*,*,#2110,.T.);
#2707=ORIENTED_EDGE('',*,*,#2111,.T.);
#2708=ORIENTED_EDGE('',*,*,#2112,.T.);
#2709=ORIENTED_EDGE('',*,*,#2113,.T.);
#2710=ORIENTED_EDGE('',*,*,#2114,.T.);
#2711=ORIENTED_EDGE('',*,*,#2115,.F.);
#2712=ORIENTED_EDGE('',*,*,#2116,.F.);
#2713=ORIENTED_EDGE('',*,*,#2117,.F.);
#2714=ORIENTED_EDGE('',*,*,#2118,.T.);
#2715=ORIENTED_EDGE('',*,*,#2119,.F.);
#2716=ORIENTED_EDGE('',*,*,#2120,.F.);
#2717=ORIENTED_EDGE('',*,*,#2121,.F.);
#2718=ORIENTED_EDGE('',*,*,#2122,.T.);
#2719=ORIENTED_EDGE('',*,*,#2123,.F.);
#2720=ORIENTED_EDGE('',*,*,#2124,.F.);
#2721=ORIENTED_EDGE('',*,*,#2125,.F.);
#2722=ORIENTED_EDGE('',*,*,#2126,.T.);
#2723=ORIENTED_EDGE('',*,*,#2127,.F.);
#2724=ORIENTED_EDGE('',*,*,#2128,.F.);
#2725=ORIENTED_EDGE('',*,*,#2129,.F.);
#2726=ORIENTED_EDGE('',*,*,#2130,.T.);
#2727=ORIENTED_EDGE('',*,*,#2131,.F.);
#2728=ORIENTED_EDGE('',*,*,#2132,.F.);
#2729=ORIENTED_EDGE('',*,*,#2133,.F.);
#2730=ORIENTED_EDGE('',*,*,#2134,.T.);
#2731=ORIENTED_EDGE('',*,*,#2135,.F.);
#2732=ORIENTED_EDGE('',*,*,#2136,.F.);
#2733=ORIENTED_EDGE('',*,*,#2137,.F.);
#2734=ORIENTED_EDGE('',*,*,#2138,.T.);
#2735=ORIENTED_EDGE('',*,*,#2139,.F.);
#2736=ORIENTED_EDGE('',*,*,#2140,.F.);
#2737=ORIENTED_EDGE('',*,*,#2141,.F.);
#2738=ORIENTED_EDGE('',*,*,#2142,.T.);
#2739=ORIENTED_EDGE('',*,*,#2143,.F.);
#2740=ORIENTED_EDGE('',*,*,#2144,.F.);
#2741=ORIENTED_EDGE('',*,*,#2145,.F.);
#2742=ORIENTED_EDGE('',*,*,#2146,.T.);
#2743=ORIENTED_EDGE('',*,*,#2147,.T.);
#2744=ORIENTED_EDGE('',*,*,#2148,.F.);
#2745=ORIENTED_EDGE('',*,*,#2149,.F.);
#2746=ORIENTED_EDGE('',*,*,#2150,.F.);
#2747=ORIENTED_EDGE('',*,*,#2151,.T.);
#2748=ORIENTED_EDGE('',*,*,#2152,.F.);
#2749=ORIENTED_EDGE('',*,*,#2153,.F.);
#2750=ORIENTED_EDGE('',*,*,#2154,.F.);
#2751=ORIENTED_EDGE('',*,*,#2155,.F.);
#2752=ORIENTED_EDGE('',*,*,#2156,.F.);
#2753=ORIENTED_EDGE('',*,*,#2157,.F.);
#2754=ORIENTED_EDGE('',*,*,#2158,.F.);
#2755=ORIENTED_EDGE('',*,*,#2159,.F.);
#2756=ORIENTED_EDGE('',*,*,#2160,.F.);
#2757=ORIENTED_EDGE('',*,*,#2161,.F.);
#2758=ORIENTED_EDGE('',*,*,#2162,.F.);
#2759=ORIENTED_EDGE('',*,*,#2163,.F.);
#2760=ORIENTED_EDGE('',*,*,#2164,.F.);
#2761=ORIENTED_EDGE('',*,*,#1995,.F.);
#2762=ORIENTED_EDGE('',*,*,#2165,.F.);
#2763=ORIENTED_EDGE('',*,*,#2166,.F.);
#2764=ORIENTED_EDGE('',*,*,#2167,.F.);
#2765=ORIENTED_EDGE('',*,*,#2168,.F.);
#2766=ORIENTED_EDGE('',*,*,#2169,.F.);
#2767=ORIENTED_EDGE('',*,*,#2170,.F.);
#2768=ORIENTED_EDGE('',*,*,#2171,.F.);
#2769=ORIENTED_EDGE('',*,*,#2172,.F.);
#2770=ORIENTED_EDGE('',*,*,#2173,.F.);
#2771=ORIENTED_EDGE('',*,*,#2078,.T.);
#2772=ORIENTED_EDGE('',*,*,#2174,.T.);
#2773=ORIENTED_EDGE('',*,*,#2088,.F.);
#2774=ORIENTED_EDGE('',*,*,#2175,.F.);
#2775=ORIENTED_EDGE('',*,*,#2176,.T.);
#2776=ORIENTED_EDGE('',*,*,#2177,.F.);
#2777=ORIENTED_EDGE('',*,*,#2178,.T.);
#2778=ORIENTED_EDGE('',*,*,#2179,.F.);
#2779=ORIENTED_EDGE('',*,*,#2074,.T.);
#2780=ORIENTED_EDGE('',*,*,#2180,.T.);
#2781=ORIENTED_EDGE('',*,*,#2092,.F.);
#2782=ORIENTED_EDGE('',*,*,#2181,.F.);
#2783=ORIENTED_EDGE('',*,*,#2182,.T.);
#2784=ORIENTED_EDGE('',*,*,#2183,.F.);
#2785=ORIENTED_EDGE('',*,*,#2184,.T.);
#2786=ORIENTED_EDGE('',*,*,#2185,.F.);
#2787=ORIENTED_EDGE('',*,*,#2070,.T.);
#2788=ORIENTED_EDGE('',*,*,#2186,.T.);
#2789=ORIENTED_EDGE('',*,*,#2096,.F.);
#2790=ORIENTED_EDGE('',*,*,#2187,.F.);
#2791=ORIENTED_EDGE('',*,*,#2188,.T.);
#2792=ORIENTED_EDGE('',*,*,#2189,.F.);
#2793=ORIENTED_EDGE('',*,*,#2190,.T.);
#2794=ORIENTED_EDGE('',*,*,#2191,.F.);
#2795=ORIENTED_EDGE('',*,*,#2066,.T.);
#2796=ORIENTED_EDGE('',*,*,#2192,.T.);
#2797=ORIENTED_EDGE('',*,*,#2100,.F.);
#2798=ORIENTED_EDGE('',*,*,#2193,.F.);
#2799=ORIENTED_EDGE('',*,*,#2194,.T.);
#2800=ORIENTED_EDGE('',*,*,#2195,.F.);
#2801=ORIENTED_EDGE('',*,*,#2196,.T.);
#2802=ORIENTED_EDGE('',*,*,#2197,.F.);
#2803=ORIENTED_EDGE('',*,*,#2062,.T.);
#2804=ORIENTED_EDGE('',*,*,#2198,.T.);
#2805=ORIENTED_EDGE('',*,*,#2104,.F.);
#2806=ORIENTED_EDGE('',*,*,#2199,.F.);
#2807=ORIENTED_EDGE('',*,*,#2200,.T.);
#2808=ORIENTED_EDGE('',*,*,#2201,.F.);
#2809=ORIENTED_EDGE('',*,*,#2202,.T.);
#2810=ORIENTED_EDGE('',*,*,#2203,.F.);
#2811=ORIENTED_EDGE('',*,*,#2058,.T.);
#2812=ORIENTED_EDGE('',*,*,#2204,.T.);
#2813=ORIENTED_EDGE('',*,*,#2108,.F.);
#2814=ORIENTED_EDGE('',*,*,#2205,.F.);
#2815=ORIENTED_EDGE('',*,*,#2206,.T.);
#2816=ORIENTED_EDGE('',*,*,#2207,.F.);
#2817=ORIENTED_EDGE('',*,*,#2208,.T.);
#2818=ORIENTED_EDGE('',*,*,#2209,.F.);
#2819=ORIENTED_EDGE('',*,*,#2210,.T.);
#2820=ORIENTED_EDGE('',*,*,#2211,.F.);
#2821=ORIENTED_EDGE('',*,*,#2212,.T.);
#2822=ORIENTED_EDGE('',*,*,#2213,.F.);
#2823=ORIENTED_EDGE('',*,*,#2214,.T.);
#2824=ORIENTED_EDGE('',*,*,#2215,.F.);
#2825=ORIENTED_EDGE('',*,*,#2216,.T.);
#2826=ORIENTED_EDGE('',*,*,#2217,.F.);
#2827=ORIENTED_EDGE('',*,*,#2218,.T.);
#2828=ORIENTED_EDGE('',*,*,#2219,.F.);
#2829=ORIENTED_EDGE('',*,*,#2220,.T.);
#2830=ORIENTED_EDGE('',*,*,#2221,.F.);
#2831=ORIENTED_EDGE('',*,*,#2222,.T.);
#2832=ORIENTED_EDGE('',*,*,#2223,.F.);
#2833=ORIENTED_EDGE('',*,*,#2224,.T.);
#2834=ORIENTED_EDGE('',*,*,#2225,.F.);
#2835=ORIENTED_EDGE('',*,*,#2226,.T.);
#2836=ORIENTED_EDGE('',*,*,#2227,.F.);
#2837=ORIENTED_EDGE('',*,*,#2228,.T.);
#2838=ORIENTED_EDGE('',*,*,#2229,.F.);
#2839=ORIENTED_EDGE('',*,*,#2230,.T.);
#2840=ORIENTED_EDGE('',*,*,#2231,.F.);
#2841=ORIENTED_EDGE('',*,*,#2232,.T.);
#2842=ORIENTED_EDGE('',*,*,#2233,.F.);
#2843=ORIENTED_EDGE('',*,*,#2234,.T.);
#2844=ORIENTED_EDGE('',*,*,#2235,.F.);
#2845=ORIENTED_EDGE('',*,*,#2236,.T.);
#2846=ORIENTED_EDGE('',*,*,#2237,.F.);
#2847=ORIENTED_EDGE('',*,*,#2054,.T.);
#2848=ORIENTED_EDGE('',*,*,#2238,.F.);
#2849=ORIENTED_EDGE('',*,*,#2112,.F.);
#2850=ORIENTED_EDGE('',*,*,#2239,.F.);
#2851=ORIENTED_EDGE('',*,*,#2240,.T.);
#2852=ORIENTED_EDGE('',*,*,#2241,.F.);
#2853=ORIENTED_EDGE('',*,*,#2242,.T.);
#2854=ORIENTED_EDGE('',*,*,#2243,.F.);
#2855=ORIENTED_EDGE('',*,*,#2244,.T.);
#2856=ORIENTED_EDGE('',*,*,#2245,.F.);
#2857=ORIENTED_EDGE('',*,*,#2246,.T.);
#2858=ORIENTED_EDGE('',*,*,#2052,.T.);
#2859=ORIENTED_EDGE('',*,*,#2247,.T.);
#2860=ORIENTED_EDGE('',*,*,#2114,.F.);
#2861=ORIENTED_EDGE('',*,*,#2248,.T.);
#2862=ORIENTED_EDGE('',*,*,#2048,.T.);
#2863=ORIENTED_EDGE('',*,*,#2249,.T.);
#2864=ORIENTED_EDGE('',*,*,#2118,.F.);
#2865=ORIENTED_EDGE('',*,*,#2250,.F.);
#2866=ORIENTED_EDGE('',*,*,#2251,.F.);
#2867=ORIENTED_EDGE('',*,*,#2044,.T.);
#2868=ORIENTED_EDGE('',*,*,#2252,.T.);
#2869=ORIENTED_EDGE('',*,*,#2122,.F.);
#2870=ORIENTED_EDGE('',*,*,#2253,.F.);
#2871=ORIENTED_EDGE('',*,*,#2040,.T.);
#2872=ORIENTED_EDGE('',*,*,#2254,.T.);
#2873=ORIENTED_EDGE('',*,*,#2126,.F.);
#2874=ORIENTED_EDGE('',*,*,#2255,.F.);
#2875=ORIENTED_EDGE('',*,*,#2036,.T.);
#2876=ORIENTED_EDGE('',*,*,#2256,.T.);
#2877=ORIENTED_EDGE('',*,*,#2130,.F.);
#2878=ORIENTED_EDGE('',*,*,#2257,.F.);
#2879=ORIENTED_EDGE('',*,*,#2032,.T.);
#2880=ORIENTED_EDGE('',*,*,#2258,.T.);
#2881=ORIENTED_EDGE('',*,*,#2134,.F.);
#2882=ORIENTED_EDGE('',*,*,#2259,.F.);
#2883=ORIENTED_EDGE('',*,*,#2028,.T.);
#2884=ORIENTED_EDGE('',*,*,#2260,.T.);
#2885=ORIENTED_EDGE('',*,*,#2138,.F.);
#2886=ORIENTED_EDGE('',*,*,#2261,.F.);
#2887=ORIENTED_EDGE('',*,*,#2024,.T.);
#2888=ORIENTED_EDGE('',*,*,#2262,.T.);
#2889=ORIENTED_EDGE('',*,*,#2142,.F.);
#2890=ORIENTED_EDGE('',*,*,#2019,.T.);
#2891=ORIENTED_EDGE('',*,*,#2011,.F.);
#2892=ORIENTED_EDGE('',*,*,#2147,.F.);
#2893=ORIENTED_EDGE('',*,*,#2263,.T.);
#2894=ORIENTED_EDGE('',*,*,#2053,.T.);
#2895=ORIENTED_EDGE('',*,*,#2248,.F.);
#2896=ORIENTED_EDGE('',*,*,#2113,.F.);
#2897=ORIENTED_EDGE('',*,*,#2238,.T.);
#2898=ORIENTED_EDGE('',*,*,#2264,.F.);
#2899=ORIENTED_EDGE('',*,*,#2020,.T.);
#2900=ORIENTED_EDGE('',*,*,#2263,.F.);
#2901=ORIENTED_EDGE('',*,*,#2146,.F.);
#2902=ORIENTED_EDGE('',*,*,#2167,.T.);
#2903=ORIENTED_EDGE('',*,*,#2265,.F.);
#2904=ORIENTED_EDGE('',*,*,#2266,.F.);
#2905=ORIENTED_EDGE('',*,*,#2267,.T.);
#2906=ORIENTED_EDGE('',*,*,#2172,.T.);
#2907=ORIENTED_EDGE('',*,*,#2268,.F.);
#2908=ORIENTED_EDGE('',*,*,#2269,.F.);
#2909=ORIENTED_EDGE('',*,*,#2265,.T.);
#2910=ORIENTED_EDGE('',*,*,#2171,.T.);
#2911=ORIENTED_EDGE('',*,*,#2270,.F.);
#2912=ORIENTED_EDGE('',*,*,#2271,.F.);
#2913=ORIENTED_EDGE('',*,*,#2268,.T.);
#2914=ORIENTED_EDGE('',*,*,#2170,.T.);
#2915=ORIENTED_EDGE('',*,*,#2272,.F.);
#2916=ORIENTED_EDGE('',*,*,#2273,.F.);
#2917=ORIENTED_EDGE('',*,*,#2270,.T.);
#2918=ORIENTED_EDGE('',*,*,#2169,.T.);
#2919=ORIENTED_EDGE('',*,*,#2274,.F.);
#2920=ORIENTED_EDGE('',*,*,#2275,.F.);
#2921=ORIENTED_EDGE('',*,*,#2272,.T.);
#2922=ORIENTED_EDGE('',*,*,#2168,.T.);
#2923=ORIENTED_EDGE('',*,*,#2267,.F.);
#2924=ORIENTED_EDGE('',*,*,#2276,.F.);
#2925=ORIENTED_EDGE('',*,*,#2274,.T.);
#2926=ORIENTED_EDGE('',*,*,#2266,.T.);
#2927=ORIENTED_EDGE('',*,*,#2269,.T.);
#2928=ORIENTED_EDGE('',*,*,#2271,.T.);
#2929=ORIENTED_EDGE('',*,*,#2273,.T.);
#2930=ORIENTED_EDGE('',*,*,#2275,.T.);
#2931=ORIENTED_EDGE('',*,*,#2276,.T.);
#2932=ORIENTED_EDGE('',*,*,#2164,.T.);
#2933=ORIENTED_EDGE('',*,*,#2277,.T.);
#2934=ORIENTED_EDGE('',*,*,#1993,.F.);
#2935=ORIENTED_EDGE('',*,*,#2003,.F.);
#2936=ORIENTED_EDGE('',*,*,#1996,.T.);
#2937=ORIENTED_EDGE('',*,*,#2278,.F.);
#2938=ORIENTED_EDGE('',*,*,#2279,.T.);
#2939=ORIENTED_EDGE('',*,*,#2280,.F.);
#2940=ORIENTED_EDGE('',*,*,#2281,.F.);
#2941=ORIENTED_EDGE('',*,*,#2282,.T.);
#2942=ORIENTED_EDGE('',*,*,#2153,.T.);
#2943=ORIENTED_EDGE('',*,*,#2283,.F.);
#2944=ORIENTED_EDGE('',*,*,#2284,.F.);
#2945=ORIENTED_EDGE('',*,*,#2280,.T.);
#2946=ORIENTED_EDGE('',*,*,#2152,.T.);
#2947=ORIENTED_EDGE('',*,*,#2285,.T.);
#2948=ORIENTED_EDGE('',*,*,#2286,.F.);
#2949=ORIENTED_EDGE('',*,*,#2283,.T.);
#2950=ORIENTED_EDGE('',*,*,#2286,.T.);
#2951=ORIENTED_EDGE('',*,*,#2287,.F.);
#2952=ORIENTED_EDGE('',*,*,#2281,.T.);
#2953=ORIENTED_EDGE('',*,*,#2284,.T.);
#2954=ORIENTED_EDGE('',*,*,#2115,.T.);
#2955=ORIENTED_EDGE('',*,*,#2247,.F.);
#2956=ORIENTED_EDGE('',*,*,#2051,.T.);
#2957=ORIENTED_EDGE('',*,*,#2288,.F.);
#2958=ORIENTED_EDGE('',*,*,#2289,.F.);
#2959=ORIENTED_EDGE('',*,*,#2290,.F.);
#2960=ORIENTED_EDGE('',*,*,#2291,.F.);
#2961=ORIENTED_EDGE('',*,*,#2292,.T.);
#2962=ORIENTED_EDGE('',*,*,#2116,.T.);
#2963=ORIENTED_EDGE('',*,*,#2292,.F.);
#2964=ORIENTED_EDGE('',*,*,#2293,.F.);
#2965=ORIENTED_EDGE('',*,*,#2294,.T.);
#2966=ORIENTED_EDGE('',*,*,#2295,.F.);
#2967=ORIENTED_EDGE('',*,*,#2296,.F.);
#2968=ORIENTED_EDGE('',*,*,#2297,.F.);
#2969=ORIENTED_EDGE('',*,*,#2298,.T.);
#2970=ORIENTED_EDGE('',*,*,#2049,.T.);
#2971=ORIENTED_EDGE('',*,*,#2250,.T.);
#2972=ORIENTED_EDGE('',*,*,#2117,.T.);
#2973=ORIENTED_EDGE('',*,*,#2294,.F.);
#2974=ORIENTED_EDGE('',*,*,#2299,.F.);
#2975=ORIENTED_EDGE('',*,*,#2295,.T.);
#2976=ORIENTED_EDGE('',*,*,#2293,.T.);
#2977=ORIENTED_EDGE('',*,*,#2291,.T.);
#2978=ORIENTED_EDGE('',*,*,#2300,.F.);
#2979=ORIENTED_EDGE('',*,*,#2243,.T.);
#2980=ORIENTED_EDGE('',*,*,#2050,.T.);
#2981=ORIENTED_EDGE('',*,*,#2298,.F.);
#2982=ORIENTED_EDGE('',*,*,#2301,.F.);
#2983=ORIENTED_EDGE('',*,*,#2288,.T.);
#2984=ORIENTED_EDGE('',*,*,#2302,.F.);
#2985=ORIENTED_EDGE('',*,*,#2289,.T.);
#2986=ORIENTED_EDGE('',*,*,#2301,.T.);
#2987=ORIENTED_EDGE('',*,*,#2297,.T.);
#2988=ORIENTED_EDGE('',*,*,#2303,.F.);
#2989=ORIENTED_EDGE('',*,*,#2245,.T.);
#2990=ORIENTED_EDGE('',*,*,#2299,.T.);
#2991=ORIENTED_EDGE('',*,*,#2246,.F.);
#2992=ORIENTED_EDGE('',*,*,#2303,.T.);
#2993=ORIENTED_EDGE('',*,*,#2296,.T.);
#2994=ORIENTED_EDGE('',*,*,#2300,.T.);
#2995=ORIENTED_EDGE('',*,*,#2290,.T.);
#2996=ORIENTED_EDGE('',*,*,#2302,.T.);
#2997=ORIENTED_EDGE('',*,*,#2244,.F.);
#2998=ORIENTED_EDGE('',*,*,#2304,.T.);
#2999=ORIENTED_EDGE('',*,*,#2109,.F.);
#3000=ORIENTED_EDGE('',*,*,#2204,.F.);
#3001=ORIENTED_EDGE('',*,*,#2057,.F.);
#3002=ORIENTED_EDGE('',*,*,#2305,.F.);
#3003=ORIENTED_EDGE('',*,*,#2306,.T.);
#3004=ORIENTED_EDGE('',*,*,#2307,.T.);
#3005=ORIENTED_EDGE('',*,*,#2308,.T.);
#3006=ORIENTED_EDGE('',*,*,#2110,.F.);
#3007=ORIENTED_EDGE('',*,*,#2304,.F.);
#3008=ORIENTED_EDGE('',*,*,#2309,.T.);
#3009=ORIENTED_EDGE('',*,*,#2310,.T.);
#3010=ORIENTED_EDGE('',*,*,#2311,.T.);
#3011=ORIENTED_EDGE('',*,*,#2312,.T.);
#3012=ORIENTED_EDGE('',*,*,#2313,.T.);
#3013=ORIENTED_EDGE('',*,*,#2314,.T.);
#3014=ORIENTED_EDGE('',*,*,#2055,.F.);
#3015=ORIENTED_EDGE('',*,*,#2237,.T.);
#3016=ORIENTED_EDGE('',*,*,#2111,.F.);
#3017=ORIENTED_EDGE('',*,*,#2310,.F.);
#3018=ORIENTED_EDGE('',*,*,#2315,.F.);
#3019=ORIENTED_EDGE('',*,*,#2311,.F.);
#3020=ORIENTED_EDGE('',*,*,#2309,.F.);
#3021=ORIENTED_EDGE('',*,*,#2308,.F.);
#3022=ORIENTED_EDGE('',*,*,#2316,.F.);
#3023=ORIENTED_EDGE('',*,*,#2242,.F.);
#3024=ORIENTED_EDGE('',*,*,#2056,.F.);
#3025=ORIENTED_EDGE('',*,*,#2314,.F.);
#3026=ORIENTED_EDGE('',*,*,#2317,.T.);
#3027=ORIENTED_EDGE('',*,*,#2305,.T.);
#3028=ORIENTED_EDGE('',*,*,#2318,.F.);
#3029=ORIENTED_EDGE('',*,*,#2306,.F.);
#3030=ORIENTED_EDGE('',*,*,#2317,.F.);
#3031=ORIENTED_EDGE('',*,*,#2313,.F.);
#3032=ORIENTED_EDGE('',*,*,#2319,.F.);
#3033=ORIENTED_EDGE('',*,*,#2240,.F.);
#3034=ORIENTED_EDGE('',*,*,#2315,.T.);
#3035=ORIENTED_EDGE('',*,*,#2241,.T.);
#3036=ORIENTED_EDGE('',*,*,#2319,.T.);
#3037=ORIENTED_EDGE('',*,*,#2312,.F.);
#3038=ORIENTED_EDGE('',*,*,#2316,.T.);
#3039=ORIENTED_EDGE('',*,*,#2307,.F.);
#3040=ORIENTED_EDGE('',*,*,#2318,.T.);
#3041=ORIENTED_EDGE('',*,*,#2239,.T.);
#3042=ORIENTED_EDGE('',*,*,#2119,.T.);
#3043=ORIENTED_EDGE('',*,*,#2249,.F.);
#3044=ORIENTED_EDGE('',*,*,#2047,.T.);
#3045=ORIENTED_EDGE('',*,*,#2320,.F.);
#3046=ORIENTED_EDGE('',*,*,#2321,.F.);
#3047=ORIENTED_EDGE('',*,*,#2322,.F.);
#3048=ORIENTED_EDGE('',*,*,#2323,.F.);
#3049=ORIENTED_EDGE('',*,*,#2324,.T.);
#3050=ORIENTED_EDGE('',*,*,#2120,.T.);
#3051=ORIENTED_EDGE('',*,*,#2324,.F.);
#3052=ORIENTED_EDGE('',*,*,#2325,.F.);
#3053=ORIENTED_EDGE('',*,*,#2326,.T.);
#3054=ORIENTED_EDGE('',*,*,#2327,.F.);
#3055=ORIENTED_EDGE('',*,*,#2328,.F.);
#3056=ORIENTED_EDGE('',*,*,#2329,.F.);
#3057=ORIENTED_EDGE('',*,*,#2330,.T.);
#3058=ORIENTED_EDGE('',*,*,#2045,.T.);
#3059=ORIENTED_EDGE('',*,*,#2251,.T.);
#3060=ORIENTED_EDGE('',*,*,#2121,.T.);
#3061=ORIENTED_EDGE('',*,*,#2326,.F.);
#3062=ORIENTED_EDGE('',*,*,#2331,.F.);
#3063=ORIENTED_EDGE('',*,*,#2327,.T.);
#3064=ORIENTED_EDGE('',*,*,#2325,.T.);
#3065=ORIENTED_EDGE('',*,*,#2323,.T.);
#3066=ORIENTED_EDGE('',*,*,#2332,.F.);
#3067=ORIENTED_EDGE('',*,*,#2233,.T.);
#3068=ORIENTED_EDGE('',*,*,#2123,.T.);
#3069=ORIENTED_EDGE('',*,*,#2252,.F.);
#3070=ORIENTED_EDGE('',*,*,#2043,.T.);
#3071=ORIENTED_EDGE('',*,*,#2333,.F.);
#3072=ORIENTED_EDGE('',*,*,#2334,.F.);
#3073=ORIENTED_EDGE('',*,*,#2335,.F.);
#3074=ORIENTED_EDGE('',*,*,#2336,.F.);
#3075=ORIENTED_EDGE('',*,*,#2337,.T.);
#3076=ORIENTED_EDGE('',*,*,#2124,.T.);
#3077=ORIENTED_EDGE('',*,*,#2337,.F.);
#3078=ORIENTED_EDGE('',*,*,#2338,.F.);
#3079=ORIENTED_EDGE('',*,*,#2339,.T.);
#3080=ORIENTED_EDGE('',*,*,#2340,.F.);
#3081=ORIENTED_EDGE('',*,*,#2341,.F.);
#3082=ORIENTED_EDGE('',*,*,#2342,.F.);
#3083=ORIENTED_EDGE('',*,*,#2343,.T.);
#3084=ORIENTED_EDGE('',*,*,#2041,.T.);
#3085=ORIENTED_EDGE('',*,*,#2253,.T.);
#3086=ORIENTED_EDGE('',*,*,#2125,.T.);
#3087=ORIENTED_EDGE('',*,*,#2339,.F.);
#3088=ORIENTED_EDGE('',*,*,#2344,.F.);
#3089=ORIENTED_EDGE('',*,*,#2340,.T.);
#3090=ORIENTED_EDGE('',*,*,#2338,.T.);
#3091=ORIENTED_EDGE('',*,*,#2336,.T.);
#3092=ORIENTED_EDGE('',*,*,#2345,.F.);
#3093=ORIENTED_EDGE('',*,*,#2229,.T.);
#3094=ORIENTED_EDGE('',*,*,#2127,.T.);
#3095=ORIENTED_EDGE('',*,*,#2254,.F.);
#3096=ORIENTED_EDGE('',*,*,#2039,.T.);
#3097=ORIENTED_EDGE('',*,*,#2346,.F.);
#3098=ORIENTED_EDGE('',*,*,#2347,.F.);
#3099=ORIENTED_EDGE('',*,*,#2348,.F.);
#3100=ORIENTED_EDGE('',*,*,#2349,.F.);
#3101=ORIENTED_EDGE('',*,*,#2350,.T.);
#3102=ORIENTED_EDGE('',*,*,#2128,.T.);
#3103=ORIENTED_EDGE('',*,*,#2350,.F.);
#3104=ORIENTED_EDGE('',*,*,#2351,.F.);
#3105=ORIENTED_EDGE('',*,*,#2352,.T.);
#3106=ORIENTED_EDGE('',*,*,#2353,.F.);
#3107=ORIENTED_EDGE('',*,*,#2354,.F.);
#3108=ORIENTED_EDGE('',*,*,#2355,.F.);
#3109=ORIENTED_EDGE('',*,*,#2356,.T.);
#3110=ORIENTED_EDGE('',*,*,#2037,.T.);
#3111=ORIENTED_EDGE('',*,*,#2255,.T.);
#3112=ORIENTED_EDGE('',*,*,#2129,.T.);
#3113=ORIENTED_EDGE('',*,*,#2352,.F.);
#3114=ORIENTED_EDGE('',*,*,#2357,.F.);
#3115=ORIENTED_EDGE('',*,*,#2353,.T.);
#3116=ORIENTED_EDGE('',*,*,#2351,.T.);
#3117=ORIENTED_EDGE('',*,*,#2349,.T.);
#3118=ORIENTED_EDGE('',*,*,#2358,.F.);
#3119=ORIENTED_EDGE('',*,*,#2225,.T.);
#3120=ORIENTED_EDGE('',*,*,#2131,.T.);
#3121=ORIENTED_EDGE('',*,*,#2256,.F.);
#3122=ORIENTED_EDGE('',*,*,#2035,.T.);
#3123=ORIENTED_EDGE('',*,*,#2359,.F.);
#3124=ORIENTED_EDGE('',*,*,#2360,.F.);
#3125=ORIENTED_EDGE('',*,*,#2361,.F.);
#3126=ORIENTED_EDGE('',*,*,#2362,.F.);
#3127=ORIENTED_EDGE('',*,*,#2363,.T.);
#3128=ORIENTED_EDGE('',*,*,#2132,.T.);
#3129=ORIENTED_EDGE('',*,*,#2363,.F.);
#3130=ORIENTED_EDGE('',*,*,#2364,.F.);
#3131=ORIENTED_EDGE('',*,*,#2365,.T.);
#3132=ORIENTED_EDGE('',*,*,#2366,.F.);
#3133=ORIENTED_EDGE('',*,*,#2367,.F.);
#3134=ORIENTED_EDGE('',*,*,#2368,.F.);
#3135=ORIENTED_EDGE('',*,*,#2369,.T.);
#3136=ORIENTED_EDGE('',*,*,#2033,.T.);
#3137=ORIENTED_EDGE('',*,*,#2257,.T.);
#3138=ORIENTED_EDGE('',*,*,#2133,.T.);
#3139=ORIENTED_EDGE('',*,*,#2365,.F.);
#3140=ORIENTED_EDGE('',*,*,#2370,.F.);
#3141=ORIENTED_EDGE('',*,*,#2366,.T.);
#3142=ORIENTED_EDGE('',*,*,#2364,.T.);
#3143=ORIENTED_EDGE('',*,*,#2362,.T.);
#3144=ORIENTED_EDGE('',*,*,#2371,.F.);
#3145=ORIENTED_EDGE('',*,*,#2221,.T.);
#3146=ORIENTED_EDGE('',*,*,#2135,.T.);
#3147=ORIENTED_EDGE('',*,*,#2258,.F.);
#3148=ORIENTED_EDGE('',*,*,#2031,.T.);
#3149=ORIENTED_EDGE('',*,*,#2372,.F.);
#3150=ORIENTED_EDGE('',*,*,#2373,.F.);
#3151=ORIENTED_EDGE('',*,*,#2374,.F.);
#3152=ORIENTED_EDGE('',*,*,#2375,.F.);
#3153=ORIENTED_EDGE('',*,*,#2376,.T.);
#3154=ORIENTED_EDGE('',*,*,#2136,.T.);
#3155=ORIENTED_EDGE('',*,*,#2376,.F.);
#3156=ORIENTED_EDGE('',*,*,#2377,.F.);
#3157=ORIENTED_EDGE('',*,*,#2378,.T.);
#3158=ORIENTED_EDGE('',*,*,#2379,.F.);
#3159=ORIENTED_EDGE('',*,*,#2380,.F.);
#3160=ORIENTED_EDGE('',*,*,#2381,.F.);
#3161=ORIENTED_EDGE('',*,*,#2382,.T.);
#3162=ORIENTED_EDGE('',*,*,#2029,.T.);
#3163=ORIENTED_EDGE('',*,*,#2259,.T.);
#3164=ORIENTED_EDGE('',*,*,#2137,.T.);
#3165=ORIENTED_EDGE('',*,*,#2378,.F.);
#3166=ORIENTED_EDGE('',*,*,#2383,.F.);
#3167=ORIENTED_EDGE('',*,*,#2379,.T.);
#3168=ORIENTED_EDGE('',*,*,#2377,.T.);
#3169=ORIENTED_EDGE('',*,*,#2375,.T.);
#3170=ORIENTED_EDGE('',*,*,#2384,.F.);
#3171=ORIENTED_EDGE('',*,*,#2217,.T.);
#3172=ORIENTED_EDGE('',*,*,#2139,.T.);
#3173=ORIENTED_EDGE('',*,*,#2260,.F.);
#3174=ORIENTED_EDGE('',*,*,#2027,.T.);
#3175=ORIENTED_EDGE('',*,*,#2385,.F.);
#3176=ORIENTED_EDGE('',*,*,#2386,.F.);
#3177=ORIENTED_EDGE('',*,*,#2387,.F.);
#3178=ORIENTED_EDGE('',*,*,#2388,.F.);
#3179=ORIENTED_EDGE('',*,*,#2389,.T.);
#3180=ORIENTED_EDGE('',*,*,#2140,.T.);
#3181=ORIENTED_EDGE('',*,*,#2389,.F.);
#3182=ORIENTED_EDGE('',*,*,#2390,.F.);
#3183=ORIENTED_EDGE('',*,*,#2391,.T.);
#3184=ORIENTED_EDGE('',*,*,#2392,.F.);
#3185=ORIENTED_EDGE('',*,*,#2393,.F.);
#3186=ORIENTED_EDGE('',*,*,#2394,.F.);
#3187=ORIENTED_EDGE('',*,*,#2395,.T.);
#3188=ORIENTED_EDGE('',*,*,#2025,.T.);
#3189=ORIENTED_EDGE('',*,*,#2261,.T.);
#3190=ORIENTED_EDGE('',*,*,#2141,.T.);
#3191=ORIENTED_EDGE('',*,*,#2391,.F.);
#3192=ORIENTED_EDGE('',*,*,#2396,.F.);
#3193=ORIENTED_EDGE('',*,*,#2392,.T.);
#3194=ORIENTED_EDGE('',*,*,#2390,.T.);
#3195=ORIENTED_EDGE('',*,*,#2388,.T.);
#3196=ORIENTED_EDGE('',*,*,#2397,.F.);
#3197=ORIENTED_EDGE('',*,*,#2213,.T.);
#3198=ORIENTED_EDGE('',*,*,#2143,.T.);
#3199=ORIENTED_EDGE('',*,*,#2262,.F.);
#3200=ORIENTED_EDGE('',*,*,#2023,.T.);
#3201=ORIENTED_EDGE('',*,*,#2398,.F.);
#3202=ORIENTED_EDGE('',*,*,#2399,.F.);
#3203=ORIENTED_EDGE('',*,*,#2400,.F.);
#3204=ORIENTED_EDGE('',*,*,#2401,.F.);
#3205=ORIENTED_EDGE('',*,*,#2402,.T.);
#3206=ORIENTED_EDGE('',*,*,#2144,.T.);
#3207=ORIENTED_EDGE('',*,*,#2402,.F.);
#3208=ORIENTED_EDGE('',*,*,#2403,.F.);
#3209=ORIENTED_EDGE('',*,*,#2404,.T.);
#3210=ORIENTED_EDGE('',*,*,#2405,.F.);
#3211=ORIENTED_EDGE('',*,*,#2406,.F.);
#3212=ORIENTED_EDGE('',*,*,#2407,.F.);
#3213=ORIENTED_EDGE('',*,*,#2408,.T.);
#3214=ORIENTED_EDGE('',*,*,#2021,.T.);
#3215=ORIENTED_EDGE('',*,*,#2264,.T.);
#3216=ORIENTED_EDGE('',*,*,#2145,.T.);
#3217=ORIENTED_EDGE('',*,*,#2404,.F.);
#3218=ORIENTED_EDGE('',*,*,#2409,.F.);
#3219=ORIENTED_EDGE('',*,*,#2405,.T.);
#3220=ORIENTED_EDGE('',*,*,#2403,.T.);
#3221=ORIENTED_EDGE('',*,*,#2401,.T.);
#3222=ORIENTED_EDGE('',*,*,#2410,.F.);
#3223=ORIENTED_EDGE('',*,*,#2209,.T.);
#3224=ORIENTED_EDGE('',*,*,#2022,.T.);
#3225=ORIENTED_EDGE('',*,*,#2408,.F.);
#3226=ORIENTED_EDGE('',*,*,#2411,.F.);
#3227=ORIENTED_EDGE('',*,*,#2398,.T.);
#3228=ORIENTED_EDGE('',*,*,#2412,.F.);
#3229=ORIENTED_EDGE('',*,*,#2399,.T.);
#3230=ORIENTED_EDGE('',*,*,#2411,.T.);
#3231=ORIENTED_EDGE('',*,*,#2407,.T.);
#3232=ORIENTED_EDGE('',*,*,#2413,.F.);
#3233=ORIENTED_EDGE('',*,*,#2211,.T.);
#3234=ORIENTED_EDGE('',*,*,#2026,.T.);
#3235=ORIENTED_EDGE('',*,*,#2395,.F.);
#3236=ORIENTED_EDGE('',*,*,#2414,.F.);
#3237=ORIENTED_EDGE('',*,*,#2385,.T.);
#3238=ORIENTED_EDGE('',*,*,#2415,.F.);
#3239=ORIENTED_EDGE('',*,*,#2386,.T.);
#3240=ORIENTED_EDGE('',*,*,#2414,.T.);
#3241=ORIENTED_EDGE('',*,*,#2394,.T.);
#3242=ORIENTED_EDGE('',*,*,#2416,.F.);
#3243=ORIENTED_EDGE('',*,*,#2215,.T.);
#3244=ORIENTED_EDGE('',*,*,#2030,.T.);
#3245=ORIENTED_EDGE('',*,*,#2382,.F.);
#3246=ORIENTED_EDGE('',*,*,#2417,.F.);
#3247=ORIENTED_EDGE('',*,*,#2372,.T.);
#3248=ORIENTED_EDGE('',*,*,#2418,.F.);
#3249=ORIENTED_EDGE('',*,*,#2373,.T.);
#3250=ORIENTED_EDGE('',*,*,#2417,.T.);
#3251=ORIENTED_EDGE('',*,*,#2381,.T.);
#3252=ORIENTED_EDGE('',*,*,#2419,.F.);
#3253=ORIENTED_EDGE('',*,*,#2219,.T.);
#3254=ORIENTED_EDGE('',*,*,#2034,.T.);
#3255=ORIENTED_EDGE('',*,*,#2369,.F.);
#3256=ORIENTED_EDGE('',*,*,#2420,.F.);
#3257=ORIENTED_EDGE('',*,*,#2359,.T.);
#3258=ORIENTED_EDGE('',*,*,#2421,.F.);
#3259=ORIENTED_EDGE('',*,*,#2360,.T.);
#3260=ORIENTED_EDGE('',*,*,#2420,.T.);
#3261=ORIENTED_EDGE('',*,*,#2368,.T.);
#3262=ORIENTED_EDGE('',*,*,#2422,.F.);
#3263=ORIENTED_EDGE('',*,*,#2223,.T.);
#3264=ORIENTED_EDGE('',*,*,#2038,.T.);
#3265=ORIENTED_EDGE('',*,*,#2356,.F.);
#3266=ORIENTED_EDGE('',*,*,#2423,.F.);
#3267=ORIENTED_EDGE('',*,*,#2346,.T.);
#3268=ORIENTED_EDGE('',*,*,#2424,.F.);
#3269=ORIENTED_EDGE('',*,*,#2347,.T.);
#3270=ORIENTED_EDGE('',*,*,#2423,.T.);
#3271=ORIENTED_EDGE('',*,*,#2355,.T.);
#3272=ORIENTED_EDGE('',*,*,#2425,.F.);
#3273=ORIENTED_EDGE('',*,*,#2227,.T.);
#3274=ORIENTED_EDGE('',*,*,#2042,.T.);
#3275=ORIENTED_EDGE('',*,*,#2343,.F.);
#3276=ORIENTED_EDGE('',*,*,#2426,.F.);
#3277=ORIENTED_EDGE('',*,*,#2333,.T.);
#3278=ORIENTED_EDGE('',*,*,#2427,.F.);
#3279=ORIENTED_EDGE('',*,*,#2334,.T.);
#3280=ORIENTED_EDGE('',*,*,#2426,.T.);
#3281=ORIENTED_EDGE('',*,*,#2342,.T.);
#3282=ORIENTED_EDGE('',*,*,#2428,.F.);
#3283=ORIENTED_EDGE('',*,*,#2231,.T.);
#3284=ORIENTED_EDGE('',*,*,#2046,.T.);
#3285=ORIENTED_EDGE('',*,*,#2330,.F.);
#3286=ORIENTED_EDGE('',*,*,#2429,.F.);
#3287=ORIENTED_EDGE('',*,*,#2320,.T.);
#3288=ORIENTED_EDGE('',*,*,#2430,.F.);
#3289=ORIENTED_EDGE('',*,*,#2321,.T.);
#3290=ORIENTED_EDGE('',*,*,#2429,.T.);
#3291=ORIENTED_EDGE('',*,*,#2329,.T.);
#3292=ORIENTED_EDGE('',*,*,#2431,.F.);
#3293=ORIENTED_EDGE('',*,*,#2235,.T.);
#3294=ORIENTED_EDGE('',*,*,#2331,.T.);
#3295=ORIENTED_EDGE('',*,*,#2236,.F.);
#3296=ORIENTED_EDGE('',*,*,#2431,.T.);
#3297=ORIENTED_EDGE('',*,*,#2328,.T.);
#3298=ORIENTED_EDGE('',*,*,#2332,.T.);
#3299=ORIENTED_EDGE('',*,*,#2322,.T.);
#3300=ORIENTED_EDGE('',*,*,#2430,.T.);
#3301=ORIENTED_EDGE('',*,*,#2234,.F.);
#3302=ORIENTED_EDGE('',*,*,#2344,.T.);
#3303=ORIENTED_EDGE('',*,*,#2232,.F.);
#3304=ORIENTED_EDGE('',*,*,#2428,.T.);
#3305=ORIENTED_EDGE('',*,*,#2341,.T.);
#3306=ORIENTED_EDGE('',*,*,#2345,.T.);
#3307=ORIENTED_EDGE('',*,*,#2335,.T.);
#3308=ORIENTED_EDGE('',*,*,#2427,.T.);
#3309=ORIENTED_EDGE('',*,*,#2230,.F.);
#3310=ORIENTED_EDGE('',*,*,#2357,.T.);
#3311=ORIENTED_EDGE('',*,*,#2228,.F.);
#3312=ORIENTED_EDGE('',*,*,#2425,.T.);
#3313=ORIENTED_EDGE('',*,*,#2354,.T.);
#3314=ORIENTED_EDGE('',*,*,#2358,.T.);
#3315=ORIENTED_EDGE('',*,*,#2348,.T.);
#3316=ORIENTED_EDGE('',*,*,#2424,.T.);
#3317=ORIENTED_EDGE('',*,*,#2226,.F.);
#3318=ORIENTED_EDGE('',*,*,#2370,.T.);
#3319=ORIENTED_EDGE('',*,*,#2224,.F.);
#3320=ORIENTED_EDGE('',*,*,#2422,.T.);
#3321=ORIENTED_EDGE('',*,*,#2367,.T.);
#3322=ORIENTED_EDGE('',*,*,#2371,.T.);
#3323=ORIENTED_EDGE('',*,*,#2361,.T.);
#3324=ORIENTED_EDGE('',*,*,#2421,.T.);
#3325=ORIENTED_EDGE('',*,*,#2222,.F.);
#3326=ORIENTED_EDGE('',*,*,#2383,.T.);
#3327=ORIENTED_EDGE('',*,*,#2220,.F.);
#3328=ORIENTED_EDGE('',*,*,#2419,.T.);
#3329=ORIENTED_EDGE('',*,*,#2380,.T.);
#3330=ORIENTED_EDGE('',*,*,#2384,.T.);
#3331=ORIENTED_EDGE('',*,*,#2374,.T.);
#3332=ORIENTED_EDGE('',*,*,#2418,.T.);
#3333=ORIENTED_EDGE('',*,*,#2218,.F.);
#3334=ORIENTED_EDGE('',*,*,#2396,.T.);
#3335=ORIENTED_EDGE('',*,*,#2216,.F.);
#3336=ORIENTED_EDGE('',*,*,#2416,.T.);
#3337=ORIENTED_EDGE('',*,*,#2393,.T.);
#3338=ORIENTED_EDGE('',*,*,#2397,.T.);
#3339=ORIENTED_EDGE('',*,*,#2387,.T.);
#3340=ORIENTED_EDGE('',*,*,#2415,.T.);
#3341=ORIENTED_EDGE('',*,*,#2214,.F.);
#3342=ORIENTED_EDGE('',*,*,#2409,.T.);
#3343=ORIENTED_EDGE('',*,*,#2212,.F.);
#3344=ORIENTED_EDGE('',*,*,#2413,.T.);
#3345=ORIENTED_EDGE('',*,*,#2406,.T.);
#3346=ORIENTED_EDGE('',*,*,#2410,.T.);
#3347=ORIENTED_EDGE('',*,*,#2400,.T.);
#3348=ORIENTED_EDGE('',*,*,#2412,.T.);
#3349=ORIENTED_EDGE('',*,*,#2210,.F.);
#3350=ORIENTED_EDGE('',*,*,#2432,.T.);
#3351=ORIENTED_EDGE('',*,*,#2105,.F.);
#3352=ORIENTED_EDGE('',*,*,#2198,.F.);
#3353=ORIENTED_EDGE('',*,*,#2061,.F.);
#3354=ORIENTED_EDGE('',*,*,#2433,.F.);
#3355=ORIENTED_EDGE('',*,*,#2434,.T.);
#3356=ORIENTED_EDGE('',*,*,#2435,.T.);
#3357=ORIENTED_EDGE('',*,*,#2436,.T.);
#3358=ORIENTED_EDGE('',*,*,#2106,.F.);
#3359=ORIENTED_EDGE('',*,*,#2432,.F.);
#3360=ORIENTED_EDGE('',*,*,#2437,.T.);
#3361=ORIENTED_EDGE('',*,*,#2438,.T.);
#3362=ORIENTED_EDGE('',*,*,#2439,.T.);
#3363=ORIENTED_EDGE('',*,*,#2440,.T.);
#3364=ORIENTED_EDGE('',*,*,#2441,.T.);
#3365=ORIENTED_EDGE('',*,*,#2442,.T.);
#3366=ORIENTED_EDGE('',*,*,#2059,.F.);
#3367=ORIENTED_EDGE('',*,*,#2203,.T.);
#3368=ORIENTED_EDGE('',*,*,#2107,.F.);
#3369=ORIENTED_EDGE('',*,*,#2438,.F.);
#3370=ORIENTED_EDGE('',*,*,#2443,.F.);
#3371=ORIENTED_EDGE('',*,*,#2439,.F.);
#3372=ORIENTED_EDGE('',*,*,#2437,.F.);
#3373=ORIENTED_EDGE('',*,*,#2436,.F.);
#3374=ORIENTED_EDGE('',*,*,#2444,.F.);
#3375=ORIENTED_EDGE('',*,*,#2208,.F.);
#3376=ORIENTED_EDGE('',*,*,#2060,.F.);
#3377=ORIENTED_EDGE('',*,*,#2442,.F.);
#3378=ORIENTED_EDGE('',*,*,#2445,.T.);
#3379=ORIENTED_EDGE('',*,*,#2433,.T.);
#3380=ORIENTED_EDGE('',*,*,#2446,.F.);
#3381=ORIENTED_EDGE('',*,*,#2434,.F.);
#3382=ORIENTED_EDGE('',*,*,#2445,.F.);
#3383=ORIENTED_EDGE('',*,*,#2441,.F.);
#3384=ORIENTED_EDGE('',*,*,#2447,.F.);
#3385=ORIENTED_EDGE('',*,*,#2206,.F.);
#3386=ORIENTED_EDGE('',*,*,#2443,.T.);
#3387=ORIENTED_EDGE('',*,*,#2207,.T.);
#3388=ORIENTED_EDGE('',*,*,#2447,.T.);
#3389=ORIENTED_EDGE('',*,*,#2440,.F.);
#3390=ORIENTED_EDGE('',*,*,#2444,.T.);
#3391=ORIENTED_EDGE('',*,*,#2435,.F.);
#3392=ORIENTED_EDGE('',*,*,#2446,.T.);
#3393=ORIENTED_EDGE('',*,*,#2205,.T.);
#3394=ORIENTED_EDGE('',*,*,#2448,.T.);
#3395=ORIENTED_EDGE('',*,*,#2101,.F.);
#3396=ORIENTED_EDGE('',*,*,#2192,.F.);
#3397=ORIENTED_EDGE('',*,*,#2065,.F.);
#3398=ORIENTED_EDGE('',*,*,#2449,.F.);
#3399=ORIENTED_EDGE('',*,*,#2450,.T.);
#3400=ORIENTED_EDGE('',*,*,#2451,.T.);
#3401=ORIENTED_EDGE('',*,*,#2452,.T.);
#3402=ORIENTED_EDGE('',*,*,#2102,.F.);
#3403=ORIENTED_EDGE('',*,*,#2448,.F.);
#3404=ORIENTED_EDGE('',*,*,#2453,.T.);
#3405=ORIENTED_EDGE('',*,*,#2454,.T.);
#3406=ORIENTED_EDGE('',*,*,#2455,.T.);
#3407=ORIENTED_EDGE('',*,*,#2456,.T.);
#3408=ORIENTED_EDGE('',*,*,#2457,.T.);
#3409=ORIENTED_EDGE('',*,*,#2458,.T.);
#3410=ORIENTED_EDGE('',*,*,#2063,.F.);
#3411=ORIENTED_EDGE('',*,*,#2197,.T.);
#3412=ORIENTED_EDGE('',*,*,#2103,.F.);
#3413=ORIENTED_EDGE('',*,*,#2454,.F.);
#3414=ORIENTED_EDGE('',*,*,#2459,.F.);
#3415=ORIENTED_EDGE('',*,*,#2455,.F.);
#3416=ORIENTED_EDGE('',*,*,#2453,.F.);
#3417=ORIENTED_EDGE('',*,*,#2452,.F.);
#3418=ORIENTED_EDGE('',*,*,#2460,.F.);
#3419=ORIENTED_EDGE('',*,*,#2202,.F.);
#3420=ORIENTED_EDGE('',*,*,#2064,.F.);
#3421=ORIENTED_EDGE('',*,*,#2458,.F.);
#3422=ORIENTED_EDGE('',*,*,#2461,.T.);
#3423=ORIENTED_EDGE('',*,*,#2449,.T.);
#3424=ORIENTED_EDGE('',*,*,#2462,.F.);
#3425=ORIENTED_EDGE('',*,*,#2450,.F.);
#3426=ORIENTED_EDGE('',*,*,#2461,.F.);
#3427=ORIENTED_EDGE('',*,*,#2457,.F.);
#3428=ORIENTED_EDGE('',*,*,#2463,.F.);
#3429=ORIENTED_EDGE('',*,*,#2200,.F.);
#3430=ORIENTED_EDGE('',*,*,#2459,.T.);
#3431=ORIENTED_EDGE('',*,*,#2201,.T.);
#3432=ORIENTED_EDGE('',*,*,#2463,.T.);
#3433=ORIENTED_EDGE('',*,*,#2456,.F.);
#3434=ORIENTED_EDGE('',*,*,#2460,.T.);
#3435=ORIENTED_EDGE('',*,*,#2451,.F.);
#3436=ORIENTED_EDGE('',*,*,#2462,.T.);
#3437=ORIENTED_EDGE('',*,*,#2199,.T.);
#3438=ORIENTED_EDGE('',*,*,#2464,.T.);
#3439=ORIENTED_EDGE('',*,*,#2097,.F.);
#3440=ORIENTED_EDGE('',*,*,#2186,.F.);
#3441=ORIENTED_EDGE('',*,*,#2069,.F.);
#3442=ORIENTED_EDGE('',*,*,#2465,.F.);
#3443=ORIENTED_EDGE('',*,*,#2466,.T.);
#3444=ORIENTED_EDGE('',*,*,#2467,.T.);
#3445=ORIENTED_EDGE('',*,*,#2468,.T.);
#3446=ORIENTED_EDGE('',*,*,#2098,.F.);
#3447=ORIENTED_EDGE('',*,*,#2464,.F.);
#3448=ORIENTED_EDGE('',*,*,#2469,.T.);
#3449=ORIENTED_EDGE('',*,*,#2470,.T.);
#3450=ORIENTED_EDGE('',*,*,#2471,.T.);
#3451=ORIENTED_EDGE('',*,*,#2472,.T.);
#3452=ORIENTED_EDGE('',*,*,#2473,.T.);
#3453=ORIENTED_EDGE('',*,*,#2474,.T.);
#3454=ORIENTED_EDGE('',*,*,#2067,.F.);
#3455=ORIENTED_EDGE('',*,*,#2191,.T.);
#3456=ORIENTED_EDGE('',*,*,#2099,.F.);
#3457=ORIENTED_EDGE('',*,*,#2470,.F.);
#3458=ORIENTED_EDGE('',*,*,#2475,.F.);
#3459=ORIENTED_EDGE('',*,*,#2471,.F.);
#3460=ORIENTED_EDGE('',*,*,#2469,.F.);
#3461=ORIENTED_EDGE('',*,*,#2468,.F.);
#3462=ORIENTED_EDGE('',*,*,#2476,.F.);
#3463=ORIENTED_EDGE('',*,*,#2196,.F.);
#3464=ORIENTED_EDGE('',*,*,#2068,.F.);
#3465=ORIENTED_EDGE('',*,*,#2474,.F.);
#3466=ORIENTED_EDGE('',*,*,#2477,.T.);
#3467=ORIENTED_EDGE('',*,*,#2465,.T.);
#3468=ORIENTED_EDGE('',*,*,#2478,.F.);
#3469=ORIENTED_EDGE('',*,*,#2466,.F.);
#3470=ORIENTED_EDGE('',*,*,#2477,.F.);
#3471=ORIENTED_EDGE('',*,*,#2473,.F.);
#3472=ORIENTED_EDGE('',*,*,#2479,.F.);
#3473=ORIENTED_EDGE('',*,*,#2194,.F.);
#3474=ORIENTED_EDGE('',*,*,#2475,.T.);
#3475=ORIENTED_EDGE('',*,*,#2195,.T.);
#3476=ORIENTED_EDGE('',*,*,#2479,.T.);
#3477=ORIENTED_EDGE('',*,*,#2472,.F.);
#3478=ORIENTED_EDGE('',*,*,#2476,.T.);
#3479=ORIENTED_EDGE('',*,*,#2467,.F.);
#3480=ORIENTED_EDGE('',*,*,#2478,.T.);
#3481=ORIENTED_EDGE('',*,*,#2193,.T.);
#3482=ORIENTED_EDGE('',*,*,#2480,.T.);
#3483=ORIENTED_EDGE('',*,*,#2093,.F.);
#3484=ORIENTED_EDGE('',*,*,#2180,.F.);
#3485=ORIENTED_EDGE('',*,*,#2073,.F.);
#3486=ORIENTED_EDGE('',*,*,#2481,.F.);
#3487=ORIENTED_EDGE('',*,*,#2482,.T.);
#3488=ORIENTED_EDGE('',*,*,#2483,.T.);
#3489=ORIENTED_EDGE('',*,*,#2484,.T.);
#3490=ORIENTED_EDGE('',*,*,#2094,.F.);
#3491=ORIENTED_EDGE('',*,*,#2480,.F.);
#3492=ORIENTED_EDGE('',*,*,#2485,.T.);
#3493=ORIENTED_EDGE('',*,*,#2486,.T.);
#3494=ORIENTED_EDGE('',*,*,#2487,.T.);
#3495=ORIENTED_EDGE('',*,*,#2488,.T.);
#3496=ORIENTED_EDGE('',*,*,#2489,.T.);
#3497=ORIENTED_EDGE('',*,*,#2490,.T.);
#3498=ORIENTED_EDGE('',*,*,#2071,.F.);
#3499=ORIENTED_EDGE('',*,*,#2185,.T.);
#3500=ORIENTED_EDGE('',*,*,#2095,.F.);
#3501=ORIENTED_EDGE('',*,*,#2486,.F.);
#3502=ORIENTED_EDGE('',*,*,#2491,.F.);
#3503=ORIENTED_EDGE('',*,*,#2487,.F.);
#3504=ORIENTED_EDGE('',*,*,#2485,.F.);
#3505=ORIENTED_EDGE('',*,*,#2484,.F.);
#3506=ORIENTED_EDGE('',*,*,#2492,.F.);
#3507=ORIENTED_EDGE('',*,*,#2190,.F.);
#3508=ORIENTED_EDGE('',*,*,#2072,.F.);
#3509=ORIENTED_EDGE('',*,*,#2490,.F.);
#3510=ORIENTED_EDGE('',*,*,#2493,.T.);
#3511=ORIENTED_EDGE('',*,*,#2481,.T.);
#3512=ORIENTED_EDGE('',*,*,#2494,.F.);
#3513=ORIENTED_EDGE('',*,*,#2482,.F.);
#3514=ORIENTED_EDGE('',*,*,#2493,.F.);
#3515=ORIENTED_EDGE('',*,*,#2489,.F.);
#3516=ORIENTED_EDGE('',*,*,#2495,.F.);
#3517=ORIENTED_EDGE('',*,*,#2188,.F.);
#3518=ORIENTED_EDGE('',*,*,#2491,.T.);
#3519=ORIENTED_EDGE('',*,*,#2189,.T.);
#3520=ORIENTED_EDGE('',*,*,#2495,.T.);
#3521=ORIENTED_EDGE('',*,*,#2488,.F.);
#3522=ORIENTED_EDGE('',*,*,#2492,.T.);
#3523=ORIENTED_EDGE('',*,*,#2483,.F.);
#3524=ORIENTED_EDGE('',*,*,#2494,.T.);
#3525=ORIENTED_EDGE('',*,*,#2187,.T.);
#3526=ORIENTED_EDGE('',*,*,#2496,.T.);
#3527=ORIENTED_EDGE('',*,*,#2089,.F.);
#3528=ORIENTED_EDGE('',*,*,#2174,.F.);
#3529=ORIENTED_EDGE('',*,*,#2077,.F.);
#3530=ORIENTED_EDGE('',*,*,#2497,.F.);
#3531=ORIENTED_EDGE('',*,*,#2498,.T.);
#3532=ORIENTED_EDGE('',*,*,#2499,.T.);
#3533=ORIENTED_EDGE('',*,*,#2500,.T.);
#3534=ORIENTED_EDGE('',*,*,#2090,.F.);
#3535=ORIENTED_EDGE('',*,*,#2496,.F.);
#3536=ORIENTED_EDGE('',*,*,#2501,.T.);
#3537=ORIENTED_EDGE('',*,*,#2502,.T.);
#3538=ORIENTED_EDGE('',*,*,#2503,.T.);
#3539=ORIENTED_EDGE('',*,*,#2504,.T.);
#3540=ORIENTED_EDGE('',*,*,#2505,.T.);
#3541=ORIENTED_EDGE('',*,*,#2506,.T.);
#3542=ORIENTED_EDGE('',*,*,#2075,.F.);
#3543=ORIENTED_EDGE('',*,*,#2179,.T.);
#3544=ORIENTED_EDGE('',*,*,#2091,.F.);
#3545=ORIENTED_EDGE('',*,*,#2502,.F.);
#3546=ORIENTED_EDGE('',*,*,#2507,.F.);
#3547=ORIENTED_EDGE('',*,*,#2503,.F.);
#3548=ORIENTED_EDGE('',*,*,#2501,.F.);
#3549=ORIENTED_EDGE('',*,*,#2500,.F.);
#3550=ORIENTED_EDGE('',*,*,#2508,.F.);
#3551=ORIENTED_EDGE('',*,*,#2184,.F.);
#3552=ORIENTED_EDGE('',*,*,#2076,.F.);
#3553=ORIENTED_EDGE('',*,*,#2506,.F.);
#3554=ORIENTED_EDGE('',*,*,#2509,.T.);
#3555=ORIENTED_EDGE('',*,*,#2497,.T.);
#3556=ORIENTED_EDGE('',*,*,#2510,.F.);
#3557=ORIENTED_EDGE('',*,*,#2498,.F.);
#3558=ORIENTED_EDGE('',*,*,#2509,.F.);
#3559=ORIENTED_EDGE('',*,*,#2505,.F.);
#3560=ORIENTED_EDGE('',*,*,#2511,.F.);
#3561=ORIENTED_EDGE('',*,*,#2182,.F.);
#3562=ORIENTED_EDGE('',*,*,#2507,.T.);
#3563=ORIENTED_EDGE('',*,*,#2183,.T.);
#3564=ORIENTED_EDGE('',*,*,#2511,.T.);
#3565=ORIENTED_EDGE('',*,*,#2504,.F.);
#3566=ORIENTED_EDGE('',*,*,#2508,.T.);
#3567=ORIENTED_EDGE('',*,*,#2499,.F.);
#3568=ORIENTED_EDGE('',*,*,#2510,.T.);
#3569=ORIENTED_EDGE('',*,*,#2181,.T.);
#3570=ORIENTED_EDGE('',*,*,#2512,.T.);
#3571=ORIENTED_EDGE('',*,*,#2085,.F.);
#3572=ORIENTED_EDGE('',*,*,#2006,.F.);
#3573=ORIENTED_EDGE('',*,*,#2081,.F.);
#3574=ORIENTED_EDGE('',*,*,#2513,.F.);
#3575=ORIENTED_EDGE('',*,*,#2514,.T.);
#3576=ORIENTED_EDGE('',*,*,#2515,.T.);
#3577=ORIENTED_EDGE('',*,*,#2516,.T.);
#3578=ORIENTED_EDGE('',*,*,#2086,.F.);
#3579=ORIENTED_EDGE('',*,*,#2512,.F.);
#3580=ORIENTED_EDGE('',*,*,#2517,.T.);
#3581=ORIENTED_EDGE('',*,*,#2518,.T.);
#3582=ORIENTED_EDGE('',*,*,#2519,.T.);
#3583=ORIENTED_EDGE('',*,*,#2520,.T.);
#3584=ORIENTED_EDGE('',*,*,#2521,.T.);
#3585=ORIENTED_EDGE('',*,*,#2522,.T.);
#3586=ORIENTED_EDGE('',*,*,#2079,.F.);
#3587=ORIENTED_EDGE('',*,*,#2173,.T.);
#3588=ORIENTED_EDGE('',*,*,#2087,.F.);
#3589=ORIENTED_EDGE('',*,*,#2518,.F.);
#3590=ORIENTED_EDGE('',*,*,#2523,.F.);
#3591=ORIENTED_EDGE('',*,*,#2519,.F.);
#3592=ORIENTED_EDGE('',*,*,#2517,.F.);
#3593=ORIENTED_EDGE('',*,*,#2516,.F.);
#3594=ORIENTED_EDGE('',*,*,#2524,.F.);
#3595=ORIENTED_EDGE('',*,*,#2178,.F.);
#3596=ORIENTED_EDGE('',*,*,#2080,.F.);
#3597=ORIENTED_EDGE('',*,*,#2522,.F.);
#3598=ORIENTED_EDGE('',*,*,#2525,.T.);
#3599=ORIENTED_EDGE('',*,*,#2513,.T.);
#3600=ORIENTED_EDGE('',*,*,#2526,.F.);
#3601=ORIENTED_EDGE('',*,*,#2514,.F.);
#3602=ORIENTED_EDGE('',*,*,#2525,.F.);
#3603=ORIENTED_EDGE('',*,*,#2521,.F.);
#3604=ORIENTED_EDGE('',*,*,#2527,.F.);
#3605=ORIENTED_EDGE('',*,*,#2176,.F.);
#3606=ORIENTED_EDGE('',*,*,#2523,.T.);
#3607=ORIENTED_EDGE('',*,*,#2177,.T.);
#3608=ORIENTED_EDGE('',*,*,#2527,.T.);
#3609=ORIENTED_EDGE('',*,*,#2520,.F.);
#3610=ORIENTED_EDGE('',*,*,#2524,.T.);
#3611=ORIENTED_EDGE('',*,*,#2515,.F.);
#3612=ORIENTED_EDGE('',*,*,#2526,.T.);
#3613=ORIENTED_EDGE('',*,*,#2175,.T.);
#3614=ORIENTED_EDGE('',*,*,#2528,.T.);
#3615=ORIENTED_EDGE('',*,*,#2082,.F.);
#3616=ORIENTED_EDGE('',*,*,#2009,.F.);
#3617=ORIENTED_EDGE('',*,*,#2018,.F.);
#3618=ORIENTED_EDGE('',*,*,#2529,.F.);
#3619=ORIENTED_EDGE('',*,*,#2530,.T.);
#3620=ORIENTED_EDGE('',*,*,#2531,.T.);
#3621=ORIENTED_EDGE('',*,*,#2532,.T.);
#3622=ORIENTED_EDGE('',*,*,#2083,.F.);
#3623=ORIENTED_EDGE('',*,*,#2528,.F.);
#3624=ORIENTED_EDGE('',*,*,#2533,.T.);
#3625=ORIENTED_EDGE('',*,*,#2534,.T.);
#3626=ORIENTED_EDGE('',*,*,#2535,.T.);
#3627=ORIENTED_EDGE('',*,*,#2536,.T.);
#3628=ORIENTED_EDGE('',*,*,#2537,.T.);
#3629=ORIENTED_EDGE('',*,*,#2538,.T.);
#3630=ORIENTED_EDGE('',*,*,#2016,.F.);
#3631=ORIENTED_EDGE('',*,*,#2004,.T.);
#3632=ORIENTED_EDGE('',*,*,#2084,.F.);
#3633=ORIENTED_EDGE('',*,*,#2534,.F.);
#3634=ORIENTED_EDGE('',*,*,#2539,.F.);
#3635=ORIENTED_EDGE('',*,*,#2535,.F.);
#3636=ORIENTED_EDGE('',*,*,#2533,.F.);
#3637=ORIENTED_EDGE('',*,*,#2532,.F.);
#3638=ORIENTED_EDGE('',*,*,#2540,.F.);
#3639=ORIENTED_EDGE('',*,*,#2015,.F.);
#3640=ORIENTED_EDGE('',*,*,#2017,.F.);
#3641=ORIENTED_EDGE('',*,*,#2538,.F.);
#3642=ORIENTED_EDGE('',*,*,#2541,.T.);
#3643=ORIENTED_EDGE('',*,*,#2529,.T.);
#3644=ORIENTED_EDGE('',*,*,#2542,.F.);
#3645=ORIENTED_EDGE('',*,*,#2530,.F.);
#3646=ORIENTED_EDGE('',*,*,#2541,.F.);
#3647=ORIENTED_EDGE('',*,*,#2537,.F.);
#3648=ORIENTED_EDGE('',*,*,#2543,.F.);
#3649=ORIENTED_EDGE('',*,*,#2013,.F.);
#3650=ORIENTED_EDGE('',*,*,#2539,.T.);
#3651=ORIENTED_EDGE('',*,*,#2014,.T.);
#3652=ORIENTED_EDGE('',*,*,#2543,.T.);
#3653=ORIENTED_EDGE('',*,*,#2536,.F.);
#3654=ORIENTED_EDGE('',*,*,#2540,.T.);
#3655=ORIENTED_EDGE('',*,*,#2531,.F.);
#3656=ORIENTED_EDGE('',*,*,#2542,.T.);
#3657=ORIENTED_EDGE('',*,*,#2012,.T.);
#3658=ORIENTED_EDGE('',*,*,#2279,.F.);
#3659=ORIENTED_EDGE('',*,*,#2544,.T.);
#3660=ORIENTED_EDGE('',*,*,#2545,.F.);
#3661=ORIENTED_EDGE('',*,*,#2282,.F.);
#3662=ORIENTED_EDGE('',*,*,#2155,.T.);
#3663=ORIENTED_EDGE('',*,*,#2546,.F.);
#3664=ORIENTED_EDGE('',*,*,#2547,.F.);
#3665=ORIENTED_EDGE('',*,*,#2548,.T.);
#3666=ORIENTED_EDGE('',*,*,#2148,.T.);
#3667=ORIENTED_EDGE('',*,*,#2548,.F.);
#3668=ORIENTED_EDGE('',*,*,#2549,.F.);
#3669=ORIENTED_EDGE('',*,*,#2550,.T.);
#3670=ORIENTED_EDGE('',*,*,#2149,.T.);
#3671=ORIENTED_EDGE('',*,*,#2550,.F.);
#3672=ORIENTED_EDGE('',*,*,#2551,.F.);
#3673=ORIENTED_EDGE('',*,*,#2552,.T.);
#3674=ORIENTED_EDGE('',*,*,#2154,.T.);
#3675=ORIENTED_EDGE('',*,*,#2545,.T.);
#3676=ORIENTED_EDGE('',*,*,#2150,.T.);
#3677=ORIENTED_EDGE('',*,*,#2552,.F.);
#3678=ORIENTED_EDGE('',*,*,#2553,.F.);
#3679=ORIENTED_EDGE('',*,*,#2546,.T.);
#3680=ORIENTED_EDGE('',*,*,#2547,.T.);
#3681=ORIENTED_EDGE('',*,*,#2553,.T.);
#3682=ORIENTED_EDGE('',*,*,#2551,.T.);
#3683=ORIENTED_EDGE('',*,*,#2549,.T.);
#3684=ORIENTED_EDGE('',*,*,#2554,.F.);
#3685=ORIENTED_EDGE('',*,*,#2555,.F.);
#3686=ORIENTED_EDGE('',*,*,#1990,.F.);
#3687=ORIENTED_EDGE('',*,*,#2277,.F.);
#3688=ORIENTED_EDGE('',*,*,#2556,.T.);
#3689=ORIENTED_EDGE('',*,*,#2160,.T.);
#3690=ORIENTED_EDGE('',*,*,#2557,.F.);
#3691=ORIENTED_EDGE('',*,*,#2558,.F.);
#3692=ORIENTED_EDGE('',*,*,#2161,.T.);
#3693=ORIENTED_EDGE('',*,*,#2556,.F.);
#3694=ORIENTED_EDGE('',*,*,#2559,.F.);
#3695=ORIENTED_EDGE('',*,*,#2560,.T.);
#3696=ORIENTED_EDGE('',*,*,#2162,.T.);
#3697=ORIENTED_EDGE('',*,*,#2560,.F.);
#3698=ORIENTED_EDGE('',*,*,#2561,.F.);
#3699=ORIENTED_EDGE('',*,*,#2562,.T.);
#3700=ORIENTED_EDGE('',*,*,#2166,.T.);
#3701=ORIENTED_EDGE('',*,*,#2554,.T.);
#3702=ORIENTED_EDGE('',*,*,#2163,.T.);
#3703=ORIENTED_EDGE('',*,*,#2562,.F.);
#3704=ORIENTED_EDGE('',*,*,#2563,.F.);
#3705=ORIENTED_EDGE('',*,*,#2557,.T.);
#3706=ORIENTED_EDGE('',*,*,#2558,.T.);
#3707=ORIENTED_EDGE('',*,*,#2563,.T.);
#3708=ORIENTED_EDGE('',*,*,#2561,.T.);
#3709=ORIENTED_EDGE('',*,*,#2559,.T.);
#3710=ORIENTED_EDGE('',*,*,#2156,.T.);
#3711=ORIENTED_EDGE('',*,*,#2564,.F.);
#3712=ORIENTED_EDGE('',*,*,#2565,.F.);
#3713=ORIENTED_EDGE('',*,*,#2566,.T.);
#3714=ORIENTED_EDGE('',*,*,#2157,.T.);
#3715=ORIENTED_EDGE('',*,*,#2566,.F.);
#3716=ORIENTED_EDGE('',*,*,#2567,.F.);
#3717=ORIENTED_EDGE('',*,*,#2568,.T.);
#3718=ORIENTED_EDGE('',*,*,#2158,.T.);
#3719=ORIENTED_EDGE('',*,*,#2568,.F.);
#3720=ORIENTED_EDGE('',*,*,#2569,.F.);
#3721=ORIENTED_EDGE('',*,*,#2570,.T.);
#3722=ORIENTED_EDGE('',*,*,#2159,.T.);
#3723=ORIENTED_EDGE('',*,*,#2570,.F.);
#3724=ORIENTED_EDGE('',*,*,#2571,.F.);
#3725=ORIENTED_EDGE('',*,*,#2564,.T.);
#3726=ORIENTED_EDGE('',*,*,#2565,.T.);
#3727=ORIENTED_EDGE('',*,*,#2571,.T.);
#3728=ORIENTED_EDGE('',*,*,#2569,.T.);
#3729=ORIENTED_EDGE('',*,*,#2567,.T.);
#3730=ORIENTED_EDGE('',*,*,#1991,.F.);
#3731=ORIENTED_EDGE('',*,*,#2555,.T.);
#3732=ORIENTED_EDGE('',*,*,#2165,.T.);
#3733=ORIENTED_EDGE('',*,*,#1994,.T.);
#3734=ORIENTED_EDGE('',*,*,#2002,.T.);
#3735=ORIENTED_EDGE('',*,*,#2000,.F.);
#3736=ORIENTED_EDGE('',*,*,#2572,.F.);
#3737=ORIENTED_EDGE('',*,*,#2573,.F.);
#3738=ORIENTED_EDGE('',*,*,#2574,.F.);
#3739=ORIENTED_EDGE('',*,*,#2287,.T.);
#3740=ORIENTED_EDGE('',*,*,#2285,.F.);
#3741=ORIENTED_EDGE('',*,*,#2151,.F.);
#3742=ORIENTED_EDGE('',*,*,#2544,.F.);
#3743=ORIENTED_EDGE('',*,*,#2278,.T.);
#3744=ORIENTED_EDGE('',*,*,#2575,.F.);
#3745=ORIENTED_EDGE('',*,*,#1998,.F.);
#3746=ORIENTED_EDGE('',*,*,#2576,.F.);
#3747=ORIENTED_EDGE('',*,*,#2577,.F.);
#3748=ORIENTED_EDGE('',*,*,#2575,.T.);
#3749=ORIENTED_EDGE('',*,*,#2578,.T.);
#3750=ORIENTED_EDGE('',*,*,#2572,.T.);
#3751=ORIENTED_EDGE('',*,*,#1999,.F.);
#3752=ORIENTED_EDGE('',*,*,#2577,.T.);
#3753=ORIENTED_EDGE('',*,*,#2579,.T.);
#3754=ORIENTED_EDGE('',*,*,#2573,.T.);
#3755=ORIENTED_EDGE('',*,*,#2578,.F.);
#3756=ORIENTED_EDGE('',*,*,#2574,.T.);
#3757=ORIENTED_EDGE('',*,*,#2579,.F.);
#3758=ORIENTED_EDGE('',*,*,#2576,.T.);
#3759=ORIENTED_EDGE('',*,*,#2001,.F.);
#3760=PLANE('',#4371);
#3761=PLANE('',#4372);
#3762=PLANE('',#4373);
#3763=PLANE('',#4374);
#3764=PLANE('',#4375);
#3765=PLANE('',#4376);
#3766=PLANE('',#4380);
#3767=PLANE('',#4381);
#3768=PLANE('',#4382);
#3769=PLANE('',#4386);
#3770=PLANE('',#4390);
#3771=PLANE('',#4394);
#3772=PLANE('',#4398);
#3773=PLANE('',#4402);
#3774=PLANE('',#4427);
#3775=PLANE('',#4434);
#3776=PLANE('',#4435);
#3777=PLANE('',#4436);
#3778=PLANE('',#4437);
#3779=PLANE('',#4438);
#3780=PLANE('',#4439);
#3781=PLANE('',#4440);
#3782=PLANE('',#4441);
#3783=PLANE('',#4442);
#3784=PLANE('',#4443);
#3785=PLANE('',#4444);
#3786=PLANE('',#4445);
#3787=PLANE('',#4446);
#3788=PLANE('',#4447);
#3789=PLANE('',#4448);
#3790=PLANE('',#4449);
#3791=PLANE('',#4450);
#3792=PLANE('',#4451);
#3793=PLANE('',#4452);
#3794=PLANE('',#4453);
#3795=PLANE('',#4454);
#3796=PLANE('',#4455);
#3797=PLANE('',#4456);
#3798=PLANE('',#4457);
#3799=PLANE('',#4458);
#3800=PLANE('',#4459);
#3801=PLANE('',#4460);
#3802=PLANE('',#4461);
#3803=PLANE('',#4462);
#3804=PLANE('',#4463);
#3805=PLANE('',#4464);
#3806=PLANE('',#4465);
#3807=PLANE('',#4466);
#3808=PLANE('',#4467);
#3809=PLANE('',#4468);
#3810=PLANE('',#4469);
#3811=PLANE('',#4470);
#3812=PLANE('',#4471);
#3813=PLANE('',#4472);
#3814=PLANE('',#4473);
#3815=PLANE('',#4474);
#3816=PLANE('',#4475);
#3817=PLANE('',#4476);
#3818=PLANE('',#4477);
#3819=PLANE('',#4478);
#3820=PLANE('',#4479);
#3821=PLANE('',#4480);
#3822=PLANE('',#4481);
#3823=PLANE('',#4482);
#3824=PLANE('',#4483);
#3825=PLANE('',#4484);
#3826=PLANE('',#4485);
#3827=PLANE('',#4486);
#3828=PLANE('',#4487);
#3829=PLANE('',#4488);
#3830=PLANE('',#4489);
#3831=PLANE('',#4490);
#3832=PLANE('',#4491);
#3833=PLANE('',#4492);
#3834=PLANE('',#4493);
#3835=PLANE('',#4494);
#3836=PLANE('',#4495);
#3837=PLANE('',#4496);
#3838=PLANE('',#4497);
#3839=PLANE('',#4498);
#3840=PLANE('',#4499);
#3841=PLANE('',#4500);
#3842=PLANE('',#4501);
#3843=PLANE('',#4502);
#3844=PLANE('',#4503);
#3845=PLANE('',#4504);
#3846=PLANE('',#4505);
#3847=PLANE('',#4506);
#3848=PLANE('',#4507);
#3849=PLANE('',#4508);
#3850=PLANE('',#4509);
#3851=PLANE('',#4510);
#3852=PLANE('',#4511);
#3853=PLANE('',#4512);
#3854=PLANE('',#4513);
#3855=PLANE('',#4514);
#3856=PLANE('',#4515);
#3857=PLANE('',#4516);
#3858=PLANE('',#4517);
#3859=PLANE('',#4518);
#3860=PLANE('',#4519);
#3861=PLANE('',#4520);
#3862=PLANE('',#4521);
#3863=PLANE('',#4522);
#3864=PLANE('',#4523);
#3865=PLANE('',#4524);
#3866=PLANE('',#4525);
#3867=PLANE('',#4526);
#3868=PLANE('',#4527);
#3869=PLANE('',#4528);
#3870=PLANE('',#4529);
#3871=PLANE('',#4530);
#3872=PLANE('',#4531);
#3873=PLANE('',#4532);
#3874=PLANE('',#4533);
#3875=PLANE('',#4534);
#3876=PLANE('',#4535);
#3877=PLANE('',#4536);
#3878=PLANE('',#4537);
#3879=PLANE('',#4538);
#3880=PLANE('',#4539);
#3881=PLANE('',#4540);
#3882=PLANE('',#4541);
#3883=PLANE('',#4542);
#3884=PLANE('',#4543);
#3885=PLANE('',#4544);
#3886=PLANE('',#4545);
#3887=PLANE('',#4546);
#3888=PLANE('',#4547);
#3889=PLANE('',#4548);
#3890=PLANE('',#4549);
#3891=PLANE('',#4550);
#3892=PLANE('',#4551);
#3893=PLANE('',#4552);
#3894=PLANE('',#4553);
#3895=PLANE('',#4554);
#3896=PLANE('',#4555);
#3897=PLANE('',#4556);
#3898=PLANE('',#4557);
#3899=PLANE('',#4558);
#3900=PLANE('',#4559);
#3901=PLANE('',#4560);
#3902=PLANE('',#4561);
#3903=PLANE('',#4562);
#3904=PLANE('',#4563);
#3905=PLANE('',#4564);
#3906=PLANE('',#4565);
#3907=PLANE('',#4566);
#3908=PLANE('',#4567);
#3909=PLANE('',#4568);
#3910=PLANE('',#4569);
#3911=PLANE('',#4570);
#3912=PLANE('',#4571);
#3913=PLANE('',#4572);
#3914=PLANE('',#4573);
#3915=PLANE('',#4574);
#3916=PLANE('',#4575);
#3917=PLANE('',#4576);
#3918=PLANE('',#4577);
#3919=PLANE('',#4578);
#3920=PLANE('',#4579);
#3921=PLANE('',#4580);
#3922=PLANE('',#4581);
#3923=PLANE('',#4582);
#3924=PLANE('',#4583);
#3925=PLANE('',#4584);
#3926=PLANE('',#4585);
#3927=PLANE('',#4586);
#3928=PLANE('',#4587);
#3929=PLANE('',#4588);
#3930=PLANE('',#4589);
#3931=PLANE('',#4590);
#3932=PLANE('',#4591);
#3933=PLANE('',#4592);
#3934=PLANE('',#4593);
#3935=PLANE('',#4594);
#3936=PLANE('',#4595);
#3937=PLANE('',#4596);
#3938=PLANE('',#4597);
#3939=PLANE('',#4598);
#3940=PLANE('',#4599);
#3941=PLANE('',#4600);
#3942=PLANE('',#4601);
#3943=PLANE('',#4602);
#3944=PLANE('',#4603);
#3945=PLANE('',#4604);
#3946=PLANE('',#4605);
#3947=PLANE('',#4606);
#3948=STYLED_ITEM('',(#6846),#4153);
#3949=STYLED_ITEM('',(#6846),#4154);
#3950=STYLED_ITEM('',(#6847),#4155);
#3951=STYLED_ITEM('',(#6846),#4156);
#3952=STYLED_ITEM('',(#6848),#4157);
#3953=STYLED_ITEM('',(#6848),#4158);
#3954=STYLED_ITEM('',(#6849),#4159);
#3955=STYLED_ITEM('',(#6850),#4160);
#3956=STYLED_ITEM('',(#6850),#4161);
#3957=STYLED_ITEM('',(#6848),#4162);
#3958=STYLED_ITEM('',(#6849),#4163);
#3959=STYLED_ITEM('',(#6848),#4164);
#3960=STYLED_ITEM('',(#6849),#4165);
#3961=STYLED_ITEM('',(#6848),#4166);
#3962=STYLED_ITEM('',(#6849),#4167);
#3963=STYLED_ITEM('',(#6848),#4168);
#3964=STYLED_ITEM('',(#6849),#4169);
#3965=STYLED_ITEM('',(#6848),#4170);
#3966=STYLED_ITEM('',(#6849),#4171);
#3967=STYLED_ITEM('',(#6848),#4172);
#3968=STYLED_ITEM('',(#6849),#4173);
#3969=STYLED_ITEM('',(#6849),#4174);
#3970=STYLED_ITEM('',(#6849),#4175);
#3971=STYLED_ITEM('',(#6849),#4176);
#3972=STYLED_ITEM('',(#6849),#4177);
#3973=STYLED_ITEM('',(#6849),#4178);
#3974=STYLED_ITEM('',(#6849),#4179);
#3975=STYLED_ITEM('',(#6849),#4180);
#3976=STYLED_ITEM('',(#6848),#4181);
#3977=STYLED_ITEM('',(#6849),#4182);
#3978=STYLED_ITEM('',(#6849),#4183);
#3979=STYLED_ITEM('',(#6848),#4184);
#3980=STYLED_ITEM('',(#6848),#4185);
#3981=STYLED_ITEM('',(#6848),#4186);
#3982=STYLED_ITEM('',(#6848),#4187);
#3983=STYLED_ITEM('',(#6848),#4188);
#3984=STYLED_ITEM('',(#6848),#4189);
#3985=STYLED_ITEM('',(#6848),#4190);
#3986=STYLED_ITEM('',(#6848),#4191);
#3987=STYLED_ITEM('',(#6848),#4192);
#3988=STYLED_ITEM('',(#6848),#4193);
#3989=STYLED_ITEM('',(#6848),#4194);
#3990=STYLED_ITEM('',(#6851),#4195);
#3991=STYLED_ITEM('',(#6851),#4196);
#3992=STYLED_ITEM('',(#6851),#4197);
#3993=STYLED_ITEM('',(#6851),#4198);
#3994=STYLED_ITEM('',(#6851),#4199);
#3995=STYLED_ITEM('',(#6851),#4200);
#3996=STYLED_ITEM('',(#6851),#4201);
#3997=STYLED_ITEM('',(#6846),#4202);
#3998=STYLED_ITEM('',(#6846),#4203);
#3999=STYLED_ITEM('',(#6846),#4204);
#4000=STYLED_ITEM('',(#6846),#4205);
#4001=STYLED_ITEM('',(#6846),#4206);
#4002=STYLED_ITEM('',(#6849),#4207);
#4003=STYLED_ITEM('',(#6849),#4208);
#4004=STYLED_ITEM('',(#6849),#4209);
#4005=STYLED_ITEM('',(#6849),#4210);
#4006=STYLED_ITEM('',(#6849),#4211);
#4007=STYLED_ITEM('',(#6849),#4212);
#4008=STYLED_ITEM('',(#6849),#4213);
#4009=STYLED_ITEM('',(#6849),#4214);
#4010=STYLED_ITEM('',(#6849),#4215);
#4011=STYLED_ITEM('',(#6849),#4216);
#4012=STYLED_ITEM('',(#6849),#4217);
#4013=STYLED_ITEM('',(#6849),#4218);
#4014=STYLED_ITEM('',(#6849),#4219);
#4015=STYLED_ITEM('',(#6849),#4220);
#4016=STYLED_ITEM('',(#6849),#4221);
#4017=STYLED_ITEM('',(#6849),#4222);
#4018=STYLED_ITEM('',(#6849),#4223);
#4019=STYLED_ITEM('',(#6849),#4224);
#4020=STYLED_ITEM('',(#6849),#4225);
#4021=STYLED_ITEM('',(#6849),#4226);
#4022=STYLED_ITEM('',(#6849),#4227);
#4023=STYLED_ITEM('',(#6849),#4228);
#4024=STYLED_ITEM('',(#6849),#4229);
#4025=STYLED_ITEM('',(#6849),#4230);
#4026=STYLED_ITEM('',(#6849),#4231);
#4027=STYLED_ITEM('',(#6849),#4232);
#4028=STYLED_ITEM('',(#6849),#4233);
#4029=STYLED_ITEM('',(#6849),#4234);
#4030=STYLED_ITEM('',(#6849),#4235);
#4031=STYLED_ITEM('',(#6849),#4236);
#4032=STYLED_ITEM('',(#6849),#4237);
#4033=STYLED_ITEM('',(#6849),#4238);
#4034=STYLED_ITEM('',(#6849),#4239);
#4035=STYLED_ITEM('',(#6849),#4240);
#4036=STYLED_ITEM('',(#6849),#4241);
#4037=STYLED_ITEM('',(#6849),#4242);
#4038=STYLED_ITEM('',(#6849),#4243);
#4039=STYLED_ITEM('',(#6849),#4244);
#4040=STYLED_ITEM('',(#6849),#4245);
#4041=STYLED_ITEM('',(#6849),#4246);
#4042=STYLED_ITEM('',(#6849),#4247);
#4043=STYLED_ITEM('',(#6849),#4248);
#4044=STYLED_ITEM('',(#6849),#4249);
#4045=STYLED_ITEM('',(#6849),#4250);
#4046=STYLED_ITEM('',(#6849),#4251);
#4047=STYLED_ITEM('',(#6849),#4252);
#4048=STYLED_ITEM('',(#6849),#4253);
#4049=STYLED_ITEM('',(#6849),#4254);
#4050=STYLED_ITEM('',(#6849),#4255);
#4051=STYLED_ITEM('',(#6849),#4256);
#4052=STYLED_ITEM('',(#6849),#4257);
#4053=STYLED_ITEM('',(#6849),#4258);
#4054=STYLED_ITEM('',(#6849),#4259);
#4055=STYLED_ITEM('',(#6849),#4260);
#4056=STYLED_ITEM('',(#6849),#4261);
#4057=STYLED_ITEM('',(#6849),#4262);
#4058=STYLED_ITEM('',(#6849),#4263);
#4059=STYLED_ITEM('',(#6849),#4264);
#4060=STYLED_ITEM('',(#6849),#4265);
#4061=STYLED_ITEM('',(#6849),#4266);
#4062=STYLED_ITEM('',(#6849),#4267);
#4063=STYLED_ITEM('',(#6849),#4268);
#4064=STYLED_ITEM('',(#6849),#4269);
#4065=STYLED_ITEM('',(#6849),#4270);
#4066=STYLED_ITEM('',(#6849),#4271);
#4067=STYLED_ITEM('',(#6849),#4272);
#4068=STYLED_ITEM('',(#6849),#4273);
#4069=STYLED_ITEM('',(#6849),#4274);
#4070=STYLED_ITEM('',(#6849),#4275);
#4071=STYLED_ITEM('',(#6849),#4276);
#4072=STYLED_ITEM('',(#6849),#4277);
#4073=STYLED_ITEM('',(#6849),#4278);
#4074=STYLED_ITEM('',(#6849),#4279);
#4075=STYLED_ITEM('',(#6849),#4280);
#4076=STYLED_ITEM('',(#6849),#4281);
#4077=STYLED_ITEM('',(#6849),#4282);
#4078=STYLED_ITEM('',(#6849),#4283);
#4079=STYLED_ITEM('',(#6849),#4284);
#4080=STYLED_ITEM('',(#6849),#4285);
#4081=STYLED_ITEM('',(#6849),#4286);
#4082=STYLED_ITEM('',(#6849),#4287);
#4083=STYLED_ITEM('',(#6849),#4288);
#4084=STYLED_ITEM('',(#6849),#4289);
#4085=STYLED_ITEM('',(#6849),#4290);
#4086=STYLED_ITEM('',(#6849),#4291);
#4087=STYLED_ITEM('',(#6849),#4292);
#4088=STYLED_ITEM('',(#6849),#4293);
#4089=STYLED_ITEM('',(#6849),#4294);
#4090=STYLED_ITEM('',(#6849),#4295);
#4091=STYLED_ITEM('',(#6849),#4296);
#4092=STYLED_ITEM('',(#6849),#4297);
#4093=STYLED_ITEM('',(#6849),#4298);
#4094=STYLED_ITEM('',(#6849),#4299);
#4095=STYLED_ITEM('',(#6849),#4300);
#4096=STYLED_ITEM('',(#6849),#4301);
#4097=STYLED_ITEM('',(#6849),#4302);
#4098=STYLED_ITEM('',(#6849),#4303);
#4099=STYLED_ITEM('',(#6849),#4304);
#4100=STYLED_ITEM('',(#6849),#4305);
#4101=STYLED_ITEM('',(#6849),#4306);
#4102=STYLED_ITEM('',(#6849),#4307);
#4103=STYLED_ITEM('',(#6849),#4308);
#4104=STYLED_ITEM('',(#6849),#4309);
#4105=STYLED_ITEM('',(#6849),#4310);
#4106=STYLED_ITEM('',(#6849),#4311);
#4107=STYLED_ITEM('',(#6849),#4312);
#4108=STYLED_ITEM('',(#6849),#4313);
#4109=STYLED_ITEM('',(#6849),#4314);
#4110=STYLED_ITEM('',(#6849),#4315);
#4111=STYLED_ITEM('',(#6849),#4316);
#4112=STYLED_ITEM('',(#6849),#4317);
#4113=STYLED_ITEM('',(#6849),#4318);
#4114=STYLED_ITEM('',(#6849),#4319);
#4115=STYLED_ITEM('',(#6849),#4320);
#4116=STYLED_ITEM('',(#6849),#4321);
#4117=STYLED_ITEM('',(#6849),#4322);
#4118=STYLED_ITEM('',(#6849),#4323);
#4119=STYLED_ITEM('',(#6849),#4324);
#4120=STYLED_ITEM('',(#6849),#4325);
#4121=STYLED_ITEM('',(#6849),#4326);
#4122=STYLED_ITEM('',(#6849),#4327);
#4123=STYLED_ITEM('',(#6849),#4328);
#4124=STYLED_ITEM('',(#6849),#4329);
#4125=STYLED_ITEM('',(#6849),#4330);
#4126=STYLED_ITEM('',(#6849),#4331);
#4127=STYLED_ITEM('',(#6849),#4332);
#4128=STYLED_ITEM('',(#6849),#4333);
#4129=STYLED_ITEM('',(#6849),#4334);
#4130=STYLED_ITEM('',(#6852),#4335);
#4131=STYLED_ITEM('',(#6852),#4336);
#4132=STYLED_ITEM('',(#6852),#4337);
#4133=STYLED_ITEM('',(#6852),#4338);
#4134=STYLED_ITEM('',(#6852),#4339);
#4135=STYLED_ITEM('',(#6852),#4340);
#4136=STYLED_ITEM('',(#6852),#4341);
#4137=STYLED_ITEM('',(#6852),#4342);
#4138=STYLED_ITEM('',(#6852),#4343);
#4139=STYLED_ITEM('',(#6852),#4344);
#4140=STYLED_ITEM('',(#6852),#4345);
#4141=STYLED_ITEM('',(#6852),#4346);
#4142=STYLED_ITEM('',(#6852),#4347);
#4143=STYLED_ITEM('',(#6852),#4348);
#4144=STYLED_ITEM('',(#6852),#4349);
#4145=STYLED_ITEM('',(#6852),#4350);
#4146=STYLED_ITEM('',(#6852),#4351);
#4147=STYLED_ITEM('',(#6846),#4352);
#4148=STYLED_ITEM('',(#6846),#4353);
#4149=STYLED_ITEM('',(#6847),#4354);
#4150=STYLED_ITEM('',(#6847),#4355);
#4151=STYLED_ITEM('',(#6847),#4356);
#4152=STYLED_ITEM('',(#6845),#13);
#4153=ADVANCED_FACE('',(#68),#3760,.F.);
#4154=ADVANCED_FACE('',(#69),#3761,.F.);
#4155=ADVANCED_FACE('',(#70),#3762,.T.);
#4156=ADVANCED_FACE('',(#71),#3763,.F.);
#4157=ADVANCED_FACE('',(#72),#3764,.F.);
#4158=ADVANCED_FACE('',(#73),#3765,.F.);
#4159=ADVANCED_FACE('',(#74),#52,.F.);
#4160=ADVANCED_FACE('',(#75),#3766,.F.);
#4161=ADVANCED_FACE('',(#76,#14,#15,#16,#17),#3767,.T.);
#4162=ADVANCED_FACE('',(#77),#3768,.F.);
#4163=ADVANCED_FACE('',(#78),#53,.F.);
#4164=ADVANCED_FACE('',(#79),#3769,.F.);
#4165=ADVANCED_FACE('',(#80),#54,.F.);
#4166=ADVANCED_FACE('',(#81),#3770,.F.);
#4167=ADVANCED_FACE('',(#82),#55,.F.);
#4168=ADVANCED_FACE('',(#83),#3771,.F.);
#4169=ADVANCED_FACE('',(#84),#56,.F.);
#4170=ADVANCED_FACE('',(#85),#3772,.F.);
#4171=ADVANCED_FACE('',(#86),#57,.F.);
#4172=ADVANCED_FACE('',(#87),#3773,.F.);
#4173=ADVANCED_FACE('',(#88),#58,.F.);
#4174=ADVANCED_FACE('',(#89),#59,.F.);
#4175=ADVANCED_FACE('',(#90),#60,.F.);
#4176=ADVANCED_FACE('',(#91),#61,.F.);
#4177=ADVANCED_FACE('',(#92),#62,.F.);
#4178=ADVANCED_FACE('',(#93),#63,.F.);
#4179=ADVANCED_FACE('',(#94),#64,.F.);
#4180=ADVANCED_FACE('',(#95),#65,.F.);
#4181=ADVANCED_FACE('',(#96),#3774,.F.);
#4182=ADVANCED_FACE('',(#97),#66,.F.);
#4183=ADVANCED_FACE('',(#98),#67,.F.);
#4184=ADVANCED_FACE('',(#99),#3775,.F.);
#4185=ADVANCED_FACE('',(#100),#3776,.F.);
#4186=ADVANCED_FACE('',(#101),#3777,.F.);
#4187=ADVANCED_FACE('',(#102),#3778,.F.);
#4188=ADVANCED_FACE('',(#103),#3779,.F.);
#4189=ADVANCED_FACE('',(#104),#3780,.F.);
#4190=ADVANCED_FACE('',(#105),#3781,.F.);
#4191=ADVANCED_FACE('',(#106),#3782,.F.);
#4192=ADVANCED_FACE('',(#107),#3783,.F.);
#4193=ADVANCED_FACE('',(#108),#3784,.F.);
#4194=ADVANCED_FACE('',(#109),#3785,.F.);
#4195=ADVANCED_FACE('',(#110),#3786,.F.);
#4196=ADVANCED_FACE('',(#111),#3787,.F.);
#4197=ADVANCED_FACE('',(#112),#3788,.F.);
#4198=ADVANCED_FACE('',(#113),#3789,.F.);
#4199=ADVANCED_FACE('',(#114),#3790,.F.);
#4200=ADVANCED_FACE('',(#115),#3791,.F.);
#4201=ADVANCED_FACE('',(#116),#3792,.F.);
#4202=ADVANCED_FACE('',(#117),#3793,.F.);
#4203=ADVANCED_FACE('',(#118),#3794,.F.);
#4204=ADVANCED_FACE('',(#119),#3795,.F.);
#4205=ADVANCED_FACE('',(#120),#3796,.F.);
#4206=ADVANCED_FACE('',(#121),#3797,.F.);
#4207=ADVANCED_FACE('',(#122),#3798,.F.);
#4208=ADVANCED_FACE('',(#123),#3799,.F.);
#4209=ADVANCED_FACE('',(#124),#3800,.F.);
#4210=ADVANCED_FACE('',(#125),#3801,.T.);
#4211=ADVANCED_FACE('',(#126),#3802,.F.);
#4212=ADVANCED_FACE('',(#127),#3803,.T.);
#4213=ADVANCED_FACE('',(#128),#3804,.F.);
#4214=ADVANCED_FACE('',(#129),#3805,.F.);
#4215=ADVANCED_FACE('',(#130),#3806,.T.);
#4216=ADVANCED_FACE('',(#131),#3807,.T.);
#4217=ADVANCED_FACE('',(#132),#3808,.T.);
#4218=ADVANCED_FACE('',(#133),#3809,.T.);
#4219=ADVANCED_FACE('',(#134),#3810,.T.);
#4220=ADVANCED_FACE('',(#135),#3811,.T.);
#4221=ADVANCED_FACE('',(#136),#3812,.F.);
#4222=ADVANCED_FACE('',(#137),#3813,.F.);
#4223=ADVANCED_FACE('',(#138),#3814,.F.);
#4224=ADVANCED_FACE('',(#139),#3815,.F.);
#4225=ADVANCED_FACE('',(#140),#3816,.F.);
#4226=ADVANCED_FACE('',(#141),#3817,.T.);
#4227=ADVANCED_FACE('',(#142),#3818,.F.);
#4228=ADVANCED_FACE('',(#143),#3819,.F.);
#4229=ADVANCED_FACE('',(#144),#3820,.F.);
#4230=ADVANCED_FACE('',(#145),#3821,.T.);
#4231=ADVANCED_FACE('',(#146),#3822,.F.);
#4232=ADVANCED_FACE('',(#147),#3823,.F.);
#4233=ADVANCED_FACE('',(#148),#3824,.F.);
#4234=ADVANCED_FACE('',(#149),#3825,.T.);
#4235=ADVANCED_FACE('',(#150),#3826,.F.);
#4236=ADVANCED_FACE('',(#151),#3827,.F.);
#4237=ADVANCED_FACE('',(#152),#3828,.F.);
#4238=ADVANCED_FACE('',(#153),#3829,.T.);
#4239=ADVANCED_FACE('',(#154),#3830,.F.);
#4240=ADVANCED_FACE('',(#155),#3831,.F.);
#4241=ADVANCED_FACE('',(#156),#3832,.F.);
#4242=ADVANCED_FACE('',(#157),#3833,.T.);
#4243=ADVANCED_FACE('',(#158),#3834,.F.);
#4244=ADVANCED_FACE('',(#159),#3835,.F.);
#4245=ADVANCED_FACE('',(#160),#3836,.F.);
#4246=ADVANCED_FACE('',(#161),#3837,.T.);
#4247=ADVANCED_FACE('',(#162),#3838,.F.);
#4248=ADVANCED_FACE('',(#163),#3839,.F.);
#4249=ADVANCED_FACE('',(#164),#3840,.F.);
#4250=ADVANCED_FACE('',(#165),#3841,.T.);
#4251=ADVANCED_FACE('',(#166),#3842,.F.);
#4252=ADVANCED_FACE('',(#167),#3843,.T.);
#4253=ADVANCED_FACE('',(#168),#3844,.F.);
#4254=ADVANCED_FACE('',(#169),#3845,.T.);
#4255=ADVANCED_FACE('',(#170),#3846,.F.);
#4256=ADVANCED_FACE('',(#171),#3847,.T.);
#4257=ADVANCED_FACE('',(#172),#3848,.F.);
#4258=ADVANCED_FACE('',(#173),#3849,.T.);
#4259=ADVANCED_FACE('',(#174),#3850,.F.);
#4260=ADVANCED_FACE('',(#175),#3851,.T.);
#4261=ADVANCED_FACE('',(#176),#3852,.F.);
#4262=ADVANCED_FACE('',(#177),#3853,.T.);
#4263=ADVANCED_FACE('',(#178),#3854,.F.);
#4264=ADVANCED_FACE('',(#179),#3855,.T.);
#4265=ADVANCED_FACE('',(#180),#3856,.F.);
#4266=ADVANCED_FACE('',(#181),#3857,.F.);
#4267=ADVANCED_FACE('',(#182),#3858,.F.);
#4268=ADVANCED_FACE('',(#183),#3859,.F.);
#4269=ADVANCED_FACE('',(#184),#3860,.F.);
#4270=ADVANCED_FACE('',(#185),#3861,.F.);
#4271=ADVANCED_FACE('',(#186),#3862,.F.);
#4272=ADVANCED_FACE('',(#187),#3863,.F.);
#4273=ADVANCED_FACE('',(#188),#3864,.F.);
#4274=ADVANCED_FACE('',(#189),#3865,.F.);
#4275=ADVANCED_FACE('',(#190),#3866,.F.);
#4276=ADVANCED_FACE('',(#191),#3867,.F.);
#4277=ADVANCED_FACE('',(#192),#3868,.F.);
#4278=ADVANCED_FACE('',(#193),#3869,.F.);
#4279=ADVANCED_FACE('',(#194),#3870,.T.);
#4280=ADVANCED_FACE('',(#195),#3871,.T.);
#4281=ADVANCED_FACE('',(#196),#3872,.T.);
#4282=ADVANCED_FACE('',(#197),#3873,.T.);
#4283=ADVANCED_FACE('',(#198),#3874,.T.);
#4284=ADVANCED_FACE('',(#199),#3875,.T.);
#4285=ADVANCED_FACE('',(#200),#3876,.F.);
#4286=ADVANCED_FACE('',(#201),#3877,.F.);
#4287=ADVANCED_FACE('',(#202),#3878,.T.);
#4288=ADVANCED_FACE('',(#203),#3879,.T.);
#4289=ADVANCED_FACE('',(#204),#3880,.T.);
#4290=ADVANCED_FACE('',(#205),#3881,.T.);
#4291=ADVANCED_FACE('',(#206),#3882,.T.);
#4292=ADVANCED_FACE('',(#207),#3883,.T.);
#4293=ADVANCED_FACE('',(#208),#3884,.F.);
#4294=ADVANCED_FACE('',(#209),#3885,.F.);
#4295=ADVANCED_FACE('',(#210),#3886,.T.);
#4296=ADVANCED_FACE('',(#211),#3887,.T.);
#4297=ADVANCED_FACE('',(#212),#3888,.T.);
#4298=ADVANCED_FACE('',(#213),#3889,.T.);
#4299=ADVANCED_FACE('',(#214),#3890,.T.);
#4300=ADVANCED_FACE('',(#215),#3891,.T.);
#4301=ADVANCED_FACE('',(#216),#3892,.F.);
#4302=ADVANCED_FACE('',(#217),#3893,.F.);
#4303=ADVANCED_FACE('',(#218),#3894,.T.);
#4304=ADVANCED_FACE('',(#219),#3895,.T.);
#4305=ADVANCED_FACE('',(#220),#3896,.T.);
#4306=ADVANCED_FACE('',(#221),#3897,.T.);
#4307=ADVANCED_FACE('',(#222),#3898,.T.);
#4308=ADVANCED_FACE('',(#223),#3899,.T.);
#4309=ADVANCED_FACE('',(#224),#3900,.F.);
#4310=ADVANCED_FACE('',(#225),#3901,.F.);
#4311=ADVANCED_FACE('',(#226),#3902,.T.);
#4312=ADVANCED_FACE('',(#227),#3903,.T.);
#4313=ADVANCED_FACE('',(#228),#3904,.T.);
#4314=ADVANCED_FACE('',(#229),#3905,.T.);
#4315=ADVANCED_FACE('',(#230),#3906,.T.);
#4316=ADVANCED_FACE('',(#231),#3907,.T.);
#4317=ADVANCED_FACE('',(#232),#3908,.F.);
#4318=ADVANCED_FACE('',(#233),#3909,.F.);
#4319=ADVANCED_FACE('',(#234),#3910,.T.);
#4320=ADVANCED_FACE('',(#235),#3911,.T.);
#4321=ADVANCED_FACE('',(#236),#3912,.T.);
#4322=ADVANCED_FACE('',(#237),#3913,.T.);
#4323=ADVANCED_FACE('',(#238),#3914,.T.);
#4324=ADVANCED_FACE('',(#239),#3915,.T.);
#4325=ADVANCED_FACE('',(#240),#3916,.F.);
#4326=ADVANCED_FACE('',(#241),#3917,.F.);
#4327=ADVANCED_FACE('',(#242),#3918,.T.);
#4328=ADVANCED_FACE('',(#243),#3919,.T.);
#4329=ADVANCED_FACE('',(#244),#3920,.T.);
#4330=ADVANCED_FACE('',(#245),#3921,.T.);
#4331=ADVANCED_FACE('',(#246),#3922,.T.);
#4332=ADVANCED_FACE('',(#247),#3923,.T.);
#4333=ADVANCED_FACE('',(#248),#3924,.F.);
#4334=ADVANCED_FACE('',(#249),#3925,.F.);
#4335=ADVANCED_FACE('',(#250),#3926,.F.);
#4336=ADVANCED_FACE('',(#251),#3927,.F.);
#4337=ADVANCED_FACE('',(#252),#3928,.F.);
#4338=ADVANCED_FACE('',(#253),#3929,.F.);
#4339=ADVANCED_FACE('',(#254),#3930,.F.);
#4340=ADVANCED_FACE('',(#255),#3931,.T.);
#4341=ADVANCED_FACE('',(#256),#3932,.F.);
#4342=ADVANCED_FACE('',(#257),#3933,.F.);
#4343=ADVANCED_FACE('',(#258),#3934,.F.);
#4344=ADVANCED_FACE('',(#259),#3935,.F.);
#4345=ADVANCED_FACE('',(#260),#3936,.F.);
#4346=ADVANCED_FACE('',(#261),#3937,.T.);
#4347=ADVANCED_FACE('',(#262),#3938,.F.);
#4348=ADVANCED_FACE('',(#263),#3939,.F.);
#4349=ADVANCED_FACE('',(#264),#3940,.F.);
#4350=ADVANCED_FACE('',(#265),#3941,.F.);
#4351=ADVANCED_FACE('',(#266),#3942,.T.);
#4352=ADVANCED_FACE('',(#267,#18),#3943,.F.);
#4353=ADVANCED_FACE('',(#268,#19),#3944,.F.);
#4354=ADVANCED_FACE('',(#269),#3945,.T.);
#4355=ADVANCED_FACE('',(#270),#3946,.T.);
#4356=ADVANCED_FACE('',(#271),#3947,.T.);
#4357=CLOSED_SHELL('',(#4153,#4154,#4155,#4156,#4157,#4158,#4159,#4160,
#4161,#4162,#4163,#4164,#4165,#4166,#4167,#4168,#4169,#4170,#4171,#4172,
#4173,#4174,#4175,#4176,#4177,#4178,#4179,#4180,#4181,#4182,#4183,#4184,
#4185,#4186,#4187,#4188,#4189,#4190,#4191,#4192,#4193,#4194,#4195,#4196,
#4197,#4198,#4199,#4200,#4201,#4202,#4203,#4204,#4205,#4206,#4207,#4208,
#4209,#4210,#4211,#4212,#4213,#4214,#4215,#4216,#4217,#4218,#4219,#4220,
#4221,#4222,#4223,#4224,#4225,#4226,#4227,#4228,#4229,#4230,#4231,#4232,
#4233,#4234,#4235,#4236,#4237,#4238,#4239,#4240,#4241,#4242,#4243,#4244,
#4245,#4246,#4247,#4248,#4249,#4250,#4251,#4252,#4253,#4254,#4255,#4256,
#4257,#4258,#4259,#4260,#4261,#4262,#4263,#4264,#4265,#4266,#4267,#4268,
#4269,#4270,#4271,#4272,#4273,#4274,#4275,#4276,#4277,#4278,#4279,#4280,
#4281,#4282,#4283,#4284,#4285,#4286,#4287,#4288,#4289,#4290,#4291,#4292,
#4293,#4294,#4295,#4296,#4297,#4298,#4299,#4300,#4301,#4302,#4303,#4304,
#4305,#4306,#4307,#4308,#4309,#4310,#4311,#4312,#4313,#4314,#4315,#4316,
#4317,#4318,#4319,#4320,#4321,#4322,#4323,#4324,#4325,#4326,#4327,#4328,
#4329,#4330,#4331,#4332,#4333,#4334,#4335,#4336,#4337,#4338,#4339,#4340,
#4341,#4342,#4343,#4344,#4345,#4346,#4347,#4348,#4349,#4350,#4351,#4352,
#4353,#4354,#4355,#4356));
#4358=DERIVED_UNIT_ELEMENT(#4360,1.);
#4359=DERIVED_UNIT_ELEMENT(#6831,-3.);
#4360=(
MASS_UNIT()
NAMED_UNIT(*)
SI_UNIT(.KILO.,.GRAM.)
);
#4361=DERIVED_UNIT((#4358,#4359));
#4362=MEASURE_REPRESENTATION_ITEM('density measure',
POSITIVE_RATIO_MEASURE(7850.),#4361);
#4363=PROPERTY_DEFINITION_REPRESENTATION(#4368,#4365);
#4364=PROPERTY_DEFINITION_REPRESENTATION(#4369,#4366);
#4365=REPRESENTATION('material name',(#4367),#6828);
#4366=REPRESENTATION('density',(#4362),#6828);
#4367=DESCRIPTIVE_REPRESENTATION_ITEM('Steel','Steel');
#4368=PROPERTY_DEFINITION('material property','material name',#6838);
#4369=PROPERTY_DEFINITION('material property','density of part',#6838);
#4370=AXIS2_PLACEMENT_3D('',#5639,#4607,#4608);
#4371=AXIS2_PLACEMENT_3D('',#5640,#4609,#4610);
#4372=AXIS2_PLACEMENT_3D('',#5649,#4615,#4616);
#4373=AXIS2_PLACEMENT_3D('',#5658,#4621,#4622);
#4374=AXIS2_PLACEMENT_3D('',#5667,#4627,#4628);
#4375=AXIS2_PLACEMENT_3D('',#5670,#4631,#4632);
#4376=AXIS2_PLACEMENT_3D('',#5679,#4637,#4638);
#4377=AXIS2_PLACEMENT_3D('',#5688,#4643,#4644);
#4378=AXIS2_PLACEMENT_3D('',#5693,#4646,#4647);
#4379=AXIS2_PLACEMENT_3D('',#5696,#4649,#4650);
#4380=AXIS2_PLACEMENT_3D('',#5697,#4651,#4652);
#4381=AXIS2_PLACEMENT_3D('',#5828,#4719,#4720);
#4382=AXIS2_PLACEMENT_3D('',#6008,#4812,#4813);
#4383=AXIS2_PLACEMENT_3D('',#6011,#4816,#4817);
#4384=AXIS2_PLACEMENT_3D('',#6016,#4819,#4820);
#4385=AXIS2_PLACEMENT_3D('',#6019,#4822,#4823);
#4386=AXIS2_PLACEMENT_3D('',#6020,#4824,#4825);
#4387=AXIS2_PLACEMENT_3D('',#6023,#4828,#4829);
#4388=AXIS2_PLACEMENT_3D('',#6028,#4831,#4832);
#4389=AXIS2_PLACEMENT_3D('',#6031,#4834,#4835);
#4390=AXIS2_PLACEMENT_3D('',#6032,#4836,#4837);
#4391=AXIS2_PLACEMENT_3D('',#6035,#4840,#4841);
#4392=AXIS2_PLACEMENT_3D('',#6040,#4843,#4844);
#4393=AXIS2_PLACEMENT_3D('',#6043,#4846,#4847);
#4394=AXIS2_PLACEMENT_3D('',#6044,#4848,#4849);
#4395=AXIS2_PLACEMENT_3D('',#6047,#4852,#4853);
#4396=AXIS2_PLACEMENT_3D('',#6052,#4855,#4856);
#4397=AXIS2_PLACEMENT_3D('',#6055,#4858,#4859);
#4398=AXIS2_PLACEMENT_3D('',#6056,#4860,#4861);
#4399=AXIS2_PLACEMENT_3D('',#6059,#4864,#4865);
#4400=AXIS2_PLACEMENT_3D('',#6064,#4867,#4868);
#4401=AXIS2_PLACEMENT_3D('',#6067,#4870,#4871);
#4402=AXIS2_PLACEMENT_3D('',#6068,#4872,#4873);
#4403=AXIS2_PLACEMENT_3D('',#6071,#4876,#4877);
#4404=AXIS2_PLACEMENT_3D('',#6076,#4879,#4880);
#4405=AXIS2_PLACEMENT_3D('',#6079,#4882,#4883);
#4406=AXIS2_PLACEMENT_3D('',#6080,#4884,#4885);
#4407=AXIS2_PLACEMENT_3D('',#6083,#4886,#4887);
#4408=AXIS2_PLACEMENT_3D('',#6087,#4889,#4890);
#4409=AXIS2_PLACEMENT_3D('',#6089,#4892,#4893);
#4410=AXIS2_PLACEMENT_3D('',#6092,#4894,#4895);
#4411=AXIS2_PLACEMENT_3D('',#6096,#4897,#4898);
#4412=AXIS2_PLACEMENT_3D('',#6098,#4900,#4901);
#4413=AXIS2_PLACEMENT_3D('',#6101,#4902,#4903);
#4414=AXIS2_PLACEMENT_3D('',#6105,#4905,#4906);
#4415=AXIS2_PLACEMENT_3D('',#6107,#4908,#4909);
#4416=AXIS2_PLACEMENT_3D('',#6110,#4910,#4911);
#4417=AXIS2_PLACEMENT_3D('',#6114,#4913,#4914);
#4418=AXIS2_PLACEMENT_3D('',#6116,#4916,#4917);
#4419=AXIS2_PLACEMENT_3D('',#6119,#4918,#4919);
#4420=AXIS2_PLACEMENT_3D('',#6123,#4921,#4922);
#4421=AXIS2_PLACEMENT_3D('',#6125,#4924,#4925);
#4422=AXIS2_PLACEMENT_3D('',#6128,#4926,#4927);
#4423=AXIS2_PLACEMENT_3D('',#6132,#4929,#4930);
#4424=AXIS2_PLACEMENT_3D('',#6134,#4932,#4933);
#4425=AXIS2_PLACEMENT_3D('',#6137,#4934,#4935);
#4426=AXIS2_PLACEMENT_3D('',#6141,#4937,#4938);
#4427=AXIS2_PLACEMENT_3D('',#6143,#4940,#4941);
#4428=AXIS2_PLACEMENT_3D('',#6146,#4944,#4945);
#4429=AXIS2_PLACEMENT_3D('',#6151,#4947,#4948);
#4430=AXIS2_PLACEMENT_3D('',#6154,#4950,#4951);
#4431=AXIS2_PLACEMENT_3D('',#6155,#4952,#4953);
#4432=AXIS2_PLACEMENT_3D('',#6158,#4954,#4955);
#4433=AXIS2_PLACEMENT_3D('',#6162,#4957,#4958);
#4434=AXIS2_PLACEMENT_3D('',#6164,#4960,#4961);
#4435=AXIS2_PLACEMENT_3D('',#6167,#4964,#4965);
#4436=AXIS2_PLACEMENT_3D('',#6170,#4968,#4969);
#4437=AXIS2_PLACEMENT_3D('',#6173,#4972,#4973);
#4438=AXIS2_PLACEMENT_3D('',#6176,#4976,#4977);
#4439=AXIS2_PLACEMENT_3D('',#6179,#4980,#4981);
#4440=AXIS2_PLACEMENT_3D('',#6182,#4984,#4985);
#4441=AXIS2_PLACEMENT_3D('',#6185,#4988,#4989);
#4442=AXIS2_PLACEMENT_3D('',#6188,#4992,#4993);
#4443=AXIS2_PLACEMENT_3D('',#6190,#4995,#4996);
#4444=AXIS2_PLACEMENT_3D('',#6191,#4997,#4998);
#4445=AXIS2_PLACEMENT_3D('',#6193,#5000,#5001);
#4446=AXIS2_PLACEMENT_3D('',#6199,#5005,#5006);
#4447=AXIS2_PLACEMENT_3D('',#6203,#5009,#5010);
#4448=AXIS2_PLACEMENT_3D('',#6207,#5013,#5014);
#4449=AXIS2_PLACEMENT_3D('',#6211,#5017,#5018);
#4450=AXIS2_PLACEMENT_3D('',#6215,#5021,#5022);
#4451=AXIS2_PLACEMENT_3D('',#6217,#5024,#5025);
#4452=AXIS2_PLACEMENT_3D('',#6218,#5026,#5027);
#4453=AXIS2_PLACEMENT_3D('',#6220,#5029,#5030);
#4454=AXIS2_PLACEMENT_3D('',#6229,#5035,#5036);
#4455=AXIS2_PLACEMENT_3D('',#6234,#5040,#5041);
#4456=AXIS2_PLACEMENT_3D('',#6238,#5044,#5045);
#4457=AXIS2_PLACEMENT_3D('',#6240,#5047,#5048);
#4458=AXIS2_PLACEMENT_3D('',#6250,#5054,#5055);
#4459=AXIS2_PLACEMENT_3D('',#6254,#5058,#5059);
#4460=AXIS2_PLACEMENT_3D('',#6262,#5064,#5065);
#4461=AXIS2_PLACEMENT_3D('',#6265,#5068,#5069);
#4462=AXIS2_PLACEMENT_3D('',#6267,#5071,#5072);
#4463=AXIS2_PLACEMENT_3D('',#6270,#5075,#5076);
#4464=AXIS2_PLACEMENT_3D('',#6271,#5077,#5078);
#4465=AXIS2_PLACEMENT_3D('',#6272,#5079,#5080);
#4466=AXIS2_PLACEMENT_3D('',#6282,#5086,#5087);
#4467=AXIS2_PLACEMENT_3D('',#6286,#5090,#5091);
#4468=AXIS2_PLACEMENT_3D('',#6294,#5096,#5097);
#4469=AXIS2_PLACEMENT_3D('',#6297,#5100,#5101);
#4470=AXIS2_PLACEMENT_3D('',#6299,#5103,#5104);
#4471=AXIS2_PLACEMENT_3D('',#6302,#5107,#5108);
#4472=AXIS2_PLACEMENT_3D('',#6303,#5109,#5110);
#4473=AXIS2_PLACEMENT_3D('',#6304,#5111,#5112);
#4474=AXIS2_PLACEMENT_3D('',#6314,#5118,#5119);
#4475=AXIS2_PLACEMENT_3D('',#6318,#5122,#5123);
#4476=AXIS2_PLACEMENT_3D('',#6326,#5128,#5129);
#4477=AXIS2_PLACEMENT_3D('',#6329,#5132,#5133);
#4478=AXIS2_PLACEMENT_3D('',#6339,#5139,#5140);
#4479=AXIS2_PLACEMENT_3D('',#6343,#5143,#5144);
#4480=AXIS2_PLACEMENT_3D('',#6351,#5149,#5150);
#4481=AXIS2_PLACEMENT_3D('',#6354,#5153,#5154);
#4482=AXIS2_PLACEMENT_3D('',#6364,#5160,#5161);
#4483=AXIS2_PLACEMENT_3D('',#6368,#5164,#5165);
#4484=AXIS2_PLACEMENT_3D('',#6376,#5170,#5171);
#4485=AXIS2_PLACEMENT_3D('',#6379,#5174,#5175);
#4486=AXIS2_PLACEMENT_3D('',#6389,#5181,#5182);
#4487=AXIS2_PLACEMENT_3D('',#6393,#5185,#5186);
#4488=AXIS2_PLACEMENT_3D('',#6401,#5191,#5192);
#4489=AXIS2_PLACEMENT_3D('',#6404,#5195,#5196);
#4490=AXIS2_PLACEMENT_3D('',#6414,#5202,#5203);
#4491=AXIS2_PLACEMENT_3D('',#6418,#5206,#5207);
#4492=AXIS2_PLACEMENT_3D('',#6426,#5212,#5213);
#4493=AXIS2_PLACEMENT_3D('',#6429,#5216,#5217);
#4494=AXIS2_PLACEMENT_3D('',#6439,#5223,#5224);
#4495=AXIS2_PLACEMENT_3D('',#6443,#5227,#5228);
#4496=AXIS2_PLACEMENT_3D('',#6451,#5233,#5234);
#4497=AXIS2_PLACEMENT_3D('',#6454,#5237,#5238);
#4498=AXIS2_PLACEMENT_3D('',#6464,#5244,#5245);
#4499=AXIS2_PLACEMENT_3D('',#6468,#5248,#5249);
#4500=AXIS2_PLACEMENT_3D('',#6476,#5254,#5255);
#4501=AXIS2_PLACEMENT_3D('',#6479,#5258,#5259);
#4502=AXIS2_PLACEMENT_3D('',#6481,#5261,#5262);
#4503=AXIS2_PLACEMENT_3D('',#6484,#5265,#5266);
#4504=AXIS2_PLACEMENT_3D('',#6486,#5268,#5269);
#4505=AXIS2_PLACEMENT_3D('',#6489,#5272,#5273);
#4506=AXIS2_PLACEMENT_3D('',#6491,#5275,#5276);
#4507=AXIS2_PLACEMENT_3D('',#6494,#5279,#5280);
#4508=AXIS2_PLACEMENT_3D('',#6496,#5282,#5283);
#4509=AXIS2_PLACEMENT_3D('',#6499,#5286,#5287);
#4510=AXIS2_PLACEMENT_3D('',#6501,#5289,#5290);
#4511=AXIS2_PLACEMENT_3D('',#6504,#5293,#5294);
#4512=AXIS2_PLACEMENT_3D('',#6506,#5296,#5297);
#4513=AXIS2_PLACEMENT_3D('',#6509,#5300,#5301);
#4514=AXIS2_PLACEMENT_3D('',#6511,#5303,#5304);
#4515=AXIS2_PLACEMENT_3D('',#6514,#5307,#5308);
#4516=AXIS2_PLACEMENT_3D('',#6515,#5309,#5310);
#4517=AXIS2_PLACEMENT_3D('',#6516,#5311,#5312);
#4518=AXIS2_PLACEMENT_3D('',#6517,#5313,#5314);
#4519=AXIS2_PLACEMENT_3D('',#6518,#5315,#5316);
#4520=AXIS2_PLACEMENT_3D('',#6519,#5317,#5318);
#4521=AXIS2_PLACEMENT_3D('',#6520,#5319,#5320);
#4522=AXIS2_PLACEMENT_3D('',#6521,#5321,#5322);
#4523=AXIS2_PLACEMENT_3D('',#6522,#5323,#5324);
#4524=AXIS2_PLACEMENT_3D('',#6523,#5325,#5326);
#4525=AXIS2_PLACEMENT_3D('',#6524,#5327,#5328);
#4526=AXIS2_PLACEMENT_3D('',#6525,#5329,#5330);
#4527=AXIS2_PLACEMENT_3D('',#6526,#5331,#5332);
#4528=AXIS2_PLACEMENT_3D('',#6527,#5333,#5334);
#4529=AXIS2_PLACEMENT_3D('',#6528,#5335,#5336);
#4530=AXIS2_PLACEMENT_3D('',#6538,#5342,#5343);
#4531=AXIS2_PLACEMENT_3D('',#6542,#5346,#5347);
#4532=AXIS2_PLACEMENT_3D('',#6550,#5352,#5353);
#4533=AXIS2_PLACEMENT_3D('',#6553,#5356,#5357);
#4534=AXIS2_PLACEMENT_3D('',#6555,#5359,#5360);
#4535=AXIS2_PLACEMENT_3D('',#6558,#5363,#5364);
#4536=AXIS2_PLACEMENT_3D('',#6559,#5365,#5366);
#4537=AXIS2_PLACEMENT_3D('',#6560,#5367,#5368);
#4538=AXIS2_PLACEMENT_3D('',#6570,#5374,#5375);
#4539=AXIS2_PLACEMENT_3D('',#6574,#5378,#5379);
#4540=AXIS2_PLACEMENT_3D('',#6582,#5384,#5385);
#4541=AXIS2_PLACEMENT_3D('',#6585,#5388,#5389);
#4542=AXIS2_PLACEMENT_3D('',#6587,#5391,#5392);
#4543=AXIS2_PLACEMENT_3D('',#6590,#5395,#5396);
#4544=AXIS2_PLACEMENT_3D('',#6591,#5397,#5398);
#4545=AXIS2_PLACEMENT_3D('',#6592,#5399,#5400);
#4546=AXIS2_PLACEMENT_3D('',#6602,#5406,#5407);
#4547=AXIS2_PLACEMENT_3D('',#6606,#5410,#5411);
#4548=AXIS2_PLACEMENT_3D('',#6614,#5416,#5417);
#4549=AXIS2_PLACEMENT_3D('',#6617,#5420,#5421);
#4550=AXIS2_PLACEMENT_3D('',#6619,#5423,#5424);
#4551=AXIS2_PLACEMENT_3D('',#6622,#5427,#5428);
#4552=AXIS2_PLACEMENT_3D('',#6623,#5429,#5430);
#4553=AXIS2_PLACEMENT_3D('',#6624,#5431,#5432);
#4554=AXIS2_PLACEMENT_3D('',#6634,#5438,#5439);
#4555=AXIS2_PLACEMENT_3D('',#6638,#5442,#5443);
#4556=AXIS2_PLACEMENT_3D('',#6646,#5448,#5449);
#4557=AXIS2_PLACEMENT_3D('',#6649,#5452,#5453);
#4558=AXIS2_PLACEMENT_3D('',#6651,#5455,#5456);
#4559=AXIS2_PLACEMENT_3D('',#6654,#5459,#5460);
#4560=AXIS2_PLACEMENT_3D('',#6655,#5461,#5462);
#4561=AXIS2_PLACEMENT_3D('',#6656,#5463,#5464);
#4562=AXIS2_PLACEMENT_3D('',#6666,#5470,#5471);
#4563=AXIS2_PLACEMENT_3D('',#6670,#5474,#5475);
#4564=AXIS2_PLACEMENT_3D('',#6678,#5480,#5481);
#4565=AXIS2_PLACEMENT_3D('',#6681,#5484,#5485);
#4566=AXIS2_PLACEMENT_3D('',#6683,#5487,#5488);
#4567=AXIS2_PLACEMENT_3D('',#6686,#5491,#5492);
#4568=AXIS2_PLACEMENT_3D('',#6687,#5493,#5494);
#4569=AXIS2_PLACEMENT_3D('',#6688,#5495,#5496);
#4570=AXIS2_PLACEMENT_3D('',#6698,#5502,#5503);
#4571=AXIS2_PLACEMENT_3D('',#6702,#5506,#5507);
#4572=AXIS2_PLACEMENT_3D('',#6710,#5512,#5513);
#4573=AXIS2_PLACEMENT_3D('',#6713,#5516,#5517);
#4574=AXIS2_PLACEMENT_3D('',#6715,#5519,#5520);
#4575=AXIS2_PLACEMENT_3D('',#6718,#5523,#5524);
#4576=AXIS2_PLACEMENT_3D('',#6719,#5525,#5526);
#4577=AXIS2_PLACEMENT_3D('',#6720,#5527,#5528);
#4578=AXIS2_PLACEMENT_3D('',#6730,#5534,#5535);
#4579=AXIS2_PLACEMENT_3D('',#6734,#5538,#5539);
#4580=AXIS2_PLACEMENT_3D('',#6742,#5544,#5545);
#4581=AXIS2_PLACEMENT_3D('',#6745,#5548,#5549);
#4582=AXIS2_PLACEMENT_3D('',#6747,#5551,#5552);
#4583=AXIS2_PLACEMENT_3D('',#6750,#5555,#5556);
#4584=AXIS2_PLACEMENT_3D('',#6751,#5557,#5558);
#4585=AXIS2_PLACEMENT_3D('',#6752,#5559,#5560);
#4586=AXIS2_PLACEMENT_3D('',#6755,#5563,#5564);
#4587=AXIS2_PLACEMENT_3D('',#6761,#5568,#5569);
#4588=AXIS2_PLACEMENT_3D('',#6765,#5572,#5573);
#4589=AXIS2_PLACEMENT_3D('',#6769,#5576,#5577);
#4590=AXIS2_PLACEMENT_3D('',#6771,#5579,#5580);
#4591=AXIS2_PLACEMENT_3D('',#6772,#5581,#5582);
#4592=AXIS2_PLACEMENT_3D('',#6775,#5585,#5586);
#4593=AXIS2_PLACEMENT_3D('',#6781,#5590,#5591);
#4594=AXIS2_PLACEMENT_3D('',#6785,#5594,#5595);
#4595=AXIS2_PLACEMENT_3D('',#6789,#5598,#5599);
#4596=AXIS2_PLACEMENT_3D('',#6791,#5601,#5602);
#4597=AXIS2_PLACEMENT_3D('',#6792,#5603,#5604);
#4598=AXIS2_PLACEMENT_3D('',#6798,#5608,#5609);
#4599=AXIS2_PLACEMENT_3D('',#6802,#5612,#5613);
#4600=AXIS2_PLACEMENT_3D('',#6806,#5616,#5617);
#4601=AXIS2_PLACEMENT_3D('',#6808,#5619,#5620);
#4602=AXIS2_PLACEMENT_3D('',#6809,#5621,#5622);
#4603=AXIS2_PLACEMENT_3D('',#6815,#5626,#5627);
#4604=AXIS2_PLACEMENT_3D('',#6821,#5631,#5632);
#4605=AXIS2_PLACEMENT_3D('',#6823,#5634,#5635);
#4606=AXIS2_PLACEMENT_3D('',#6825,#5637,#5638);
#4607=DIRECTION('axis',(0.,0.,1.));
#4608=DIRECTION('refdir',(1.,0.,0.));
#4609=DIRECTION('center_axis',(0.,0.,1.));
#4610=DIRECTION('ref_axis',(1.,0.,0.));
#4611=DIRECTION('',(-1.,0.,0.));
#4612=DIRECTION('',(0.,1.,0.));
#4613=DIRECTION('',(-1.,0.,0.));
#4614=DIRECTION('',(0.,-1.,0.));
#4615=DIRECTION('center_axis',(0.,0.,-1.));
#4616=DIRECTION('ref_axis',(-1.,0.,0.));
#4617=DIRECTION('',(0.,1.,0.));
#4618=DIRECTION('',(1.,0.,0.));
#4619=DIRECTION('',(0.,-1.,0.));
#4620=DIRECTION('',(1.,0.,0.));
#4621=DIRECTION('center_axis',(0.,1.,0.));
#4622=DIRECTION('ref_axis',(0.,0.,1.));
#4623=DIRECTION('',(0.,0.,1.));
#4624=DIRECTION('',(1.,0.,0.));
#4625=DIRECTION('',(0.,0.,-1.));
#4626=DIRECTION('',(-1.,0.,0.));
#4627=DIRECTION('center_axis',(0.,-1.,0.));
#4628=DIRECTION('ref_axis',(0.,0.,-1.));
#4629=DIRECTION('',(0.,0.,-1.));
#4630=DIRECTION('',(0.,0.,-1.));
#4631=DIRECTION('center_axis',(0.,0.,1.));
#4632=DIRECTION('ref_axis',(1.,0.,0.));
#4633=DIRECTION('',(0.,1.,0.));
#4634=DIRECTION('',(-1.,0.,0.));
#4635=DIRECTION('',(0.,1.,0.));
#4636=DIRECTION('',(-1.,0.,0.));
#4637=DIRECTION('center_axis',(0.,0.,1.));
#4638=DIRECTION('ref_axis',(1.,0.,0.));
#4639=DIRECTION('',(-1.,0.,0.));
#4640=DIRECTION('',(0.,1.,0.));
#4641=DIRECTION('',(-1.,0.,0.));
#4642=DIRECTION('',(0.,-1.,0.));
#4643=DIRECTION('center_axis',(0.,1.,0.));
#4644=DIRECTION('ref_axis',(0.,0.,1.));
#4645=DIRECTION('',(0.,1.,0.));
#4646=DIRECTION('center_axis',(0.,-1.,0.));
#4647=DIRECTION('ref_axis',(0.,0.,1.));
#4648=DIRECTION('',(0.,1.,0.));
#4649=DIRECTION('center_axis',(0.,1.,0.));
#4650=DIRECTION('ref_axis',(0.,0.,-1.));
#4651=DIRECTION('center_axis',(0.,1.,0.));
#4652=DIRECTION('ref_axis',(0.,0.,1.));
#4653=DIRECTION('',(0.,0.,1.));
#4654=DIRECTION('',(1.,0.,0.));
#4655=DIRECTION('',(0.,0.,-1.));
#4656=DIRECTION('',(0.,0.,-1.));
#4657=DIRECTION('',(1.,0.,0.));
#4658=DIRECTION('',(0.,0.,1.));
#4659=DIRECTION('',(1.,0.,0.));
#4660=DIRECTION('',(0.,0.,-1.));
#4661=DIRECTION('',(1.,0.,0.));
#4662=DIRECTION('',(0.,0.,1.));
#4663=DIRECTION('',(1.,0.,0.));
#4664=DIRECTION('',(0.,0.,-1.));
#4665=DIRECTION('',(1.,0.,0.));
#4666=DIRECTION('',(0.,0.,1.));
#4667=DIRECTION('',(1.,0.,0.));
#4668=DIRECTION('',(0.,0.,-1.));
#4669=DIRECTION('',(1.,0.,0.));
#4670=DIRECTION('',(0.,0.,1.));
#4671=DIRECTION('',(1.,0.,0.));
#4672=DIRECTION('',(0.,0.,-1.));
#4673=DIRECTION('',(1.,0.,0.));
#4674=DIRECTION('',(0.,0.,1.));
#4675=DIRECTION('',(1.,0.,0.));
#4676=DIRECTION('',(1.11022302462516E-15,0.,-1.));
#4677=DIRECTION('',(1.,0.,0.));
#4678=DIRECTION('',(0.,0.,1.));
#4679=DIRECTION('',(1.,0.,0.));
#4680=DIRECTION('',(0.,0.,-1.));
#4681=DIRECTION('',(1.,0.,0.));
#4682=DIRECTION('',(0.,0.,1.));
#4683=DIRECTION('',(1.,0.,0.));
#4684=DIRECTION('',(0.,0.,-1.));
#4685=DIRECTION('',(1.,0.,0.));
#4686=DIRECTION('',(0.,0.,1.));
#4687=DIRECTION('',(1.,0.,0.));
#4688=DIRECTION('',(5.55111512312578E-16,0.,-1.));
#4689=DIRECTION('',(1.,0.,0.));
#4690=DIRECTION('',(0.,0.,1.));
#4691=DIRECTION('',(-1.,0.,0.));
#4692=DIRECTION('',(5.55111512312578E-16,0.,1.));
#4693=DIRECTION('',(1.,0.,0.));
#4694=DIRECTION('',(0.,0.,-1.));
#4695=DIRECTION('',(-1.,0.,0.));
#4696=DIRECTION('',(0.,0.,1.));
#4697=DIRECTION('',(1.,0.,0.));
#4698=DIRECTION('',(0.,0.,-1.));
#4699=DIRECTION('',(-1.,0.,0.));
#4700=DIRECTION('',(1.11022302462516E-15,0.,1.));
#4701=DIRECTION('',(1.,0.,0.));
#4702=DIRECTION('',(0.,0.,-1.));
#4703=DIRECTION('',(-1.,0.,0.));
#4704=DIRECTION('',(1.11022302462516E-15,0.,1.));
#4705=DIRECTION('',(1.,0.,0.));
#4706=DIRECTION('',(0.,0.,-1.));
#4707=DIRECTION('',(-1.,0.,0.));
#4708=DIRECTION('',(0.,0.,1.));
#4709=DIRECTION('',(1.,0.,0.));
#4710=DIRECTION('',(0.,0.,-1.));
#4711=DIRECTION('',(-1.,0.,0.));
#4712=DIRECTION('',(0.,0.,1.));
#4713=DIRECTION('',(1.,0.,0.));
#4714=DIRECTION('',(0.,0.,-1.));
#4715=DIRECTION('',(-1.,0.,0.));
#4716=DIRECTION('',(0.,0.,1.));
#4717=DIRECTION('',(1.,0.,0.));
#4718=DIRECTION('',(0.,0.,-1.));
#4719=DIRECTION('center_axis',(0.,1.,0.));
#4720=DIRECTION('ref_axis',(0.,0.,1.));
#4721=DIRECTION('',(0.,0.,1.));
#4722=DIRECTION('',(-1.,0.,0.));
#4723=DIRECTION('',(0.,0.,-1.));
#4724=DIRECTION('',(0.,0.,1.));
#4725=DIRECTION('',(-1.,0.,0.));
#4726=DIRECTION('',(0.,0.,-1.));
#4727=DIRECTION('',(-1.,0.,0.));
#4728=DIRECTION('',(0.,0.,1.));
#4729=DIRECTION('',(-1.,0.,0.));
#4730=DIRECTION('',(0.,0.,-1.));
#4731=DIRECTION('',(-1.,0.,0.));
#4732=DIRECTION('',(0.,0.,1.));
#4733=DIRECTION('',(-1.,0.,0.));
#4734=DIRECTION('',(-2.22044604925031E-15,0.,-1.));
#4735=DIRECTION('',(-1.,0.,0.));
#4736=DIRECTION('',(0.,0.,1.));
#4737=DIRECTION('',(-1.,0.,0.));
#4738=DIRECTION('',(0.,0.,-1.));
#4739=DIRECTION('',(-1.,0.,0.));
#4740=DIRECTION('',(0.,0.,1.));
#4741=DIRECTION('',(-1.,0.,0.));
#4742=DIRECTION('',(-2.22044604925031E-15,0.,-1.));
#4743=DIRECTION('',(-1.,0.,0.));
#4744=DIRECTION('',(0.,0.,1.));
#4745=DIRECTION('',(-1.,0.,0.));
#4746=DIRECTION('',(-1.11022302462516E-15,0.,-1.));
#4747=DIRECTION('',(-1.,0.,0.));
#4748=DIRECTION('',(0.,0.,1.));
#4749=DIRECTION('',(-1.,0.,0.));
#4750=DIRECTION('',(-1.11022302462516E-15,0.,-1.));
#4751=DIRECTION('',(-1.,0.,0.));
#4752=DIRECTION('',(0.,0.,1.));
#4753=DIRECTION('',(1.,0.,0.));
#4754=DIRECTION('',(-1.11022302462516E-15,0.,1.));
#4755=DIRECTION('',(-1.,0.,0.));
#4756=DIRECTION('',(0.,0.,-1.));
#4757=DIRECTION('',(1.,0.,0.));
#4758=DIRECTION('',(-1.11022302462516E-15,0.,1.));
#4759=DIRECTION('',(-1.,0.,0.));
#4760=DIRECTION('',(0.,0.,-1.));
#4761=DIRECTION('',(1.,0.,0.));
#4762=DIRECTION('',(-2.22044604925031E-15,0.,1.));
#4763=DIRECTION('',(-1.,0.,0.));
#4764=DIRECTION('',(0.,0.,-1.));
#4765=DIRECTION('',(1.,0.,0.));
#4766=DIRECTION('',(0.,0.,1.));
#4767=DIRECTION('',(-1.,0.,0.));
#4768=DIRECTION('',(0.,0.,-1.));
#4769=DIRECTION('',(1.,0.,0.));
#4770=DIRECTION('',(0.,0.,1.));
#4771=DIRECTION('',(-1.,0.,0.));
#4772=DIRECTION('',(0.,0.,-1.));
#4773=DIRECTION('',(1.,0.,0.));
#4774=DIRECTION('',(0.,0.,1.));
#4775=DIRECTION('',(-1.,0.,0.));
#4776=DIRECTION('',(0.,0.,-1.));
#4777=DIRECTION('',(1.,0.,0.));
#4778=DIRECTION('',(0.,0.,1.));
#4779=DIRECTION('',(-1.,0.,0.));
#4780=DIRECTION('',(0.,0.,-1.));
#4781=DIRECTION('',(1.,0.,0.));
#4782=DIRECTION('',(0.,0.,1.));
#4783=DIRECTION('',(-1.,0.,0.));
#4784=DIRECTION('',(0.,0.,-1.));
#4785=DIRECTION('',(1.,0.,0.));
#4786=DIRECTION('',(0.,0.,-1.));
#4787=DIRECTION('',(-1.,0.,0.));
#4788=DIRECTION('',(0.,0.,-1.));
#4789=DIRECTION('',(1.,0.,0.));
#4790=DIRECTION('',(0.,0.,1.));
#4791=DIRECTION('',(1.,0.,0.));
#4792=DIRECTION('',(0.,0.,1.));
#4793=DIRECTION('',(1.,0.,0.));
#4794=DIRECTION('',(0.,0.,1.));
#4795=DIRECTION('',(0.,0.,1.));
#4796=DIRECTION('',(-1.,0.,0.));
#4797=DIRECTION('',(0.,0.,-1.));
#4798=DIRECTION('',(1.,0.,0.));
#4799=DIRECTION('',(0.,0.,1.));
#4800=DIRECTION('',(-1.,0.,0.));
#4801=DIRECTION('',(0.,0.,-1.));
#4802=DIRECTION('',(1.,0.,0.));
#4803=DIRECTION('',(0.,0.,-1.));
#4804=DIRECTION('',(0.,0.,1.));
#4805=DIRECTION('',(1.,0.,0.));
#4806=DIRECTION('',(0.,0.,1.));
#4807=DIRECTION('',(-1.,0.,0.));
#4808=DIRECTION('',(0.,0.,-1.));
#4809=DIRECTION('',(-1.,0.,0.));
#4810=DIRECTION('',(0.,0.,-1.));
#4811=DIRECTION('',(1.,0.,0.));
#4812=DIRECTION('center_axis',(0.,0.,1.));
#4813=DIRECTION('ref_axis',(1.,0.,0.));
#4814=DIRECTION('',(0.,1.,0.));
#4815=DIRECTION('',(0.,1.,0.));
#4816=DIRECTION('center_axis',(0.,1.,0.));
#4817=DIRECTION('ref_axis',(0.,0.,1.));
#4818=DIRECTION('',(0.,1.,0.));
#4819=DIRECTION('center_axis',(0.,-1.,0.));
#4820=DIRECTION('ref_axis',(0.,0.,1.));
#4821=DIRECTION('',(0.,1.,0.));
#4822=DIRECTION('center_axis',(0.,1.,0.));
#4823=DIRECTION('ref_axis',(0.,0.,-1.));
#4824=DIRECTION('center_axis',(0.,0.,1.));
#4825=DIRECTION('ref_axis',(1.,0.,0.));
#4826=DIRECTION('',(0.,1.,0.));
#4827=DIRECTION('',(0.,1.,0.));
#4828=DIRECTION('center_axis',(0.,1.,0.));
#4829=DIRECTION('ref_axis',(0.,0.,1.));
#4830=DIRECTION('',(0.,1.,0.));
#4831=DIRECTION('center_axis',(0.,-1.,0.));
#4832=DIRECTION('ref_axis',(0.,0.,1.));
#4833=DIRECTION('',(0.,1.,0.));
#4834=DIRECTION('center_axis',(0.,1.,0.));
#4835=DIRECTION('ref_axis',(0.,0.,-1.));
#4836=DIRECTION('center_axis',(0.,0.,1.));
#4837=DIRECTION('ref_axis',(1.,0.,0.));
#4838=DIRECTION('',(0.,1.,0.));
#4839=DIRECTION('',(0.,1.,0.));
#4840=DIRECTION('center_axis',(0.,1.,0.));
#4841=DIRECTION('ref_axis',(0.,0.,1.));
#4842=DIRECTION('',(0.,1.,0.));
#4843=DIRECTION('center_axis',(0.,-1.,0.));
#4844=DIRECTION('ref_axis',(0.,0.,1.));
#4845=DIRECTION('',(0.,1.,0.));
#4846=DIRECTION('center_axis',(0.,1.,0.));
#4847=DIRECTION('ref_axis',(0.,0.,-1.));
#4848=DIRECTION('center_axis',(0.,0.,1.));
#4849=DIRECTION('ref_axis',(1.,0.,0.));
#4850=DIRECTION('',(0.,1.,0.));
#4851=DIRECTION('',(0.,1.,0.));
#4852=DIRECTION('center_axis',(0.,1.,0.));
#4853=DIRECTION('ref_axis',(0.,0.,1.));
#4854=DIRECTION('',(0.,1.,0.));
#4855=DIRECTION('center_axis',(0.,-1.,0.));
#4856=DIRECTION('ref_axis',(0.,0.,1.));
#4857=DIRECTION('',(0.,1.,0.));
#4858=DIRECTION('center_axis',(0.,1.,0.));
#4859=DIRECTION('ref_axis',(0.,0.,-1.));
#4860=DIRECTION('center_axis',(0.,0.,1.));
#4861=DIRECTION('ref_axis',(1.,0.,0.));
#4862=DIRECTION('',(0.,1.,0.));
#4863=DIRECTION('',(0.,1.,0.));
#4864=DIRECTION('center_axis',(0.,1.,0.));
#4865=DIRECTION('ref_axis',(0.,0.,1.));
#4866=DIRECTION('',(0.,1.,0.));
#4867=DIRECTION('center_axis',(0.,-1.,0.));
#4868=DIRECTION('ref_axis',(0.,0.,1.));
#4869=DIRECTION('',(0.,1.,0.));
#4870=DIRECTION('center_axis',(0.,1.,0.));
#4871=DIRECTION('ref_axis',(0.,0.,-1.));
#4872=DIRECTION('center_axis',(0.,0.,1.));
#4873=DIRECTION('ref_axis',(1.,0.,0.));
#4874=DIRECTION('',(0.,1.,0.));
#4875=DIRECTION('',(0.,1.,0.));
#4876=DIRECTION('center_axis',(0.,1.,0.));
#4877=DIRECTION('ref_axis',(0.,0.,1.));
#4878=DIRECTION('',(0.,1.,0.));
#4879=DIRECTION('center_axis',(0.,-1.,0.));
#4880=DIRECTION('ref_axis',(0.,0.,1.));
#4881=DIRECTION('',(0.,1.,0.));
#4882=DIRECTION('center_axis',(0.,1.,0.));
#4883=DIRECTION('ref_axis',(0.,0.,-1.));
#4884=DIRECTION('center_axis',(0.,1.,0.));
#4885=DIRECTION('ref_axis',(1.22464679914735E-16,0.,-1.));
#4886=DIRECTION('center_axis',(0.,-1.,0.));
#4887=DIRECTION('ref_axis',(0.,0.,1.));
#4888=DIRECTION('',(0.,1.,0.));
#4889=DIRECTION('center_axis',(0.,1.,0.));
#4890=DIRECTION('ref_axis',(0.,0.,-1.));
#4891=DIRECTION('',(0.,1.,0.));
#4892=DIRECTION('center_axis',(0.,1.,0.));
#4893=DIRECTION('ref_axis',(1.22464679914735E-16,0.,-1.));
#4894=DIRECTION('center_axis',(0.,-1.,0.));
#4895=DIRECTION('ref_axis',(0.,0.,1.));
#4896=DIRECTION('',(0.,1.,0.));
#4897=DIRECTION('center_axis',(0.,1.,0.));
#4898=DIRECTION('ref_axis',(0.,0.,-1.));
#4899=DIRECTION('',(0.,1.,0.));
#4900=DIRECTION('center_axis',(0.,1.,0.));
#4901=DIRECTION('ref_axis',(1.22464679914735E-16,0.,-1.));
#4902=DIRECTION('center_axis',(0.,-1.,0.));
#4903=DIRECTION('ref_axis',(0.,0.,1.));
#4904=DIRECTION('',(0.,1.,0.));
#4905=DIRECTION('center_axis',(0.,1.,0.));
#4906=DIRECTION('ref_axis',(0.,0.,-1.));
#4907=DIRECTION('',(0.,1.,0.));
#4908=DIRECTION('center_axis',(0.,1.,0.));
#4909=DIRECTION('ref_axis',(1.22464679914735E-16,0.,-1.));
#4910=DIRECTION('center_axis',(0.,-1.,0.));
#4911=DIRECTION('ref_axis',(0.,0.,1.));
#4912=DIRECTION('',(0.,1.,0.));
#4913=DIRECTION('center_axis',(0.,1.,0.));
#4914=DIRECTION('ref_axis',(0.,0.,-1.));
#4915=DIRECTION('',(0.,1.,0.));
#4916=DIRECTION('center_axis',(0.,1.,0.));
#4917=DIRECTION('ref_axis',(1.22464679914735E-16,0.,-1.));
#4918=DIRECTION('center_axis',(0.,-1.,0.));
#4919=DIRECTION('ref_axis',(0.,0.,1.));
#4920=DIRECTION('',(0.,1.,0.));
#4921=DIRECTION('center_axis',(0.,1.,0.));
#4922=DIRECTION('ref_axis',(0.,0.,-1.));
#4923=DIRECTION('',(0.,1.,0.));
#4924=DIRECTION('center_axis',(0.,1.,0.));
#4925=DIRECTION('ref_axis',(1.22464679914735E-16,0.,-1.));
#4926=DIRECTION('center_axis',(0.,-1.,0.));
#4927=DIRECTION('ref_axis',(0.,0.,1.));
#4928=DIRECTION('',(0.,1.,0.));
#4929=DIRECTION('center_axis',(0.,1.,0.));
#4930=DIRECTION('ref_axis',(0.,0.,-1.));
#4931=DIRECTION('',(0.,1.,0.));
#4932=DIRECTION('center_axis',(0.,1.,0.));
#4933=DIRECTION('ref_axis',(1.22464679914735E-16,0.,-1.));
#4934=DIRECTION('center_axis',(0.,-1.,0.));
#4935=DIRECTION('ref_axis',(0.,0.,1.));
#4936=DIRECTION('',(0.,1.,0.));
#4937=DIRECTION('center_axis',(0.,1.,0.));
#4938=DIRECTION('ref_axis',(0.,0.,-1.));
#4939=DIRECTION('',(0.,1.,0.));
#4940=DIRECTION('center_axis',(0.,0.,1.));
#4941=DIRECTION('ref_axis',(1.,0.,0.));
#4942=DIRECTION('',(0.,1.,0.));
#4943=DIRECTION('',(0.,-1.,0.));
#4944=DIRECTION('center_axis',(0.,1.,0.));
#4945=DIRECTION('ref_axis',(0.,0.,1.));
#4946=DIRECTION('',(0.,1.,0.));
#4947=DIRECTION('center_axis',(0.,-1.,0.));
#4948=DIRECTION('ref_axis',(0.,0.,1.));
#4949=DIRECTION('',(0.,1.,0.));
#4950=DIRECTION('center_axis',(0.,1.,0.));
#4951=DIRECTION('ref_axis',(0.,0.,-1.));
#4952=DIRECTION('center_axis',(0.,1.,0.));
#4953=DIRECTION('ref_axis',(1.22464679914735E-16,0.,-1.));
#4954=DIRECTION('center_axis',(0.,-1.,0.));
#4955=DIRECTION('ref_axis',(0.,0.,1.));
#4956=DIRECTION('',(0.,1.,0.));
#4957=DIRECTION('center_axis',(0.,1.,0.));
#4958=DIRECTION('ref_axis',(0.,0.,-1.));
#4959=DIRECTION('',(0.,1.,0.));
#4960=DIRECTION('center_axis',(0.,0.,-1.));
#4961=DIRECTION('ref_axis',(-1.,0.,0.));
#4962=DIRECTION('',(0.,1.,0.));
#4963=DIRECTION('',(0.,-1.,0.));
#4964=DIRECTION('center_axis',(0.,0.,-1.));
#4965=DIRECTION('ref_axis',(-1.,0.,0.));
#4966=DIRECTION('',(0.,1.,0.));
#4967=DIRECTION('',(0.,1.,0.));
#4968=DIRECTION('center_axis',(0.,0.,-1.));
#4969=DIRECTION('ref_axis',(-1.,0.,0.));
#4970=DIRECTION('',(0.,1.,0.));
#4971=DIRECTION('',(0.,1.,0.));
#4972=DIRECTION('center_axis',(0.,0.,-1.));
#4973=DIRECTION('ref_axis',(-1.,0.,0.));
#4974=DIRECTION('',(0.,1.,0.));
#4975=DIRECTION('',(0.,1.,0.));
#4976=DIRECTION('center_axis',(0.,0.,-1.));
#4977=DIRECTION('ref_axis',(-1.,0.,0.));
#4978=DIRECTION('',(0.,1.,0.));
#4979=DIRECTION('',(0.,1.,0.));
#4980=DIRECTION('center_axis',(0.,0.,-1.));
#4981=DIRECTION('ref_axis',(-1.,0.,0.));
#4982=DIRECTION('',(0.,1.,0.));
#4983=DIRECTION('',(0.,1.,0.));
#4984=DIRECTION('center_axis',(0.,0.,-1.));
#4985=DIRECTION('ref_axis',(-1.,0.,0.));
#4986=DIRECTION('',(0.,1.,0.));
#4987=DIRECTION('',(0.,1.,0.));
#4988=DIRECTION('center_axis',(0.,0.,-1.));
#4989=DIRECTION('ref_axis',(-1.,0.,0.));
#4990=DIRECTION('',(0.,1.,0.));
#4991=DIRECTION('',(0.,1.,0.));
#4992=DIRECTION('center_axis',(-1.,0.,0.));
#4993=DIRECTION('ref_axis',(0.,0.,1.));
#4994=DIRECTION('',(0.,-1.,0.));
#4995=DIRECTION('center_axis',(1.,0.,0.));
#4996=DIRECTION('ref_axis',(0.,0.,-1.));
#4997=DIRECTION('center_axis',(0.,0.,-1.));
#4998=DIRECTION('ref_axis',(-1.,0.,0.));
#4999=DIRECTION('',(0.,1.,0.));
#5000=DIRECTION('center_axis',(1.,0.,0.));
#5001=DIRECTION('ref_axis',(0.,0.,-1.));
#5002=DIRECTION('',(0.,-1.,0.));
#5003=DIRECTION('',(0.,0.,1.));
#5004=DIRECTION('',(0.,-1.,0.));
#5005=DIRECTION('center_axis',(0.,0.,-1.));
#5006=DIRECTION('ref_axis',(-1.,0.,0.));
#5007=DIRECTION('',(0.,-1.,0.));
#5008=DIRECTION('',(1.,0.,0.));
#5009=DIRECTION('center_axis',(-1.,0.,0.));
#5010=DIRECTION('ref_axis',(0.,0.,1.));
#5011=DIRECTION('',(0.,-1.,0.));
#5012=DIRECTION('',(0.,0.,-1.));
#5013=DIRECTION('center_axis',(0.,0.,1.));
#5014=DIRECTION('ref_axis',(1.,0.,0.));
#5015=DIRECTION('',(0.,-1.,0.));
#5016=DIRECTION('',(-1.,0.,0.));
#5017=DIRECTION('center_axis',(-1.,0.,0.));
#5018=DIRECTION('ref_axis',(0.,0.,1.));
#5019=DIRECTION('',(0.,-1.,0.));
#5020=DIRECTION('',(0.,0.,-1.));
#5021=DIRECTION('center_axis',(0.,0.,1.));
#5022=DIRECTION('ref_axis',(1.,0.,0.));
#5023=DIRECTION('',(-1.,0.,0.));
#5024=DIRECTION('center_axis',(0.,-1.,0.));
#5025=DIRECTION('ref_axis',(0.,0.,-1.));
#5026=DIRECTION('center_axis',(-1.,0.,0.));
#5027=DIRECTION('ref_axis',(0.,0.,1.));
#5028=DIRECTION('',(0.,0.,-1.));
#5029=DIRECTION('center_axis',(0.,0.,1.));
#5030=DIRECTION('ref_axis',(1.,0.,0.));
#5031=DIRECTION('',(0.,1.,0.));
#5032=DIRECTION('',(-1.,0.,0.));
#5033=DIRECTION('',(0.,-1.,0.));
#5034=DIRECTION('',(-1.,0.,0.));
#5035=DIRECTION('center_axis',(1.,0.,0.));
#5036=DIRECTION('ref_axis',(0.,0.,-1.));
#5037=DIRECTION('',(0.,0.,1.));
#5038=DIRECTION('',(0.,-1.,0.));
#5039=DIRECTION('',(0.,0.,1.));
#5040=DIRECTION('center_axis',(0.,0.,-1.));
#5041=DIRECTION('ref_axis',(-1.,0.,0.));
#5042=DIRECTION('',(0.,1.,0.));
#5043=DIRECTION('',(1.,0.,0.));
#5044=DIRECTION('center_axis',(0.,-1.,0.));
#5045=DIRECTION('ref_axis',(0.,0.,-1.));
#5046=DIRECTION('',(0.,0.,1.));
#5047=DIRECTION('center_axis',(-1.,0.,-8.67361737988404E-16));
#5048=DIRECTION('ref_axis',(-8.67361737988404E-16,0.,1.));
#5049=DIRECTION('',(0.,-1.,0.));
#5050=DIRECTION('',(5.60718699305635E-16,0.,-1.));
#5051=DIRECTION('',(0.,-1.,0.));
#5052=DIRECTION('',(-1.13288063737261E-15,0.,1.));
#5053=DIRECTION('',(0.,1.,0.));
#5054=DIRECTION('center_axis',(0.,0.,-1.));
#5055=DIRECTION('ref_axis',(-1.,0.,0.));
#5056=DIRECTION('',(-1.,0.,0.));
#5057=DIRECTION('',(0.,1.,0.));
#5058=DIRECTION('center_axis',(1.,0.,0.));
#5059=DIRECTION('ref_axis',(0.,0.,-1.));
#5060=DIRECTION('',(0.,0.,-1.));
#5061=DIRECTION('',(0.,1.,0.));
#5062=DIRECTION('',(0.,0.,1.));
#5063=DIRECTION('',(0.,-1.,0.));
#5064=DIRECTION('center_axis',(0.,1.,0.));
#5065=DIRECTION('ref_axis',(0.,0.,1.));
#5066=DIRECTION('',(-1.,0.,0.));
#5067=DIRECTION('',(-1.,0.,0.));
#5068=DIRECTION('center_axis',(0.,0.,-1.));
#5069=DIRECTION('ref_axis',(-1.,0.,0.));
#5070=DIRECTION('',(1.,0.,0.));
#5071=DIRECTION('center_axis',(0.,-1.,0.));
#5072=DIRECTION('ref_axis',(0.,0.,-1.));
#5073=DIRECTION('',(1.,0.,0.));
#5074=DIRECTION('',(1.,0.,0.));
#5075=DIRECTION('center_axis',(0.,0.,-1.));
#5076=DIRECTION('ref_axis',(-1.,0.,0.));
#5077=DIRECTION('center_axis',(0.,0.,-1.));
#5078=DIRECTION('ref_axis',(-1.,0.,0.));
#5079=DIRECTION('center_axis',(-1.,0.,0.));
#5080=DIRECTION('ref_axis',(0.,0.,1.));
#5081=DIRECTION('',(0.,1.,0.));
#5082=DIRECTION('',(0.,-1.,0.));
#5083=DIRECTION('',(0.,0.,-1.));
#5084=DIRECTION('',(0.,1.,0.));
#5085=DIRECTION('',(0.,0.,1.));
#5086=DIRECTION('center_axis',(0.,0.,-1.));
#5087=DIRECTION('ref_axis',(-1.,0.,0.));
#5088=DIRECTION('',(-1.,0.,0.));
#5089=DIRECTION('',(0.,1.,0.));
#5090=DIRECTION('center_axis',(1.,0.,-8.67361737988404E-16));
#5091=DIRECTION('ref_axis',(-8.67361737988404E-16,0.,-1.));
#5092=DIRECTION('',(-1.13288063737261E-15,0.,-1.));
#5093=DIRECTION('',(0.,-1.,0.));
#5094=DIRECTION('',(5.60718699305635E-16,0.,1.));
#5095=DIRECTION('',(0.,-1.,0.));
#5096=DIRECTION('center_axis',(0.,1.,0.));
#5097=DIRECTION('ref_axis',(0.,0.,1.));
#5098=DIRECTION('',(1.,0.,0.));
#5099=DIRECTION('',(1.,0.,0.));
#5100=DIRECTION('center_axis',(0.,0.,-1.));
#5101=DIRECTION('ref_axis',(-1.,0.,0.));
#5102=DIRECTION('',(1.,0.,0.));
#5103=DIRECTION('center_axis',(0.,-1.,0.));
#5104=DIRECTION('ref_axis',(0.,0.,-1.));
#5105=DIRECTION('',(-1.,0.,0.));
#5106=DIRECTION('',(-1.,0.,0.));
#5107=DIRECTION('center_axis',(0.,0.,1.));
#5108=DIRECTION('ref_axis',(1.,0.,0.));
#5109=DIRECTION('center_axis',(0.,0.,1.));
#5110=DIRECTION('ref_axis',(1.,0.,0.));
#5111=DIRECTION('center_axis',(-1.,0.,-8.67361737988404E-16));
#5112=DIRECTION('ref_axis',(-8.67361737988404E-16,0.,1.));
#5113=DIRECTION('',(0.,-1.,0.));
#5114=DIRECTION('',(0.,0.,-1.));
#5115=DIRECTION('',(0.,-1.,0.));
#5116=DIRECTION('',(-1.13288063737261E-15,0.,1.));
#5117=DIRECTION('',(0.,1.,0.));
#5118=DIRECTION('center_axis',(0.,0.,-1.));
#5119=DIRECTION('ref_axis',(-1.,0.,0.));
#5120=DIRECTION('',(-1.,0.,0.));
#5121=DIRECTION('',(0.,1.,0.));
#5122=DIRECTION('center_axis',(1.,0.,0.));
#5123=DIRECTION('ref_axis',(0.,0.,-1.));
#5124=DIRECTION('',(0.,0.,-1.));
#5125=DIRECTION('',(0.,1.,0.));
#5126=DIRECTION('',(0.,0.,1.));
#5127=DIRECTION('',(0.,-1.,0.));
#5128=DIRECTION('center_axis',(0.,1.,0.));
#5129=DIRECTION('ref_axis',(0.,0.,1.));
#5130=DIRECTION('',(-1.,0.,0.));
#5131=DIRECTION('',(-1.,0.,0.));
#5132=DIRECTION('center_axis',(-1.,0.,-8.67361737988404E-16));
#5133=DIRECTION('ref_axis',(-8.67361737988404E-16,0.,1.));
#5134=DIRECTION('',(0.,-1.,0.));
#5135=DIRECTION('',(0.,0.,-1.));
#5136=DIRECTION('',(0.,-1.,0.));
#5137=DIRECTION('',(-2.26576127474522E-15,0.,1.));
#5138=DIRECTION('',(0.,1.,0.));
#5139=DIRECTION('center_axis',(0.,0.,-1.));
#5140=DIRECTION('ref_axis',(-1.,0.,0.));
#5141=DIRECTION('',(-1.,0.,0.));
#5142=DIRECTION('',(0.,1.,0.));
#5143=DIRECTION('center_axis',(1.,0.,0.));
#5144=DIRECTION('ref_axis',(0.,0.,-1.));
#5145=DIRECTION('',(0.,0.,-1.));
#5146=DIRECTION('',(0.,1.,0.));
#5147=DIRECTION('',(0.,0.,1.));
#5148=DIRECTION('',(0.,-1.,0.));
#5149=DIRECTION('center_axis',(0.,1.,0.));
#5150=DIRECTION('ref_axis',(0.,0.,1.));
#5151=DIRECTION('',(-1.,0.,0.));
#5152=DIRECTION('',(-1.,0.,0.));
#5153=DIRECTION('center_axis',(-1.,0.,-8.67361737988404E-16));
#5154=DIRECTION('ref_axis',(-8.67361737988404E-16,0.,1.));
#5155=DIRECTION('',(0.,-1.,0.));
#5156=DIRECTION('',(1.12143739861127E-15,0.,-1.));
#5157=DIRECTION('',(0.,-1.,0.));
#5158=DIRECTION('',(0.,0.,1.));
#5159=DIRECTION('',(0.,1.,0.));
#5160=DIRECTION('center_axis',(0.,0.,-1.));
#5161=DIRECTION('ref_axis',(-1.,0.,0.));
#5162=DIRECTION('',(-1.,0.,0.));
#5163=DIRECTION('',(0.,1.,0.));
#5164=DIRECTION('center_axis',(1.,0.,0.));
#5165=DIRECTION('ref_axis',(0.,0.,-1.));
#5166=DIRECTION('',(0.,0.,-1.));
#5167=DIRECTION('',(0.,1.,0.));
#5168=DIRECTION('',(0.,0.,1.));
#5169=DIRECTION('',(0.,-1.,0.));
#5170=DIRECTION('center_axis',(0.,1.,0.));
#5171=DIRECTION('ref_axis',(0.,0.,1.));
#5172=DIRECTION('',(-1.,0.,0.));
#5173=DIRECTION('',(-1.,0.,0.));
#5174=DIRECTION('center_axis',(-1.,0.,-8.67361737988404E-16));
#5175=DIRECTION('ref_axis',(-8.67361737988404E-16,0.,1.));
#5176=DIRECTION('',(0.,-1.,0.));
#5177=DIRECTION('',(0.,0.,-1.));
#5178=DIRECTION('',(0.,-1.,0.));
#5179=DIRECTION('',(0.,0.,1.));
#5180=DIRECTION('',(0.,1.,0.));
#5181=DIRECTION('center_axis',(0.,0.,-1.));
#5182=DIRECTION('ref_axis',(-1.,0.,0.));
#5183=DIRECTION('',(-1.,0.,0.));
#5184=DIRECTION('',(0.,1.,0.));
#5185=DIRECTION('center_axis',(1.,0.,0.));
#5186=DIRECTION('ref_axis',(0.,0.,-1.));
#5187=DIRECTION('',(0.,0.,-1.));
#5188=DIRECTION('',(0.,1.,0.));
#5189=DIRECTION('',(0.,0.,1.));
#5190=DIRECTION('',(0.,-1.,0.));
#5191=DIRECTION('center_axis',(0.,1.,0.));
#5192=DIRECTION('ref_axis',(0.,0.,1.));
#5193=DIRECTION('',(-1.,0.,0.));
#5194=DIRECTION('',(-1.,0.,0.));
#5195=DIRECTION('center_axis',(-1.,0.,-8.67361737988404E-16));
#5196=DIRECTION('ref_axis',(-8.67361737988404E-16,0.,1.));
#5197=DIRECTION('',(0.,-1.,0.));
#5198=DIRECTION('',(0.,0.,-1.));
#5199=DIRECTION('',(0.,-1.,0.));
#5200=DIRECTION('',(0.,0.,1.));
#5201=DIRECTION('',(0.,1.,0.));
#5202=DIRECTION('center_axis',(0.,0.,-1.));
#5203=DIRECTION('ref_axis',(-1.,0.,0.));
#5204=DIRECTION('',(-1.,0.,0.));
#5205=DIRECTION('',(0.,1.,0.));
#5206=DIRECTION('center_axis',(1.,0.,0.));
#5207=DIRECTION('ref_axis',(0.,0.,-1.));
#5208=DIRECTION('',(0.,0.,-1.));
#5209=DIRECTION('',(0.,1.,0.));
#5210=DIRECTION('',(0.,0.,1.));
#5211=DIRECTION('',(0.,-1.,0.));
#5212=DIRECTION('center_axis',(0.,1.,0.));
#5213=DIRECTION('ref_axis',(0.,0.,1.));
#5214=DIRECTION('',(-1.,0.,0.));
#5215=DIRECTION('',(-1.,0.,0.));
#5216=DIRECTION('center_axis',(-1.,0.,-8.67361737988404E-16));
#5217=DIRECTION('ref_axis',(-8.67361737988404E-16,0.,1.));
#5218=DIRECTION('',(0.,-1.,0.));
#5219=DIRECTION('',(0.,0.,-1.));
#5220=DIRECTION('',(0.,-1.,0.));
#5221=DIRECTION('',(0.,0.,1.));
#5222=DIRECTION('',(0.,1.,0.));
#5223=DIRECTION('center_axis',(0.,0.,-1.));
#5224=DIRECTION('ref_axis',(-1.,0.,0.));
#5225=DIRECTION('',(-1.,0.,0.));
#5226=DIRECTION('',(0.,1.,0.));
#5227=DIRECTION('center_axis',(1.,0.,0.));
#5228=DIRECTION('ref_axis',(0.,0.,-1.));
#5229=DIRECTION('',(0.,0.,-1.));
#5230=DIRECTION('',(0.,1.,0.));
#5231=DIRECTION('',(0.,0.,1.));
#5232=DIRECTION('',(0.,-1.,0.));
#5233=DIRECTION('center_axis',(0.,1.,0.));
#5234=DIRECTION('ref_axis',(0.,0.,1.));
#5235=DIRECTION('',(-1.,0.,0.));
#5236=DIRECTION('',(-1.,0.,0.));
#5237=DIRECTION('center_axis',(-1.,0.,-8.67361737988404E-16));
#5238=DIRECTION('ref_axis',(-8.67361737988404E-16,0.,1.));
#5239=DIRECTION('',(0.,-1.,0.));
#5240=DIRECTION('',(0.,0.,-1.));
#5241=DIRECTION('',(0.,-1.,0.));
#5242=DIRECTION('',(0.,0.,1.));
#5243=DIRECTION('',(0.,1.,0.));
#5244=DIRECTION('center_axis',(0.,0.,-1.));
#5245=DIRECTION('ref_axis',(-1.,0.,0.));
#5246=DIRECTION('',(-1.,0.,0.));
#5247=DIRECTION('',(0.,1.,0.));
#5248=DIRECTION('center_axis',(1.,0.,0.));
#5249=DIRECTION('ref_axis',(0.,0.,-1.));
#5250=DIRECTION('',(0.,0.,-1.));
#5251=DIRECTION('',(0.,1.,0.));
#5252=DIRECTION('',(0.,0.,1.));
#5253=DIRECTION('',(0.,-1.,0.));
#5254=DIRECTION('center_axis',(0.,1.,0.));
#5255=DIRECTION('ref_axis',(0.,0.,1.));
#5256=DIRECTION('',(-1.,0.,0.));
#5257=DIRECTION('',(-1.,0.,0.));
#5258=DIRECTION('center_axis',(0.,0.,-1.));
#5259=DIRECTION('ref_axis',(-1.,0.,0.));
#5260=DIRECTION('',(1.,0.,0.));
#5261=DIRECTION('center_axis',(0.,-1.,0.));
#5262=DIRECTION('ref_axis',(0.,0.,-1.));
#5263=DIRECTION('',(1.,0.,0.));
#5264=DIRECTION('',(1.,0.,0.));
#5265=DIRECTION('center_axis',(0.,0.,-1.));
#5266=DIRECTION('ref_axis',(-1.,0.,0.));
#5267=DIRECTION('',(1.,0.,0.));
#5268=DIRECTION('center_axis',(0.,-1.,0.));
#5269=DIRECTION('ref_axis',(0.,0.,-1.));
#5270=DIRECTION('',(1.,0.,0.));
#5271=DIRECTION('',(1.,0.,0.));
#5272=DIRECTION('center_axis',(0.,0.,-1.));
#5273=DIRECTION('ref_axis',(-1.,0.,0.));
#5274=DIRECTION('',(1.,0.,0.));
#5275=DIRECTION('center_axis',(0.,-1.,0.));
#5276=DIRECTION('ref_axis',(0.,0.,-1.));
#5277=DIRECTION('',(1.,0.,0.));
#5278=DIRECTION('',(1.,0.,0.));
#5279=DIRECTION('center_axis',(0.,0.,-1.));
#5280=DIRECTION('ref_axis',(-1.,0.,0.));
#5281=DIRECTION('',(1.,0.,0.));
#5282=DIRECTION('center_axis',(0.,-1.,0.));
#5283=DIRECTION('ref_axis',(0.,0.,-1.));
#5284=DIRECTION('',(1.,0.,0.));
#5285=DIRECTION('',(1.,0.,0.));
#5286=DIRECTION('center_axis',(0.,0.,-1.));
#5287=DIRECTION('ref_axis',(-1.,0.,0.));
#5288=DIRECTION('',(1.,0.,0.));
#5289=DIRECTION('center_axis',(0.,-1.,0.));
#5290=DIRECTION('ref_axis',(0.,0.,-1.));
#5291=DIRECTION('',(1.,0.,0.));
#5292=DIRECTION('',(1.,0.,0.));
#5293=DIRECTION('center_axis',(0.,0.,-1.));
#5294=DIRECTION('ref_axis',(-1.,0.,0.));
#5295=DIRECTION('',(1.,0.,0.));
#5296=DIRECTION('center_axis',(0.,-1.,0.));
#5297=DIRECTION('ref_axis',(0.,0.,-1.));
#5298=DIRECTION('',(1.,0.,0.));
#5299=DIRECTION('',(1.,0.,0.));
#5300=DIRECTION('center_axis',(0.,0.,-1.));
#5301=DIRECTION('ref_axis',(-1.,0.,0.));
#5302=DIRECTION('',(1.,0.,0.));
#5303=DIRECTION('center_axis',(0.,-1.,0.));
#5304=DIRECTION('ref_axis',(0.,0.,-1.));
#5305=DIRECTION('',(1.,0.,0.));
#5306=DIRECTION('',(1.,0.,0.));
#5307=DIRECTION('center_axis',(0.,0.,-1.));
#5308=DIRECTION('ref_axis',(-1.,0.,0.));
#5309=DIRECTION('center_axis',(0.,0.,-1.));
#5310=DIRECTION('ref_axis',(-1.,0.,0.));
#5311=DIRECTION('center_axis',(0.,0.,-1.));
#5312=DIRECTION('ref_axis',(-1.,0.,0.));
#5313=DIRECTION('center_axis',(0.,0.,-1.));
#5314=DIRECTION('ref_axis',(-1.,0.,0.));
#5315=DIRECTION('center_axis',(0.,0.,-1.));
#5316=DIRECTION('ref_axis',(-1.,0.,0.));
#5317=DIRECTION('center_axis',(0.,0.,-1.));
#5318=DIRECTION('ref_axis',(-1.,0.,0.));
#5319=DIRECTION('center_axis',(0.,0.,-1.));
#5320=DIRECTION('ref_axis',(-1.,0.,0.));
#5321=DIRECTION('center_axis',(0.,0.,-1.));
#5322=DIRECTION('ref_axis',(-1.,0.,0.));
#5323=DIRECTION('center_axis',(0.,0.,-1.));
#5324=DIRECTION('ref_axis',(-1.,0.,0.));
#5325=DIRECTION('center_axis',(0.,0.,-1.));
#5326=DIRECTION('ref_axis',(-1.,0.,0.));
#5327=DIRECTION('center_axis',(0.,0.,-1.));
#5328=DIRECTION('ref_axis',(-1.,0.,0.));
#5329=DIRECTION('center_axis',(0.,0.,-1.));
#5330=DIRECTION('ref_axis',(-1.,0.,0.));
#5331=DIRECTION('center_axis',(0.,0.,-1.));
#5332=DIRECTION('ref_axis',(-1.,0.,0.));
#5333=DIRECTION('center_axis',(0.,0.,-1.));
#5334=DIRECTION('ref_axis',(-1.,0.,0.));
#5335=DIRECTION('center_axis',(-1.,0.,0.));
#5336=DIRECTION('ref_axis',(0.,0.,1.));
#5337=DIRECTION('',(0.,1.,0.));
#5338=DIRECTION('',(0.,-1.,0.));
#5339=DIRECTION('',(0.,0.,-1.));
#5340=DIRECTION('',(0.,1.,0.));
#5341=DIRECTION('',(0.,0.,1.));
#5342=DIRECTION('center_axis',(0.,0.,-1.));
#5343=DIRECTION('ref_axis',(-1.,0.,0.));
#5344=DIRECTION('',(-1.,0.,0.));
#5345=DIRECTION('',(0.,1.,0.));
#5346=DIRECTION('center_axis',(1.,0.,-8.67361737988404E-16));
#5347=DIRECTION('ref_axis',(-8.67361737988404E-16,0.,-1.));
#5348=DIRECTION('',(-1.13288063737261E-15,0.,-1.));
#5349=DIRECTION('',(0.,-1.,0.));
#5350=DIRECTION('',(0.,0.,1.));
#5351=DIRECTION('',(0.,-1.,0.));
#5352=DIRECTION('center_axis',(0.,1.,0.));
#5353=DIRECTION('ref_axis',(0.,0.,1.));
#5354=DIRECTION('',(1.,0.,0.));
#5355=DIRECTION('',(1.,0.,0.));
#5356=DIRECTION('center_axis',(0.,0.,-1.));
#5357=DIRECTION('ref_axis',(-1.,0.,0.));
#5358=DIRECTION('',(1.,0.,0.));
#5359=DIRECTION('center_axis',(0.,-1.,0.));
#5360=DIRECTION('ref_axis',(0.,0.,-1.));
#5361=DIRECTION('',(-1.,0.,0.));
#5362=DIRECTION('',(-1.,0.,0.));
#5363=DIRECTION('center_axis',(0.,0.,1.));
#5364=DIRECTION('ref_axis',(1.,0.,0.));
#5365=DIRECTION('center_axis',(0.,0.,1.));
#5366=DIRECTION('ref_axis',(1.,0.,0.));
#5367=DIRECTION('center_axis',(-1.,0.,0.));
#5368=DIRECTION('ref_axis',(0.,0.,1.));
#5369=DIRECTION('',(0.,1.,0.));
#5370=DIRECTION('',(0.,-1.,0.));
#5371=DIRECTION('',(0.,0.,-1.));
#5372=DIRECTION('',(0.,1.,0.));
#5373=DIRECTION('',(0.,0.,1.));
#5374=DIRECTION('center_axis',(0.,0.,-1.));
#5375=DIRECTION('ref_axis',(-1.,0.,0.));
#5376=DIRECTION('',(-1.,0.,0.));
#5377=DIRECTION('',(0.,1.,0.));
#5378=DIRECTION('center_axis',(1.,0.,-8.67361737988404E-16));
#5379=DIRECTION('ref_axis',(-8.67361737988404E-16,0.,-1.));
#5380=DIRECTION('',(-2.26576127474522E-15,0.,-1.));
#5381=DIRECTION('',(0.,-1.,0.));
#5382=DIRECTION('',(1.12143739861127E-15,0.,1.));
#5383=DIRECTION('',(0.,-1.,0.));
#5384=DIRECTION('center_axis',(0.,1.,0.));
#5385=DIRECTION('ref_axis',(0.,0.,1.));
#5386=DIRECTION('',(1.,0.,0.));
#5387=DIRECTION('',(1.,0.,0.));
#5388=DIRECTION('center_axis',(0.,0.,-1.));
#5389=DIRECTION('ref_axis',(-1.,0.,0.));
#5390=DIRECTION('',(1.,0.,0.));
#5391=DIRECTION('center_axis',(0.,-1.,0.));
#5392=DIRECTION('ref_axis',(0.,0.,-1.));
#5393=DIRECTION('',(-1.,0.,0.));
#5394=DIRECTION('',(-1.,0.,0.));
#5395=DIRECTION('center_axis',(0.,0.,1.));
#5396=DIRECTION('ref_axis',(1.,0.,0.));
#5397=DIRECTION('center_axis',(0.,0.,1.));
#5398=DIRECTION('ref_axis',(1.,0.,0.));
#5399=DIRECTION('center_axis',(-1.,0.,0.));
#5400=DIRECTION('ref_axis',(0.,0.,1.));
#5401=DIRECTION('',(0.,1.,0.));
#5402=DIRECTION('',(0.,-1.,0.));
#5403=DIRECTION('',(0.,0.,-1.));
#5404=DIRECTION('',(0.,1.,0.));
#5405=DIRECTION('',(0.,0.,1.));
#5406=DIRECTION('center_axis',(0.,0.,-1.));
#5407=DIRECTION('ref_axis',(-1.,0.,0.));
#5408=DIRECTION('',(-1.,0.,0.));
#5409=DIRECTION('',(0.,1.,0.));
#5410=DIRECTION('center_axis',(1.,0.,-8.67361737988404E-16));
#5411=DIRECTION('ref_axis',(-8.67361737988404E-16,0.,-1.));
#5412=DIRECTION('',(0.,0.,-1.));
#5413=DIRECTION('',(0.,-1.,0.));
#5414=DIRECTION('',(1.12143739861127E-15,0.,1.));
#5415=DIRECTION('',(0.,-1.,0.));
#5416=DIRECTION('center_axis',(0.,1.,0.));
#5417=DIRECTION('ref_axis',(0.,0.,1.));
#5418=DIRECTION('',(1.,0.,0.));
#5419=DIRECTION('',(1.,0.,0.));
#5420=DIRECTION('center_axis',(0.,0.,-1.));
#5421=DIRECTION('ref_axis',(-1.,0.,0.));
#5422=DIRECTION('',(1.,0.,0.));
#5423=DIRECTION('center_axis',(0.,-1.,0.));
#5424=DIRECTION('ref_axis',(0.,0.,-1.));
#5425=DIRECTION('',(-1.,0.,0.));
#5426=DIRECTION('',(-1.,0.,0.));
#5427=DIRECTION('center_axis',(0.,0.,1.));
#5428=DIRECTION('ref_axis',(1.,0.,0.));
#5429=DIRECTION('center_axis',(0.,0.,1.));
#5430=DIRECTION('ref_axis',(1.,0.,0.));
#5431=DIRECTION('center_axis',(-1.,0.,0.));
#5432=DIRECTION('ref_axis',(0.,0.,1.));
#5433=DIRECTION('',(0.,1.,0.));
#5434=DIRECTION('',(0.,-1.,0.));
#5435=DIRECTION('',(0.,0.,-1.));
#5436=DIRECTION('',(0.,1.,0.));
#5437=DIRECTION('',(0.,0.,1.));
#5438=DIRECTION('center_axis',(0.,0.,-1.));
#5439=DIRECTION('ref_axis',(-1.,0.,0.));
#5440=DIRECTION('',(-1.,0.,0.));
#5441=DIRECTION('',(0.,1.,0.));
#5442=DIRECTION('center_axis',(1.,0.,-8.67361737988404E-16));
#5443=DIRECTION('ref_axis',(-8.67361737988404E-16,0.,-1.));
#5444=DIRECTION('',(-2.26576127474522E-15,0.,-1.));
#5445=DIRECTION('',(0.,-1.,0.));
#5446=DIRECTION('',(0.,0.,1.));
#5447=DIRECTION('',(0.,-1.,0.));
#5448=DIRECTION('center_axis',(0.,1.,0.));
#5449=DIRECTION('ref_axis',(0.,0.,1.));
#5450=DIRECTION('',(1.,0.,0.));
#5451=DIRECTION('',(1.,0.,0.));
#5452=DIRECTION('center_axis',(0.,0.,-1.));
#5453=DIRECTION('ref_axis',(-1.,0.,0.));
#5454=DIRECTION('',(1.,0.,0.));
#5455=DIRECTION('center_axis',(0.,-1.,0.));
#5456=DIRECTION('ref_axis',(0.,0.,-1.));
#5457=DIRECTION('',(-1.,0.,0.));
#5458=DIRECTION('',(-1.,0.,0.));
#5459=DIRECTION('center_axis',(0.,0.,1.));
#5460=DIRECTION('ref_axis',(1.,0.,0.));
#5461=DIRECTION('center_axis',(0.,0.,1.));
#5462=DIRECTION('ref_axis',(1.,0.,0.));
#5463=DIRECTION('center_axis',(-1.,0.,0.));
#5464=DIRECTION('ref_axis',(0.,0.,1.));
#5465=DIRECTION('',(0.,1.,0.));
#5466=DIRECTION('',(0.,-1.,0.));
#5467=DIRECTION('',(0.,0.,-1.));
#5468=DIRECTION('',(0.,1.,0.));
#5469=DIRECTION('',(0.,0.,1.));
#5470=DIRECTION('center_axis',(0.,0.,-1.));
#5471=DIRECTION('ref_axis',(-1.,0.,0.));
#5472=DIRECTION('',(-1.,0.,0.));
#5473=DIRECTION('',(0.,1.,0.));
#5474=DIRECTION('center_axis',(1.,0.,-8.67361737988404E-16));
#5475=DIRECTION('ref_axis',(-8.67361737988404E-16,0.,-1.));
#5476=DIRECTION('',(0.,0.,-1.));
#5477=DIRECTION('',(0.,-1.,0.));
#5478=DIRECTION('',(0.,0.,1.));
#5479=DIRECTION('',(0.,-1.,0.));
#5480=DIRECTION('center_axis',(0.,1.,0.));
#5481=DIRECTION('ref_axis',(0.,0.,1.));
#5482=DIRECTION('',(1.,0.,0.));
#5483=DIRECTION('',(1.,0.,0.));
#5484=DIRECTION('center_axis',(0.,0.,-1.));
#5485=DIRECTION('ref_axis',(-1.,0.,0.));
#5486=DIRECTION('',(1.,0.,0.));
#5487=DIRECTION('center_axis',(0.,-1.,0.));
#5488=DIRECTION('ref_axis',(0.,0.,-1.));
#5489=DIRECTION('',(-1.,0.,0.));
#5490=DIRECTION('',(-1.,0.,0.));
#5491=DIRECTION('center_axis',(0.,0.,1.));
#5492=DIRECTION('ref_axis',(1.,0.,0.));
#5493=DIRECTION('center_axis',(0.,0.,1.));
#5494=DIRECTION('ref_axis',(1.,0.,0.));
#5495=DIRECTION('center_axis',(-1.,0.,0.));
#5496=DIRECTION('ref_axis',(0.,0.,1.));
#5497=DIRECTION('',(0.,1.,0.));
#5498=DIRECTION('',(0.,-1.,0.));
#5499=DIRECTION('',(0.,0.,-1.));
#5500=DIRECTION('',(0.,1.,0.));
#5501=DIRECTION('',(0.,0.,1.));
#5502=DIRECTION('center_axis',(0.,0.,-1.));
#5503=DIRECTION('ref_axis',(-1.,0.,0.));
#5504=DIRECTION('',(-1.,0.,0.));
#5505=DIRECTION('',(0.,1.,0.));
#5506=DIRECTION('center_axis',(1.,0.,-8.67361737988404E-16));
#5507=DIRECTION('ref_axis',(-8.67361737988404E-16,0.,-1.));
#5508=DIRECTION('',(0.,0.,-1.));
#5509=DIRECTION('',(0.,-1.,0.));
#5510=DIRECTION('',(0.,0.,1.));
#5511=DIRECTION('',(0.,-1.,0.));
#5512=DIRECTION('center_axis',(0.,1.,0.));
#5513=DIRECTION('ref_axis',(0.,0.,1.));
#5514=DIRECTION('',(1.,0.,0.));
#5515=DIRECTION('',(1.,0.,0.));
#5516=DIRECTION('center_axis',(0.,0.,-1.));
#5517=DIRECTION('ref_axis',(-1.,0.,0.));
#5518=DIRECTION('',(1.,0.,0.));
#5519=DIRECTION('center_axis',(0.,-1.,0.));
#5520=DIRECTION('ref_axis',(0.,0.,-1.));
#5521=DIRECTION('',(-1.,0.,0.));
#5522=DIRECTION('',(-1.,0.,0.));
#5523=DIRECTION('center_axis',(0.,0.,1.));
#5524=DIRECTION('ref_axis',(1.,0.,0.));
#5525=DIRECTION('center_axis',(0.,0.,1.));
#5526=DIRECTION('ref_axis',(1.,0.,0.));
#5527=DIRECTION('center_axis',(-1.,0.,0.));
#5528=DIRECTION('ref_axis',(0.,0.,1.));
#5529=DIRECTION('',(0.,1.,0.));
#5530=DIRECTION('',(0.,-1.,0.));
#5531=DIRECTION('',(0.,0.,-1.));
#5532=DIRECTION('',(0.,1.,0.));
#5533=DIRECTION('',(0.,0.,1.));
#5534=DIRECTION('center_axis',(0.,0.,-1.));
#5535=DIRECTION('ref_axis',(-1.,0.,0.));
#5536=DIRECTION('',(-1.,0.,0.));
#5537=DIRECTION('',(0.,1.,0.));
#5538=DIRECTION('center_axis',(1.,0.,-8.67361737988404E-16));
#5539=DIRECTION('ref_axis',(-8.67361737988404E-16,0.,-1.));
#5540=DIRECTION('',(0.,0.,-1.));
#5541=DIRECTION('',(0.,-1.,0.));
#5542=DIRECTION('',(0.,0.,1.));
#5543=DIRECTION('',(0.,-1.,0.));
#5544=DIRECTION('center_axis',(0.,1.,0.));
#5545=DIRECTION('ref_axis',(0.,0.,1.));
#5546=DIRECTION('',(1.,0.,0.));
#5547=DIRECTION('',(1.,0.,0.));
#5548=DIRECTION('center_axis',(0.,0.,-1.));
#5549=DIRECTION('ref_axis',(-1.,0.,0.));
#5550=DIRECTION('',(1.,0.,0.));
#5551=DIRECTION('center_axis',(0.,-1.,0.));
#5552=DIRECTION('ref_axis',(0.,0.,-1.));
#5553=DIRECTION('',(-1.,0.,0.));
#5554=DIRECTION('',(-1.,0.,0.));
#5555=DIRECTION('center_axis',(0.,0.,1.));
#5556=DIRECTION('ref_axis',(1.,0.,0.));
#5557=DIRECTION('center_axis',(0.,0.,1.));
#5558=DIRECTION('ref_axis',(1.,0.,0.));
#5559=DIRECTION('center_axis',(0.,1.,0.));
#5560=DIRECTION('ref_axis',(0.,0.,1.));
#5561=DIRECTION('',(0.,-3.24572384412634E-15,1.));
#5562=DIRECTION('',(1.,0.,0.));
#5563=DIRECTION('center_axis',(-1.,0.,0.));
#5564=DIRECTION('ref_axis',(0.,0.,1.));
#5565=DIRECTION('',(0.,1.,0.));
#5566=DIRECTION('',(0.,0.,1.));
#5567=DIRECTION('',(0.,1.,0.));
#5568=DIRECTION('center_axis',(0.,0.,-1.));
#5569=DIRECTION('ref_axis',(-1.,0.,0.));
#5570=DIRECTION('',(-1.,0.,0.));
#5571=DIRECTION('',(0.,1.,0.));
#5572=DIRECTION('center_axis',(1.,0.,0.));
#5573=DIRECTION('ref_axis',(0.,0.,-1.));
#5574=DIRECTION('',(0.,0.,-1.));
#5575=DIRECTION('',(0.,1.,0.));
#5576=DIRECTION('center_axis',(0.,0.,1.));
#5577=DIRECTION('ref_axis',(1.,0.,0.));
#5578=DIRECTION('',(1.,0.,0.));
#5579=DIRECTION('center_axis',(0.,1.,0.));
#5580=DIRECTION('ref_axis',(0.,0.,1.));
#5581=DIRECTION('center_axis',(0.,1.,0.));
#5582=DIRECTION('ref_axis',(0.,0.,1.));
#5583=DIRECTION('',(1.,0.,0.));
#5584=DIRECTION('',(0.,-3.24572384412634E-15,1.));
#5585=DIRECTION('center_axis',(-1.,0.,0.));
#5586=DIRECTION('ref_axis',(0.,0.,1.));
#5587=DIRECTION('',(0.,1.,0.));
#5588=DIRECTION('',(0.,1.,0.));
#5589=DIRECTION('',(0.,0.,1.));
#5590=DIRECTION('center_axis',(0.,0.,-1.));
#5591=DIRECTION('ref_axis',(-1.,0.,0.));
#5592=DIRECTION('',(-1.,0.,0.));
#5593=DIRECTION('',(0.,1.,0.));
#5594=DIRECTION('center_axis',(1.,0.,0.));
#5595=DIRECTION('ref_axis',(0.,0.,-1.));
#5596=DIRECTION('',(0.,0.,-1.));
#5597=DIRECTION('',(0.,1.,0.));
#5598=DIRECTION('center_axis',(0.,0.,1.));
#5599=DIRECTION('ref_axis',(1.,0.,0.));
#5600=DIRECTION('',(1.,0.,0.));
#5601=DIRECTION('center_axis',(0.,1.,0.));
#5602=DIRECTION('ref_axis',(0.,0.,1.));
#5603=DIRECTION('center_axis',(-1.,0.,0.));
#5604=DIRECTION('ref_axis',(0.,0.,1.));
#5605=DIRECTION('',(0.,1.,0.));
#5606=DIRECTION('',(0.,0.,1.));
#5607=DIRECTION('',(0.,1.,0.));
#5608=DIRECTION('center_axis',(0.,0.,-1.));
#5609=DIRECTION('ref_axis',(-1.,0.,0.));
#5610=DIRECTION('',(-1.,0.,0.));
#5611=DIRECTION('',(0.,1.,0.));
#5612=DIRECTION('center_axis',(1.,0.,0.));
#5613=DIRECTION('ref_axis',(0.,0.,-1.));
#5614=DIRECTION('',(0.,0.,-1.));
#5615=DIRECTION('',(0.,1.,0.));
#5616=DIRECTION('center_axis',(0.,0.,1.));
#5617=DIRECTION('ref_axis',(1.,0.,0.));
#5618=DIRECTION('',(1.,0.,0.));
#5619=DIRECTION('center_axis',(0.,1.,0.));
#5620=DIRECTION('ref_axis',(0.,0.,1.));
#5621=DIRECTION('center_axis',(1.,0.,0.));
#5622=DIRECTION('ref_axis',(0.,0.,-1.));
#5623=DIRECTION('',(0.,1.,4.11193712824132E-15));
#5624=DIRECTION('',(0.,0.,1.));
#5625=DIRECTION('',(0.,-1.,-1.02798428206033E-14));
#5626=DIRECTION('center_axis',(-1.,0.,0.));
#5627=DIRECTION('ref_axis',(0.,0.,1.));
#5628=DIRECTION('',(0.,-1.,-4.11193712824132E-15));
#5629=DIRECTION('',(0.,1.,1.02798428206033E-14));
#5630=DIRECTION('',(0.,0.,-1.));
#5631=DIRECTION('center_axis',(0.,-3.49148133884313E-15,1.));
#5632=DIRECTION('ref_axis',(1.,0.,0.));
#5633=DIRECTION('',(1.,0.,0.));
#5634=DIRECTION('center_axis',(0.,-1.,0.));
#5635=DIRECTION('ref_axis',(0.,0.,-1.));
#5636=DIRECTION('',(1.,0.,0.));
#5637=DIRECTION('center_axis',(0.,1.04744440165294E-14,-1.));
#5638=DIRECTION('ref_axis',(-1.,0.,0.));
#5639=CARTESIAN_POINT('',(0.,0.,0.));
#5640=CARTESIAN_POINT('Origin',(18.25,1.8,-9.95));
#5641=CARTESIAN_POINT('',(19.45,1.2,-9.95));
#5642=CARTESIAN_POINT('',(19.25,1.2,-9.95));
#5643=CARTESIAN_POINT('',(19.45,1.2,-9.95));
#5644=CARTESIAN_POINT('',(19.25,1.8,-9.95));
#5645=CARTESIAN_POINT('',(19.25,1.2,-9.95));
#5646=CARTESIAN_POINT('',(19.45,1.8,-9.95));
#5647=CARTESIAN_POINT('',(19.45,1.8,-9.95));
#5648=CARTESIAN_POINT('',(19.45,1.8,-9.95));
#5649=CARTESIAN_POINT('Origin',(18.25,1.8,-9.35));
#5650=CARTESIAN_POINT('',(19.25,1.2,-9.35));
#5651=CARTESIAN_POINT('',(19.25,1.8,-9.35));
#5652=CARTESIAN_POINT('',(19.25,1.2,-9.35));
#5653=CARTESIAN_POINT('',(19.45,1.2,-9.35));
#5654=CARTESIAN_POINT('',(19.25,1.2,-9.35));
#5655=CARTESIAN_POINT('',(19.45,1.8,-9.35));
#5656=CARTESIAN_POINT('',(19.45,1.8,-9.35));
#5657=CARTESIAN_POINT('',(19.25,1.8,-9.35));
#5658=CARTESIAN_POINT('Origin',(0.,1.77,0.));
#5659=CARTESIAN_POINT('',(18.45,1.77,-9.92));
#5660=CARTESIAN_POINT('',(18.45,1.77,-9.38));
#5661=CARTESIAN_POINT('',(18.45,1.77,-9.92));
#5662=CARTESIAN_POINT('',(19.25,1.77,-9.38));
#5663=CARTESIAN_POINT('',(18.45,1.77,-9.38));
#5664=CARTESIAN_POINT('',(19.25,1.77,-9.92));
#5665=CARTESIAN_POINT('',(19.25,1.77,-9.38));
#5666=CARTESIAN_POINT('',(19.25,1.77,-9.92));
#5667=CARTESIAN_POINT('Origin',(0.,1.8,0.));
#5668=CARTESIAN_POINT('',(19.25,1.8,-9.35));
#5669=CARTESIAN_POINT('',(19.45,1.8,-9.35));
#5670=CARTESIAN_POINT('Origin',(0.,1.2,-15.));
#5671=CARTESIAN_POINT('',(11.18,0.,-15.));
#5672=CARTESIAN_POINT('',(11.18,1.2,-15.));
#5673=CARTESIAN_POINT('',(11.18,4.33680868994202E-16,-15.));
#5674=CARTESIAN_POINT('',(10.71,0.,-15.));
#5675=CARTESIAN_POINT('',(11.18,0.,-15.));
#5676=CARTESIAN_POINT('',(10.71,1.2,-15.));
#5677=CARTESIAN_POINT('',(10.71,4.33680868994202E-16,-15.));
#5678=CARTESIAN_POINT('',(11.18,1.2,-15.));
#5679=CARTESIAN_POINT('Origin',(0.,1.2,-15.));
#5680=CARTESIAN_POINT('',(26.5,0.,-15.));
#5681=CARTESIAN_POINT('',(11.98,0.,-15.));
#5682=CARTESIAN_POINT('',(26.5,0.,-15.));
#5683=CARTESIAN_POINT('',(11.98,1.2,-15.));
#5684=CARTESIAN_POINT('',(11.98,4.33680868994202E-16,-15.));
#5685=CARTESIAN_POINT('',(26.5,1.2,-15.));
#5686=CARTESIAN_POINT('',(26.5,1.2,-15.));
#5687=CARTESIAN_POINT('',(26.5,1.2,-15.));
#5688=CARTESIAN_POINT('Origin',(11.58,-0.4,-15.));
#5689=CARTESIAN_POINT('',(11.9048461174156,0.02,-14.99));
#5690=CARTESIAN_POINT('',(11.9048461174156,1.18,-14.99));
#5691=CARTESIAN_POINT('',(11.9048461174156,0.02,-14.99));
#5692=CARTESIAN_POINT('',(11.2551538825844,0.02,-14.99));
#5693=CARTESIAN_POINT('Origin',(11.58,0.02,-15.));
#5694=CARTESIAN_POINT('',(11.2551538825844,1.18,-14.99));
#5695=CARTESIAN_POINT('',(11.2551538825844,0.02,-14.99));
#5696=CARTESIAN_POINT('Origin',(11.58,1.18,-15.));
#5697=CARTESIAN_POINT('Origin',(0.,0.,0.));
#5698=CARTESIAN_POINT('',(11.18,0.,-14.));
#5699=CARTESIAN_POINT('',(11.18,0.,-15.));
#5700=CARTESIAN_POINT('',(11.98,0.,-14.));
#5701=CARTESIAN_POINT('',(11.18,0.,-14.));
#5702=CARTESIAN_POINT('',(11.98,0.,-14.));
#5703=CARTESIAN_POINT('',(26.5,0.,0.));
#5704=CARTESIAN_POINT('',(26.5,0.,0.));
#5705=CARTESIAN_POINT('',(11.98,0.,0.));
#5706=CARTESIAN_POINT('',(11.98,0.,0.));
#5707=CARTESIAN_POINT('',(11.98,0.,-1.));
#5708=CARTESIAN_POINT('',(11.98,0.,-1.));
#5709=CARTESIAN_POINT('',(11.18,0.,-1.));
#5710=CARTESIAN_POINT('',(11.18,0.,-1.));
#5711=CARTESIAN_POINT('',(11.18,0.,0.));
#5712=CARTESIAN_POINT('',(11.18,0.,0.));
#5713=CARTESIAN_POINT('',(10.71,0.,0.));
#5714=CARTESIAN_POINT('',(10.71,0.,0.));
#5715=CARTESIAN_POINT('',(10.71,0.,-1.));
#5716=CARTESIAN_POINT('',(10.71,0.,-1.));
#5717=CARTESIAN_POINT('',(9.91,0.,-1.));
#5718=CARTESIAN_POINT('',(9.91,0.,-1.));
#5719=CARTESIAN_POINT('',(9.91,0.,0.));
#5720=CARTESIAN_POINT('',(9.91,0.,0.));
#5721=CARTESIAN_POINT('',(9.44,0.,0.));
#5722=CARTESIAN_POINT('',(9.44,0.,0.));
#5723=CARTESIAN_POINT('',(9.44,0.,-1.));
#5724=CARTESIAN_POINT('',(9.44,0.,-1.));
#5725=CARTESIAN_POINT('',(8.64,0.,-1.));
#5726=CARTESIAN_POINT('',(8.64,0.,-1.));
#5727=CARTESIAN_POINT('',(8.64,0.,0.));
#5728=CARTESIAN_POINT('',(8.64,0.,0.));
#5729=CARTESIAN_POINT('',(8.17,0.,0.));
#5730=CARTESIAN_POINT('',(8.17,0.,0.));
#5731=CARTESIAN_POINT('',(8.17,0.,-1.));
#5732=CARTESIAN_POINT('',(8.17,0.,-1.));
#5733=CARTESIAN_POINT('',(7.37,0.,-1.));
#5734=CARTESIAN_POINT('',(7.37,0.,-1.));
#5735=CARTESIAN_POINT('',(7.37,0.,0.));
#5736=CARTESIAN_POINT('',(7.37,0.,0.));
#5737=CARTESIAN_POINT('',(6.9,0.,0.));
#5738=CARTESIAN_POINT('',(6.9,0.,0.));
#5739=CARTESIAN_POINT('',(6.9,0.,-1.));
#5740=CARTESIAN_POINT('',(6.9,0.,-1.));
#5741=CARTESIAN_POINT('',(6.1,0.,-1.));
#5742=CARTESIAN_POINT('',(6.1,0.,-1.));
#5743=CARTESIAN_POINT('',(6.1,0.,0.));
#5744=CARTESIAN_POINT('',(6.1,0.,0.));
#5745=CARTESIAN_POINT('',(5.63,0.,0.));
#5746=CARTESIAN_POINT('',(5.63,0.,0.));
#5747=CARTESIAN_POINT('',(5.63,0.,-1.));
#5748=CARTESIAN_POINT('',(5.63,0.,-1.));
#5749=CARTESIAN_POINT('',(4.83,0.,-1.));
#5750=CARTESIAN_POINT('',(4.83,0.,-1.));
#5751=CARTESIAN_POINT('',(4.83,0.,0.));
#5752=CARTESIAN_POINT('',(4.83,0.,0.));
#5753=CARTESIAN_POINT('',(4.36,0.,0.));
#5754=CARTESIAN_POINT('',(4.36,0.,0.));
#5755=CARTESIAN_POINT('',(4.36,0.,-1.));
#5756=CARTESIAN_POINT('',(4.36,0.,-1.));
#5757=CARTESIAN_POINT('',(3.56,0.,-1.));
#5758=CARTESIAN_POINT('',(3.56,0.,-1.));
#5759=CARTESIAN_POINT('',(3.56,0.,0.));
#5760=CARTESIAN_POINT('',(3.56,0.,0.));
#5761=CARTESIAN_POINT('',(3.09,0.,0.));
#5762=CARTESIAN_POINT('',(3.09,0.,0.));
#5763=CARTESIAN_POINT('',(3.09,0.,-1.));
#5764=CARTESIAN_POINT('',(3.09,0.,-1.));
#5765=CARTESIAN_POINT('',(2.29,0.,-1.));
#5766=CARTESIAN_POINT('',(2.29,0.,-1.));
#5767=CARTESIAN_POINT('',(2.29,0.,0.));
#5768=CARTESIAN_POINT('',(2.29,0.,0.));
#5769=CARTESIAN_POINT('',(0.,0.,0.));
#5770=CARTESIAN_POINT('',(0.,0.,0.));
#5771=CARTESIAN_POINT('',(0.,0.,-15.));
#5772=CARTESIAN_POINT('',(0.,0.,-15.));
#5773=CARTESIAN_POINT('',(2.29,0.,-15.));
#5774=CARTESIAN_POINT('',(2.29,0.,-15.));
#5775=CARTESIAN_POINT('',(2.29,0.,-14.));
#5776=CARTESIAN_POINT('',(2.29,0.,-15.));
#5777=CARTESIAN_POINT('',(3.09,0.,-14.));
#5778=CARTESIAN_POINT('',(2.29,0.,-14.));
#5779=CARTESIAN_POINT('',(3.09,0.,-15.));
#5780=CARTESIAN_POINT('',(3.09,0.,-14.));
#5781=CARTESIAN_POINT('',(3.56,0.,-15.));
#5782=CARTESIAN_POINT('',(3.56,0.,-15.));
#5783=CARTESIAN_POINT('',(3.56,0.,-14.));
#5784=CARTESIAN_POINT('',(3.56,0.,-15.));
#5785=CARTESIAN_POINT('',(4.36,0.,-14.));
#5786=CARTESIAN_POINT('',(3.56,0.,-14.));
#5787=CARTESIAN_POINT('',(4.36,0.,-15.));
#5788=CARTESIAN_POINT('',(4.36,0.,-14.));
#5789=CARTESIAN_POINT('',(4.83,0.,-15.));
#5790=CARTESIAN_POINT('',(4.83,0.,-15.));
#5791=CARTESIAN_POINT('',(4.83,0.,-14.));
#5792=CARTESIAN_POINT('',(4.83,0.,-15.));
#5793=CARTESIAN_POINT('',(5.63,0.,-14.));
#5794=CARTESIAN_POINT('',(4.83,0.,-14.));
#5795=CARTESIAN_POINT('',(5.63,0.,-15.));
#5796=CARTESIAN_POINT('',(5.63,0.,-14.));
#5797=CARTESIAN_POINT('',(6.1,0.,-15.));
#5798=CARTESIAN_POINT('',(6.1,0.,-15.));
#5799=CARTESIAN_POINT('',(6.1,0.,-14.));
#5800=CARTESIAN_POINT('',(6.1,0.,-15.));
#5801=CARTESIAN_POINT('',(6.9,0.,-14.));
#5802=CARTESIAN_POINT('',(6.1,0.,-14.));
#5803=CARTESIAN_POINT('',(6.9,0.,-15.));
#5804=CARTESIAN_POINT('',(6.9,0.,-14.));
#5805=CARTESIAN_POINT('',(7.37,0.,-15.));
#5806=CARTESIAN_POINT('',(7.37,0.,-15.));
#5807=CARTESIAN_POINT('',(7.37,0.,-14.));
#5808=CARTESIAN_POINT('',(7.37,0.,-15.));
#5809=CARTESIAN_POINT('',(8.17,0.,-14.));
#5810=CARTESIAN_POINT('',(7.37,0.,-14.));
#5811=CARTESIAN_POINT('',(8.17,0.,-15.));
#5812=CARTESIAN_POINT('',(8.17,0.,-14.));
#5813=CARTESIAN_POINT('',(8.64,0.,-15.));
#5814=CARTESIAN_POINT('',(8.64,0.,-15.));
#5815=CARTESIAN_POINT('',(8.64,0.,-14.));
#5816=CARTESIAN_POINT('',(8.64,0.,-15.));
#5817=CARTESIAN_POINT('',(9.44,0.,-14.));
#5818=CARTESIAN_POINT('',(8.64,0.,-14.));
#5819=CARTESIAN_POINT('',(9.44,0.,-15.));
#5820=CARTESIAN_POINT('',(9.44,0.,-14.));
#5821=CARTESIAN_POINT('',(9.91,0.,-15.));
#5822=CARTESIAN_POINT('',(9.91,0.,-15.));
#5823=CARTESIAN_POINT('',(9.91,0.,-14.));
#5824=CARTESIAN_POINT('',(9.91,0.,-15.));
#5825=CARTESIAN_POINT('',(10.71,0.,-14.));
#5826=CARTESIAN_POINT('',(9.91,0.,-14.));
#5827=CARTESIAN_POINT('',(10.71,0.,-14.));
#5828=CARTESIAN_POINT('Origin',(0.,1.2,0.));
#5829=CARTESIAN_POINT('',(11.98,1.2,-14.5));
#5830=CARTESIAN_POINT('',(11.98,1.2,-15.));
#5831=CARTESIAN_POINT('',(11.18,1.2,-14.5));
#5832=CARTESIAN_POINT('',(11.98,1.2,-14.5));
#5833=CARTESIAN_POINT('',(11.18,1.2,-14.5));
#5834=CARTESIAN_POINT('',(10.71,1.2,-14.5));
#5835=CARTESIAN_POINT('',(10.71,1.2,-15.));
#5836=CARTESIAN_POINT('',(9.91,1.2,-14.5));
#5837=CARTESIAN_POINT('',(10.71,1.2,-14.5));
#5838=CARTESIAN_POINT('',(9.91,1.2,-15.));
#5839=CARTESIAN_POINT('',(9.91,1.2,-14.5));
#5840=CARTESIAN_POINT('',(9.44,1.2,-15.));
#5841=CARTESIAN_POINT('',(9.91,1.2,-15.));
#5842=CARTESIAN_POINT('',(9.44,1.2,-14.5));
#5843=CARTESIAN_POINT('',(9.44,1.2,-15.));
#5844=CARTESIAN_POINT('',(8.64,1.2,-14.5));
#5845=CARTESIAN_POINT('',(9.44,1.2,-14.5));
#5846=CARTESIAN_POINT('',(8.64,1.2,-15.));
#5847=CARTESIAN_POINT('',(8.64,1.2,-14.5));
#5848=CARTESIAN_POINT('',(8.17,1.2,-15.));
#5849=CARTESIAN_POINT('',(8.64,1.2,-15.));
#5850=CARTESIAN_POINT('',(8.17,1.2,-14.5));
#5851=CARTESIAN_POINT('',(8.17,1.2,-15.));
#5852=CARTESIAN_POINT('',(7.37,1.2,-14.5));
#5853=CARTESIAN_POINT('',(8.17,1.2,-14.5));
#5854=CARTESIAN_POINT('',(7.37,1.2,-15.));
#5855=CARTESIAN_POINT('',(7.37,1.2,-14.5));
#5856=CARTESIAN_POINT('',(6.9,1.2,-15.));
#5857=CARTESIAN_POINT('',(7.37,1.2,-15.));
#5858=CARTESIAN_POINT('',(6.9,1.2,-14.5));
#5859=CARTESIAN_POINT('',(6.9,1.2,-15.));
#5860=CARTESIAN_POINT('',(6.1,1.2,-14.5));
#5861=CARTESIAN_POINT('',(6.9,1.2,-14.5));
#5862=CARTESIAN_POINT('',(6.1,1.2,-15.));
#5863=CARTESIAN_POINT('',(6.1,1.2,-14.5));
#5864=CARTESIAN_POINT('',(5.63,1.2,-15.));
#5865=CARTESIAN_POINT('',(6.1,1.2,-15.));
#5866=CARTESIAN_POINT('',(5.63,1.2,-14.5));
#5867=CARTESIAN_POINT('',(5.63,1.2,-15.));
#5868=CARTESIAN_POINT('',(4.83,1.2,-14.5));
#5869=CARTESIAN_POINT('',(5.63,1.2,-14.5));
#5870=CARTESIAN_POINT('',(4.83,1.2,-15.));
#5871=CARTESIAN_POINT('',(4.83,1.2,-14.5));
#5872=CARTESIAN_POINT('',(4.36,1.2,-15.));
#5873=CARTESIAN_POINT('',(4.83,1.2,-15.));
#5874=CARTESIAN_POINT('',(4.36,1.2,-14.5));
#5875=CARTESIAN_POINT('',(4.36,1.2,-15.));
#5876=CARTESIAN_POINT('',(3.56,1.2,-14.5));
#5877=CARTESIAN_POINT('',(4.36,1.2,-14.5));
#5878=CARTESIAN_POINT('',(3.56,1.2,-15.));
#5879=CARTESIAN_POINT('',(3.56,1.2,-14.5));
#5880=CARTESIAN_POINT('',(3.09,1.2,-15.));
#5881=CARTESIAN_POINT('',(3.56,1.2,-15.));
#5882=CARTESIAN_POINT('',(3.09,1.2,-14.5));
#5883=CARTESIAN_POINT('',(3.09,1.2,-15.));
#5884=CARTESIAN_POINT('',(2.29,1.2,-14.5));
#5885=CARTESIAN_POINT('',(3.09,1.2,-14.5));
#5886=CARTESIAN_POINT('',(2.29,1.2,-15.));
#5887=CARTESIAN_POINT('',(2.29,1.2,-14.5));
#5888=CARTESIAN_POINT('',(0.,1.2,-15.));
#5889=CARTESIAN_POINT('',(2.29,1.2,-15.));
#5890=CARTESIAN_POINT('',(0.,1.2,0.));
#5891=CARTESIAN_POINT('',(0.,1.2,-15.));
#5892=CARTESIAN_POINT('',(2.29,1.2,-5.42101086242752E-17));
#5893=CARTESIAN_POINT('',(0.,1.2,0.));
#5894=CARTESIAN_POINT('',(2.29,1.2,-0.5));
#5895=CARTESIAN_POINT('',(2.29,1.2,-0.5));
#5896=CARTESIAN_POINT('',(3.09,1.2,-0.5));
#5897=CARTESIAN_POINT('',(3.09,1.2,-0.5));
#5898=CARTESIAN_POINT('',(3.09,1.2,0.));
#5899=CARTESIAN_POINT('',(3.09,1.2,0.));
#5900=CARTESIAN_POINT('',(3.56,1.2,-5.42101086242752E-17));
#5901=CARTESIAN_POINT('',(3.09,1.2,0.));
#5902=CARTESIAN_POINT('',(3.56,1.2,-0.5));
#5903=CARTESIAN_POINT('',(3.56,1.2,-0.5));
#5904=CARTESIAN_POINT('',(4.36,1.2,-0.5));
#5905=CARTESIAN_POINT('',(4.36,1.2,-0.5));
#5906=CARTESIAN_POINT('',(4.36,1.2,0.));
#5907=CARTESIAN_POINT('',(4.36,1.2,0.));
#5908=CARTESIAN_POINT('',(4.83,1.2,-5.42101086242752E-17));
#5909=CARTESIAN_POINT('',(4.36,1.2,0.));
#5910=CARTESIAN_POINT('',(4.83,1.2,-0.5));
#5911=CARTESIAN_POINT('',(4.83,1.2,-0.5));
#5912=CARTESIAN_POINT('',(5.63,1.2,-0.5));
#5913=CARTESIAN_POINT('',(5.63,1.2,-0.5));
#5914=CARTESIAN_POINT('',(5.63,1.2,0.));
#5915=CARTESIAN_POINT('',(5.63,1.2,0.));
#5916=CARTESIAN_POINT('',(6.1,1.2,-5.42101086242752E-17));
#5917=CARTESIAN_POINT('',(5.63,1.2,0.));
#5918=CARTESIAN_POINT('',(6.1,1.2,-0.5));
#5919=CARTESIAN_POINT('',(6.1,1.2,-0.5));
#5920=CARTESIAN_POINT('',(6.9,1.2,-0.5));
#5921=CARTESIAN_POINT('',(6.9,1.2,-0.5));
#5922=CARTESIAN_POINT('',(6.9,1.2,0.));
#5923=CARTESIAN_POINT('',(6.9,1.2,0.));
#5924=CARTESIAN_POINT('',(7.37,1.2,-5.42101086242752E-17));
#5925=CARTESIAN_POINT('',(6.9,1.2,0.));
#5926=CARTESIAN_POINT('',(7.37,1.2,-0.5));
#5927=CARTESIAN_POINT('',(7.37,1.2,-0.5));
#5928=CARTESIAN_POINT('',(8.17,1.2,-0.5));
#5929=CARTESIAN_POINT('',(8.17,1.2,-0.5));
#5930=CARTESIAN_POINT('',(8.17,1.2,0.));
#5931=CARTESIAN_POINT('',(8.17,1.2,0.));
#5932=CARTESIAN_POINT('',(8.64,1.2,-5.42101086242752E-17));
#5933=CARTESIAN_POINT('',(8.17,1.2,0.));
#5934=CARTESIAN_POINT('',(8.64,1.2,-0.5));
#5935=CARTESIAN_POINT('',(8.64,1.2,-0.5));
#5936=CARTESIAN_POINT('',(9.44,1.2,-0.5));
#5937=CARTESIAN_POINT('',(9.44,1.2,-0.5));
#5938=CARTESIAN_POINT('',(9.44,1.2,0.));
#5939=CARTESIAN_POINT('',(9.44,1.2,0.));
#5940=CARTESIAN_POINT('',(9.91,1.2,-5.42101086242752E-17));
#5941=CARTESIAN_POINT('',(9.44,1.2,0.));
#5942=CARTESIAN_POINT('',(9.91,1.2,-0.5));
#5943=CARTESIAN_POINT('',(9.91,1.2,-0.5));
#5944=CARTESIAN_POINT('',(10.71,1.2,-0.5));
#5945=CARTESIAN_POINT('',(10.71,1.2,-0.5));
#5946=CARTESIAN_POINT('',(10.71,1.2,0.));
#5947=CARTESIAN_POINT('',(10.71,1.2,0.));
#5948=CARTESIAN_POINT('',(11.18,1.2,-5.42101086242752E-17));
#5949=CARTESIAN_POINT('',(10.71,1.2,0.));
#5950=CARTESIAN_POINT('',(11.18,1.2,-0.5));
#5951=CARTESIAN_POINT('',(11.18,1.2,-0.5));
#5952=CARTESIAN_POINT('',(11.98,1.2,-0.5));
#5953=CARTESIAN_POINT('',(11.98,1.2,-0.5));
#5954=CARTESIAN_POINT('',(11.98,1.2,0.));
#5955=CARTESIAN_POINT('',(11.98,1.2,0.));
#5956=CARTESIAN_POINT('',(26.5,1.2,0.));
#5957=CARTESIAN_POINT('',(11.98,1.2,0.));
#5958=CARTESIAN_POINT('',(26.5,1.2,0.));
#5959=CARTESIAN_POINT('',(18.6537,1.2,-9.95140000000001));
#5960=CARTESIAN_POINT('',(17.9187,1.2,-9.95140000000001));
#5961=CARTESIAN_POINT('',(18.6537,1.2,-9.95140000000001));
#5962=CARTESIAN_POINT('',(18.6537,1.2,-9.3514));
#5963=CARTESIAN_POINT('',(18.6537,1.2,-9.3514));
#5964=CARTESIAN_POINT('',(18.45,1.2,-9.3514));
#5965=CARTESIAN_POINT('',(18.45,1.2,-9.3514));
#5966=CARTESIAN_POINT('',(18.45,1.2,-9.35));
#5967=CARTESIAN_POINT('',(18.45,1.2,-9.3514));
#5968=CARTESIAN_POINT('',(18.25,1.2,-9.35));
#5969=CARTESIAN_POINT('',(18.25,1.2,-9.35));
#5970=CARTESIAN_POINT('',(18.25,1.2,-9.3514));
#5971=CARTESIAN_POINT('',(18.25,1.2,-9.3514));
#5972=CARTESIAN_POINT('',(17.9187,1.2,-9.3514));
#5973=CARTESIAN_POINT('',(17.9187,1.2,-9.3514));
#5974=CARTESIAN_POINT('',(17.9187,1.2,-9.95140000000001));
#5975=CARTESIAN_POINT('',(16.9801,1.2,-9.95140000000001));
#5976=CARTESIAN_POINT('',(16.9801,1.2,-9.3514));
#5977=CARTESIAN_POINT('',(16.9801,1.2,-9.95140000000001));
#5978=CARTESIAN_POINT('',(17.5801,1.2,-9.95140000000001));
#5979=CARTESIAN_POINT('',(17.5801,1.2,-9.95140000000001));
#5980=CARTESIAN_POINT('',(17.5801,1.2,-9.3514));
#5981=CARTESIAN_POINT('',(17.5801,1.2,-9.3514));
#5982=CARTESIAN_POINT('',(16.9801,1.2,-9.3514));
#5983=CARTESIAN_POINT('',(19.1274,1.2,-9.95140000000001));
#5984=CARTESIAN_POINT('',(19.1274,1.2,-9.3514));
#5985=CARTESIAN_POINT('',(19.1274,1.2,-9.95140000000001));
#5986=CARTESIAN_POINT('',(19.7274,1.2,-9.95140000000001));
#5987=CARTESIAN_POINT('',(19.7274,1.2,-9.95140000000001));
#5988=CARTESIAN_POINT('',(19.7274,1.2,-9.3514));
#5989=CARTESIAN_POINT('',(19.7274,1.2,-9.3514));
#5990=CARTESIAN_POINT('',(19.45,1.2,-9.3514));
#5991=CARTESIAN_POINT('',(19.45,1.2,-9.3514));
#5992=CARTESIAN_POINT('',(19.45,1.2,-9.35));
#5993=CARTESIAN_POINT('',(19.25,1.2,-9.3514));
#5994=CARTESIAN_POINT('',(19.25,1.2,-9.3514));
#5995=CARTESIAN_POINT('',(19.1274,1.2,-9.3514));
#5996=CARTESIAN_POINT('',(0.299999999999998,1.2,-14.));
#5997=CARTESIAN_POINT('',(0.299999999999998,1.2,-0.999999999999999));
#5998=CARTESIAN_POINT('',(0.299999999999998,1.2,-14.));
#5999=CARTESIAN_POINT('',(15.,1.2,-14.));
#6000=CARTESIAN_POINT('',(15.,1.2,-14.));
#6001=CARTESIAN_POINT('',(15.,1.2,-8.5));
#6002=CARTESIAN_POINT('',(15.,1.2,-8.5));
#6003=CARTESIAN_POINT('',(19.5,1.2,-8.5));
#6004=CARTESIAN_POINT('',(19.5,1.2,-8.5));
#6005=CARTESIAN_POINT('',(19.5,1.2,-0.999999999999999));
#6006=CARTESIAN_POINT('',(19.5,1.2,-0.999999999999999));
#6007=CARTESIAN_POINT('',(0.299999999999998,1.2,-0.999999999999999));
#6008=CARTESIAN_POINT('Origin',(0.,1.2,-15.));
#6009=CARTESIAN_POINT('',(9.91,4.33680868994202E-16,-15.));
#6010=CARTESIAN_POINT('',(9.44,4.33680868994202E-16,-15.));
#6011=CARTESIAN_POINT('Origin',(10.31,-0.4,-15.));
#6012=CARTESIAN_POINT('',(10.6348461174156,0.02,-14.99));
#6013=CARTESIAN_POINT('',(10.6348461174156,1.18,-14.99));
#6014=CARTESIAN_POINT('',(10.6348461174156,0.02,-14.99));
#6015=CARTESIAN_POINT('',(9.98515388258438,0.02,-14.99));
#6016=CARTESIAN_POINT('Origin',(10.31,0.02,-15.));
#6017=CARTESIAN_POINT('',(9.98515388258438,1.18,-14.99));
#6018=CARTESIAN_POINT('',(9.98515388258438,0.02,-14.99));
#6019=CARTESIAN_POINT('Origin',(10.31,1.18,-15.));
#6020=CARTESIAN_POINT('Origin',(0.,1.2,-15.));
#6021=CARTESIAN_POINT('',(8.64,4.33680868994202E-16,-15.));
#6022=CARTESIAN_POINT('',(8.17,4.33680868994202E-16,-15.));
#6023=CARTESIAN_POINT('Origin',(9.04,-0.4,-15.));
#6024=CARTESIAN_POINT('',(9.36484611741562,0.02,-14.99));
#6025=CARTESIAN_POINT('',(9.36484611741562,1.18,-14.99));
#6026=CARTESIAN_POINT('',(9.36484611741562,0.02,-14.99));
#6027=CARTESIAN_POINT('',(8.71515388258439,0.02,-14.99));
#6028=CARTESIAN_POINT('Origin',(9.04,0.02,-15.));
#6029=CARTESIAN_POINT('',(8.71515388258439,1.18,-14.99));
#6030=CARTESIAN_POINT('',(8.71515388258439,0.02,-14.99));
#6031=CARTESIAN_POINT('Origin',(9.04,1.18,-15.));
#6032=CARTESIAN_POINT('Origin',(0.,1.2,-15.));
#6033=CARTESIAN_POINT('',(7.37,4.33680868994202E-16,-15.));
#6034=CARTESIAN_POINT('',(6.9,4.33680868994202E-16,-15.));
#6035=CARTESIAN_POINT('Origin',(7.77,-0.4,-15.));
#6036=CARTESIAN_POINT('',(8.09484611741562,0.02,-14.99));
#6037=CARTESIAN_POINT('',(8.09484611741562,1.18,-14.99));
#6038=CARTESIAN_POINT('',(8.09484611741562,0.02,-14.99));
#6039=CARTESIAN_POINT('',(7.44515388258439,0.02,-14.99));
#6040=CARTESIAN_POINT('Origin',(7.77,0.02,-15.));
#6041=CARTESIAN_POINT('',(7.44515388258439,1.18,-14.99));
#6042=CARTESIAN_POINT('',(7.44515388258439,0.02,-14.99));
#6043=CARTESIAN_POINT('Origin',(7.77,1.18,-15.));
#6044=CARTESIAN_POINT('Origin',(0.,1.2,-15.));
#6045=CARTESIAN_POINT('',(6.1,4.33680868994202E-16,-15.));
#6046=CARTESIAN_POINT('',(5.63,4.33680868994202E-16,-15.));
#6047=CARTESIAN_POINT('Origin',(6.5,-0.4,-15.));
#6048=CARTESIAN_POINT('',(6.82484611741562,0.02,-14.99));
#6049=CARTESIAN_POINT('',(6.82484611741562,1.18,-14.99));
#6050=CARTESIAN_POINT('',(6.82484611741562,0.02,-14.99));
#6051=CARTESIAN_POINT('',(6.17515388258439,0.02,-14.99));
#6052=CARTESIAN_POINT('Origin',(6.5,0.02,-15.));
#6053=CARTESIAN_POINT('',(6.17515388258439,1.18,-14.99));
#6054=CARTESIAN_POINT('',(6.17515388258439,0.02,-14.99));
#6055=CARTESIAN_POINT('Origin',(6.5,1.18,-15.));
#6056=CARTESIAN_POINT('Origin',(0.,1.2,-15.));
#6057=CARTESIAN_POINT('',(4.83,4.33680868994202E-16,-15.));
#6058=CARTESIAN_POINT('',(4.36,4.33680868994202E-16,-15.));
#6059=CARTESIAN_POINT('Origin',(5.23,-0.4,-15.));
#6060=CARTESIAN_POINT('',(5.55484611741562,0.02,-14.99));
#6061=CARTESIAN_POINT('',(5.55484611741562,1.18,-14.99));
#6062=CARTESIAN_POINT('',(5.55484611741562,0.02,-14.99));
#6063=CARTESIAN_POINT('',(4.90515388258438,0.02,-14.99));
#6064=CARTESIAN_POINT('Origin',(5.23,0.02,-15.));
#6065=CARTESIAN_POINT('',(4.90515388258438,1.18,-14.99));
#6066=CARTESIAN_POINT('',(4.90515388258438,0.02,-14.99));
#6067=CARTESIAN_POINT('Origin',(5.23,1.18,-15.));
#6068=CARTESIAN_POINT('Origin',(0.,1.2,-15.));
#6069=CARTESIAN_POINT('',(3.56,4.33680868994202E-16,-15.));
#6070=CARTESIAN_POINT('',(3.09,4.33680868994202E-16,-15.));
#6071=CARTESIAN_POINT('Origin',(3.96,-0.4,-15.));
#6072=CARTESIAN_POINT('',(4.28484611741562,0.02,-14.99));
#6073=CARTESIAN_POINT('',(4.28484611741562,1.18,-14.99));
#6074=CARTESIAN_POINT('',(4.28484611741562,0.02,-14.99));
#6075=CARTESIAN_POINT('',(3.63515388258438,0.02,-14.99));
#6076=CARTESIAN_POINT('Origin',(3.96,0.02,-15.));
#6077=CARTESIAN_POINT('',(3.63515388258438,1.18,-14.99));
#6078=CARTESIAN_POINT('',(3.63515388258438,0.02,-14.99));
#6079=CARTESIAN_POINT('Origin',(3.96,1.18,-15.));
#6080=CARTESIAN_POINT('Origin',(11.58,-0.4,0.));
#6081=CARTESIAN_POINT('',(11.2551538825844,1.18,-0.01));
#6082=CARTESIAN_POINT('',(11.9048461174156,1.18,-0.01));
#6083=CARTESIAN_POINT('Origin',(11.58,1.18,0.));
#6084=CARTESIAN_POINT('',(11.2551538825844,0.02,-0.01));
#6085=CARTESIAN_POINT('',(11.2551538825844,0.02,-0.01));
#6086=CARTESIAN_POINT('',(11.9048461174156,0.02,-0.01));
#6087=CARTESIAN_POINT('Origin',(11.58,0.02,0.));
#6088=CARTESIAN_POINT('',(11.9048461174156,0.02,-0.01));
#6089=CARTESIAN_POINT('Origin',(10.31,-0.4,0.));
#6090=CARTESIAN_POINT('',(9.98515388258438,1.18,-0.01));
#6091=CARTESIAN_POINT('',(10.6348461174156,1.18,-0.01));
#6092=CARTESIAN_POINT('Origin',(10.31,1.18,0.));
#6093=CARTESIAN_POINT('',(9.98515388258438,0.02,-0.01));
#6094=CARTESIAN_POINT('',(9.98515388258438,0.02,-0.01));
#6095=CARTESIAN_POINT('',(10.6348461174156,0.02,-0.01));
#6096=CARTESIAN_POINT('Origin',(10.31,0.02,0.));
#6097=CARTESIAN_POINT('',(10.6348461174156,0.02,-0.01));
#6098=CARTESIAN_POINT('Origin',(9.04,-0.4,0.));
#6099=CARTESIAN_POINT('',(8.71515388258439,1.18,-0.01));
#6100=CARTESIAN_POINT('',(9.36484611741562,1.18,-0.01));
#6101=CARTESIAN_POINT('Origin',(9.04,1.18,0.));
#6102=CARTESIAN_POINT('',(8.71515388258439,0.02,-0.01));
#6103=CARTESIAN_POINT('',(8.71515388258439,0.02,-0.01));
#6104=CARTESIAN_POINT('',(9.36484611741562,0.02,-0.01));
#6105=CARTESIAN_POINT('Origin',(9.04,0.02,0.));
#6106=CARTESIAN_POINT('',(9.36484611741562,0.02,-0.01));
#6107=CARTESIAN_POINT('Origin',(7.77,-0.4,0.));
#6108=CARTESIAN_POINT('',(7.44515388258439,1.18,-0.01));
#6109=CARTESIAN_POINT('',(8.09484611741562,1.18,-0.01));
#6110=CARTESIAN_POINT('Origin',(7.77,1.18,0.));
#6111=CARTESIAN_POINT('',(7.44515388258439,0.02,-0.01));
#6112=CARTESIAN_POINT('',(7.44515388258439,0.02,-0.01));
#6113=CARTESIAN_POINT('',(8.09484611741562,0.02,-0.01));
#6114=CARTESIAN_POINT('Origin',(7.77,0.02,0.));
#6115=CARTESIAN_POINT('',(8.09484611741562,0.02,-0.01));
#6116=CARTESIAN_POINT('Origin',(6.5,-0.4,0.));
#6117=CARTESIAN_POINT('',(6.17515388258439,1.18,-0.01));
#6118=CARTESIAN_POINT('',(6.82484611741562,1.18,-0.01));
#6119=CARTESIAN_POINT('Origin',(6.5,1.18,0.));
#6120=CARTESIAN_POINT('',(6.17515388258439,0.02,-0.01));
#6121=CARTESIAN_POINT('',(6.17515388258439,0.02,-0.01));
#6122=CARTESIAN_POINT('',(6.82484611741562,0.02,-0.01));
#6123=CARTESIAN_POINT('Origin',(6.5,0.02,0.));
#6124=CARTESIAN_POINT('',(6.82484611741562,0.02,-0.01));
#6125=CARTESIAN_POINT('Origin',(5.23,-0.4,0.));
#6126=CARTESIAN_POINT('',(4.90515388258438,1.18,-0.01));
#6127=CARTESIAN_POINT('',(5.55484611741562,1.18,-0.01));
#6128=CARTESIAN_POINT('Origin',(5.23,1.18,0.));
#6129=CARTESIAN_POINT('',(4.90515388258438,0.02,-0.01));
#6130=CARTESIAN_POINT('',(4.90515388258438,0.02,-0.01));
#6131=CARTESIAN_POINT('',(5.55484611741562,0.02,-0.01));
#6132=CARTESIAN_POINT('Origin',(5.23,0.02,0.));
#6133=CARTESIAN_POINT('',(5.55484611741562,0.02,-0.01));
#6134=CARTESIAN_POINT('Origin',(3.96,-0.4,0.));
#6135=CARTESIAN_POINT('',(3.63515388258438,1.18,-0.01));
#6136=CARTESIAN_POINT('',(4.28484611741562,1.18,-0.01));
#6137=CARTESIAN_POINT('Origin',(3.96,1.18,0.));
#6138=CARTESIAN_POINT('',(3.63515388258438,0.02,-0.01));
#6139=CARTESIAN_POINT('',(3.63515388258438,0.02,-0.01));
#6140=CARTESIAN_POINT('',(4.28484611741562,0.02,-0.01));
#6141=CARTESIAN_POINT('Origin',(3.96,0.02,0.));
#6142=CARTESIAN_POINT('',(4.28484611741562,0.02,-0.01));
#6143=CARTESIAN_POINT('Origin',(0.,1.2,-15.));
#6144=CARTESIAN_POINT('',(2.29,4.33680868994202E-16,-15.));
#6145=CARTESIAN_POINT('',(0.,1.2,-15.));
#6146=CARTESIAN_POINT('Origin',(2.69,-0.4,-15.));
#6147=CARTESIAN_POINT('',(3.01484611741562,0.02,-14.99));
#6148=CARTESIAN_POINT('',(3.01484611741562,1.18,-14.99));
#6149=CARTESIAN_POINT('',(3.01484611741562,0.02,-14.99));
#6150=CARTESIAN_POINT('',(2.36515388258438,0.02,-14.99));
#6151=CARTESIAN_POINT('Origin',(2.69,0.02,-15.));
#6152=CARTESIAN_POINT('',(2.36515388258438,1.18,-14.99));
#6153=CARTESIAN_POINT('',(2.36515388258438,0.02,-14.99));
#6154=CARTESIAN_POINT('Origin',(2.69,1.18,-15.));
#6155=CARTESIAN_POINT('Origin',(2.69,-0.4,0.));
#6156=CARTESIAN_POINT('',(2.36515388258438,1.18,-0.01));
#6157=CARTESIAN_POINT('',(3.01484611741562,1.18,-0.01));
#6158=CARTESIAN_POINT('Origin',(2.69,1.18,0.));
#6159=CARTESIAN_POINT('',(2.36515388258438,0.02,-0.01));
#6160=CARTESIAN_POINT('',(2.36515388258438,0.02,-0.01));
#6161=CARTESIAN_POINT('',(3.01484611741562,0.02,-0.01));
#6162=CARTESIAN_POINT('Origin',(2.69,0.02,0.));
#6163=CARTESIAN_POINT('',(3.01484611741562,0.02,-0.01));
#6164=CARTESIAN_POINT('Origin',(0.,1.2,0.));
#6165=CARTESIAN_POINT('',(2.29,4.33680868994202E-16,-5.42101086242752E-17));
#6166=CARTESIAN_POINT('',(0.,1.2,0.));
#6167=CARTESIAN_POINT('Origin',(0.,1.2,0.));
#6168=CARTESIAN_POINT('',(3.56,4.33680868994202E-16,-5.42101086242752E-17));
#6169=CARTESIAN_POINT('',(3.09,4.33680868994202E-16,0.));
#6170=CARTESIAN_POINT('Origin',(0.,1.2,0.));
#6171=CARTESIAN_POINT('',(4.36,4.33680868994202E-16,0.));
#6172=CARTESIAN_POINT('',(4.83,4.33680868994202E-16,-5.42101086242752E-17));
#6173=CARTESIAN_POINT('Origin',(0.,1.2,0.));
#6174=CARTESIAN_POINT('',(5.63,4.33680868994202E-16,0.));
#6175=CARTESIAN_POINT('',(6.1,4.33680868994202E-16,-5.42101086242752E-17));
#6176=CARTESIAN_POINT('Origin',(0.,1.2,0.));
#6177=CARTESIAN_POINT('',(6.9,4.33680868994202E-16,0.));
#6178=CARTESIAN_POINT('',(7.37,4.33680868994202E-16,-5.42101086242752E-17));
#6179=CARTESIAN_POINT('Origin',(0.,1.2,0.));
#6180=CARTESIAN_POINT('',(8.17,4.33680868994202E-16,0.));
#6181=CARTESIAN_POINT('',(8.64,4.33680868994202E-16,-5.42101086242752E-17));
#6182=CARTESIAN_POINT('Origin',(0.,1.2,0.));
#6183=CARTESIAN_POINT('',(9.44,4.33680868994202E-16,0.));
#6184=CARTESIAN_POINT('',(9.91,4.33680868994202E-16,-5.42101086242752E-17));
#6185=CARTESIAN_POINT('Origin',(0.,1.2,0.));
#6186=CARTESIAN_POINT('',(10.71,4.33680868994202E-16,0.));
#6187=CARTESIAN_POINT('',(11.18,4.33680868994202E-16,-5.42101086242752E-17));
#6188=CARTESIAN_POINT('Origin',(26.5,1.2,-15.));
#6189=CARTESIAN_POINT('',(26.5,1.2,0.));
#6190=CARTESIAN_POINT('Origin',(0.,1.2,-15.));
#6191=CARTESIAN_POINT('Origin',(0.,1.2,0.));
#6192=CARTESIAN_POINT('',(11.98,4.33680868994202E-16,0.));
#6193=CARTESIAN_POINT('Origin',(0.299999999999998,2.8,-0.999999999999999));
#6194=CARTESIAN_POINT('',(0.299999999999998,2.8,-0.999999999999999));
#6195=CARTESIAN_POINT('',(0.299999999999998,2.8,-0.999999999999999));
#6196=CARTESIAN_POINT('',(0.299999999999998,2.8,-14.));
#6197=CARTESIAN_POINT('',(0.299999999999998,2.8,-14.));
#6198=CARTESIAN_POINT('',(0.299999999999998,2.8,-14.));
#6199=CARTESIAN_POINT('Origin',(0.299999999999998,2.8,-0.999999999999999));
#6200=CARTESIAN_POINT('',(19.5,2.8,-0.999999999999999));
#6201=CARTESIAN_POINT('',(19.5,2.8,-0.999999999999999));
#6202=CARTESIAN_POINT('',(0.299999999999998,2.8,-0.999999999999999));
#6203=CARTESIAN_POINT('Origin',(19.5,2.8,-0.999999999999999));
#6204=CARTESIAN_POINT('',(19.5,2.8,-8.5));
#6205=CARTESIAN_POINT('',(19.5,2.8,-8.5));
#6206=CARTESIAN_POINT('',(19.5,2.8,-0.999999999999999));
#6207=CARTESIAN_POINT('Origin',(15.,2.8,-8.5));
#6208=CARTESIAN_POINT('',(15.,2.8,-8.5));
#6209=CARTESIAN_POINT('',(15.,2.8,-8.5));
#6210=CARTESIAN_POINT('',(19.5,2.8,-8.5));
#6211=CARTESIAN_POINT('Origin',(15.,2.8,-8.5));
#6212=CARTESIAN_POINT('',(15.,2.8,-14.));
#6213=CARTESIAN_POINT('',(15.,2.8,-14.));
#6214=CARTESIAN_POINT('',(15.,2.8,-8.5));
#6215=CARTESIAN_POINT('Origin',(0.299999999999998,2.8,-14.));
#6216=CARTESIAN_POINT('',(15.,2.8,-14.));
#6217=CARTESIAN_POINT('Origin',(0.,2.8,0.));
#6218=CARTESIAN_POINT('Origin',(19.45,1.8,-9.35));
#6219=CARTESIAN_POINT('',(19.45,1.2,-9.3514));
#6220=CARTESIAN_POINT('Origin',(18.25,1.8,-9.95));
#6221=CARTESIAN_POINT('',(18.45,1.2,-9.95));
#6222=CARTESIAN_POINT('',(18.45,1.8,-9.95));
#6223=CARTESIAN_POINT('',(18.45,1.2,-9.95));
#6224=CARTESIAN_POINT('',(18.25,1.2,-9.95));
#6225=CARTESIAN_POINT('',(18.45,1.2,-9.95));
#6226=CARTESIAN_POINT('',(18.25,1.8,-9.95));
#6227=CARTESIAN_POINT('',(18.25,1.8,-9.95));
#6228=CARTESIAN_POINT('',(18.45,1.8,-9.95));
#6229=CARTESIAN_POINT('Origin',(18.25,1.8,-9.35));
#6230=CARTESIAN_POINT('',(18.25,1.2,-9.95));
#6231=CARTESIAN_POINT('',(18.25,1.8,-9.35));
#6232=CARTESIAN_POINT('',(18.25,1.8,-9.35));
#6233=CARTESIAN_POINT('',(18.25,1.8,-9.95));
#6234=CARTESIAN_POINT('Origin',(18.25,1.8,-9.35));
#6235=CARTESIAN_POINT('',(18.45,1.8,-9.35));
#6236=CARTESIAN_POINT('',(18.45,1.2,-9.35));
#6237=CARTESIAN_POINT('',(18.25,1.8,-9.35));
#6238=CARTESIAN_POINT('Origin',(0.,1.8,0.));
#6239=CARTESIAN_POINT('',(18.45,1.8,-9.95));
#6240=CARTESIAN_POINT('Origin',(2.29,1.18,-5.42101086242752E-17));
#6241=CARTESIAN_POINT('',(2.29,0.02,-1.));
#6242=CARTESIAN_POINT('',(2.29,0.02,-1.));
#6243=CARTESIAN_POINT('',(2.29,0.02,-0.01));
#6244=CARTESIAN_POINT('',(2.29,0.02,-0.01));
#6245=CARTESIAN_POINT('',(2.29,1.18,-0.01));
#6246=CARTESIAN_POINT('',(2.29,1.18,-0.01));
#6247=CARTESIAN_POINT('',(2.29,1.18,-0.5));
#6248=CARTESIAN_POINT('',(2.29,1.18,-0.5));
#6249=CARTESIAN_POINT('',(2.29,1.18,-0.5));
#6250=CARTESIAN_POINT('Origin',(2.29,1.18,-0.5));
#6251=CARTESIAN_POINT('',(3.09,1.18,-0.5));
#6252=CARTESIAN_POINT('',(3.09,1.18,-0.5));
#6253=CARTESIAN_POINT('',(3.09,1.18,-0.5));
#6254=CARTESIAN_POINT('Origin',(3.09,1.18,0.));
#6255=CARTESIAN_POINT('',(3.09,1.18,-0.01));
#6256=CARTESIAN_POINT('',(3.09,1.18,-0.01));
#6257=CARTESIAN_POINT('',(3.09,0.0200000000000001,-0.01));
#6258=CARTESIAN_POINT('',(3.09,0.0200000000000001,-0.01));
#6259=CARTESIAN_POINT('',(3.09,0.02,-1.));
#6260=CARTESIAN_POINT('',(3.09,0.02,-1.));
#6261=CARTESIAN_POINT('',(3.09,0.02,-1.));
#6262=CARTESIAN_POINT('Origin',(2.69,1.18,0.));
#6263=CARTESIAN_POINT('',(3.09,1.18,-0.01));
#6264=CARTESIAN_POINT('',(2.36515388258438,1.18,-0.01));
#6265=CARTESIAN_POINT('Origin',(2.29,0.02,-1.));
#6266=CARTESIAN_POINT('',(2.29,0.02,-1.));
#6267=CARTESIAN_POINT('Origin',(2.69,0.02,0.));
#6268=CARTESIAN_POINT('',(2.29,0.02,-0.01));
#6269=CARTESIAN_POINT('',(3.01484611741562,0.02,-0.01));
#6270=CARTESIAN_POINT('Origin',(0.,0.,-0.01));
#6271=CARTESIAN_POINT('Origin',(0.,0.,-0.01));
#6272=CARTESIAN_POINT('Origin',(3.09,1.18,-15.));
#6273=CARTESIAN_POINT('',(3.09,1.18,-14.5));
#6274=CARTESIAN_POINT('',(3.09,1.18,-14.5));
#6275=CARTESIAN_POINT('',(3.09,0.02,-14.));
#6276=CARTESIAN_POINT('',(3.09,0.02,-14.));
#6277=CARTESIAN_POINT('',(3.09,0.02,-14.99));
#6278=CARTESIAN_POINT('',(3.09,0.02,-14.));
#6279=CARTESIAN_POINT('',(3.09,1.18,-14.99));
#6280=CARTESIAN_POINT('',(3.09,0.0200000000000001,-14.99));
#6281=CARTESIAN_POINT('',(3.09,1.18,-14.99));
#6282=CARTESIAN_POINT('Origin',(2.29,1.18,-14.5));
#6283=CARTESIAN_POINT('',(2.29,1.18,-14.5));
#6284=CARTESIAN_POINT('',(3.09,1.18,-14.5));
#6285=CARTESIAN_POINT('',(2.29,1.18,-14.5));
#6286=CARTESIAN_POINT('Origin',(2.29,1.18,-15.));
#6287=CARTESIAN_POINT('',(2.29,1.18,-14.99));
#6288=CARTESIAN_POINT('',(2.29,1.18,-14.5));
#6289=CARTESIAN_POINT('',(2.29,0.0200000000000001,-14.99));
#6290=CARTESIAN_POINT('',(2.29,1.18,-14.99));
#6291=CARTESIAN_POINT('',(2.29,0.02,-14.));
#6292=CARTESIAN_POINT('',(2.29,0.02,-14.99));
#6293=CARTESIAN_POINT('',(2.29,0.02,-14.));
#6294=CARTESIAN_POINT('Origin',(2.69,1.18,-15.));
#6295=CARTESIAN_POINT('',(2.29,1.18,-14.99));
#6296=CARTESIAN_POINT('',(3.01484611741562,1.18,-14.99));
#6297=CARTESIAN_POINT('Origin',(2.29,0.02,-14.));
#6298=CARTESIAN_POINT('',(2.29,0.02,-14.));
#6299=CARTESIAN_POINT('Origin',(2.69,0.02,-15.));
#6300=CARTESIAN_POINT('',(3.09,0.02,-14.99));
#6301=CARTESIAN_POINT('',(2.36515388258438,0.02,-14.99));
#6302=CARTESIAN_POINT('Origin',(0.,0.,-14.99));
#6303=CARTESIAN_POINT('Origin',(0.,0.,-14.99));
#6304=CARTESIAN_POINT('Origin',(3.56,1.18,-5.42101086242752E-17));
#6305=CARTESIAN_POINT('',(3.56,0.02,-1.));
#6306=CARTESIAN_POINT('',(3.56,0.02,-1.));
#6307=CARTESIAN_POINT('',(3.56,0.02,-0.01));
#6308=CARTESIAN_POINT('',(3.56,0.02,-0.01));
#6309=CARTESIAN_POINT('',(3.56,1.18,-0.01));
#6310=CARTESIAN_POINT('',(3.56,1.18,-0.01));
#6311=CARTESIAN_POINT('',(3.56,1.18,-0.5));
#6312=CARTESIAN_POINT('',(3.56,1.18,-0.5));
#6313=CARTESIAN_POINT('',(3.56,1.18,-0.5));
#6314=CARTESIAN_POINT('Origin',(3.56,1.18,-0.5));
#6315=CARTESIAN_POINT('',(4.36,1.18,-0.5));
#6316=CARTESIAN_POINT('',(4.36,1.18,-0.5));
#6317=CARTESIAN_POINT('',(4.36,1.18,-0.5));
#6318=CARTESIAN_POINT('Origin',(4.36,1.18,0.));
#6319=CARTESIAN_POINT('',(4.36,1.18,-0.01));
#6320=CARTESIAN_POINT('',(4.36,1.18,-0.01));
#6321=CARTESIAN_POINT('',(4.36,0.0200000000000001,-0.01));
#6322=CARTESIAN_POINT('',(4.36,0.0200000000000001,-0.01));
#6323=CARTESIAN_POINT('',(4.36,0.02,-1.));
#6324=CARTESIAN_POINT('',(4.36,0.02,-1.));
#6325=CARTESIAN_POINT('',(4.36,0.02,-1.));
#6326=CARTESIAN_POINT('Origin',(3.96,1.18,0.));
#6327=CARTESIAN_POINT('',(4.36,1.18,-0.01));
#6328=CARTESIAN_POINT('',(3.63515388258438,1.18,-0.01));
#6329=CARTESIAN_POINT('Origin',(4.83,1.18,-5.42101086242752E-17));
#6330=CARTESIAN_POINT('',(4.83,0.02,-1.));
#6331=CARTESIAN_POINT('',(4.83,0.02,-1.));
#6332=CARTESIAN_POINT('',(4.83,0.02,-0.01));
#6333=CARTESIAN_POINT('',(4.83,0.02,-0.01));
#6334=CARTESIAN_POINT('',(4.83,1.18,-0.01));
#6335=CARTESIAN_POINT('',(4.83,1.18,-0.01));
#6336=CARTESIAN_POINT('',(4.83,1.18,-0.5));
#6337=CARTESIAN_POINT('',(4.83,1.18,-0.5));
#6338=CARTESIAN_POINT('',(4.83,1.18,-0.5));
#6339=CARTESIAN_POINT('Origin',(4.83,1.18,-0.5));
#6340=CARTESIAN_POINT('',(5.63,1.18,-0.5));
#6341=CARTESIAN_POINT('',(5.63,1.18,-0.5));
#6342=CARTESIAN_POINT('',(5.63,1.18,-0.5));
#6343=CARTESIAN_POINT('Origin',(5.63,1.18,0.));
#6344=CARTESIAN_POINT('',(5.63,1.18,-0.01));
#6345=CARTESIAN_POINT('',(5.63,1.18,-0.01));
#6346=CARTESIAN_POINT('',(5.63,0.0200000000000001,-0.01));
#6347=CARTESIAN_POINT('',(5.63,0.0200000000000001,-0.01));
#6348=CARTESIAN_POINT('',(5.63,0.02,-1.));
#6349=CARTESIAN_POINT('',(5.63,0.02,-1.));
#6350=CARTESIAN_POINT('',(5.63,0.02,-1.));
#6351=CARTESIAN_POINT('Origin',(5.23,1.18,0.));
#6352=CARTESIAN_POINT('',(5.63,1.18,-0.01));
#6353=CARTESIAN_POINT('',(4.90515388258438,1.18,-0.01));
#6354=CARTESIAN_POINT('Origin',(6.1,1.18,-5.42101086242752E-17));
#6355=CARTESIAN_POINT('',(6.1,0.02,-1.));
#6356=CARTESIAN_POINT('',(6.1,0.02,-1.));
#6357=CARTESIAN_POINT('',(6.1,0.02,-0.01));
#6358=CARTESIAN_POINT('',(6.1,0.02,-0.01));
#6359=CARTESIAN_POINT('',(6.1,1.18,-0.01));
#6360=CARTESIAN_POINT('',(6.1,1.18,-0.01));
#6361=CARTESIAN_POINT('',(6.1,1.18,-0.5));
#6362=CARTESIAN_POINT('',(6.1,1.18,-0.5));
#6363=CARTESIAN_POINT('',(6.1,1.18,-0.5));
#6364=CARTESIAN_POINT('Origin',(6.1,1.18,-0.5));
#6365=CARTESIAN_POINT('',(6.9,1.18,-0.5));
#6366=CARTESIAN_POINT('',(6.9,1.18,-0.5));
#6367=CARTESIAN_POINT('',(6.9,1.18,-0.5));
#6368=CARTESIAN_POINT('Origin',(6.9,1.18,0.));
#6369=CARTESIAN_POINT('',(6.9,1.18,-0.01));
#6370=CARTESIAN_POINT('',(6.9,1.18,-0.01));
#6371=CARTESIAN_POINT('',(6.9,0.0200000000000001,-0.01));
#6372=CARTESIAN_POINT('',(6.9,0.0200000000000001,-0.01));
#6373=CARTESIAN_POINT('',(6.9,0.02,-1.));
#6374=CARTESIAN_POINT('',(6.9,0.02,-1.));
#6375=CARTESIAN_POINT('',(6.9,0.02,-1.));
#6376=CARTESIAN_POINT('Origin',(6.5,1.18,0.));
#6377=CARTESIAN_POINT('',(6.9,1.18,-0.01));
#6378=CARTESIAN_POINT('',(6.17515388258439,1.18,-0.01));
#6379=CARTESIAN_POINT('Origin',(7.37,1.18,-5.42101086242752E-17));
#6380=CARTESIAN_POINT('',(7.37,0.02,-1.));
#6381=CARTESIAN_POINT('',(7.37,0.02,-1.));
#6382=CARTESIAN_POINT('',(7.37,0.02,-0.01));
#6383=CARTESIAN_POINT('',(7.37,0.02,-0.01));
#6384=CARTESIAN_POINT('',(7.37,1.18,-0.01));
#6385=CARTESIAN_POINT('',(7.37,1.18,-0.01));
#6386=CARTESIAN_POINT('',(7.37,1.18,-0.5));
#6387=CARTESIAN_POINT('',(7.37,1.18,-0.5));
#6388=CARTESIAN_POINT('',(7.37,1.18,-0.5));
#6389=CARTESIAN_POINT('Origin',(7.37,1.18,-0.5));
#6390=CARTESIAN_POINT('',(8.17,1.18,-0.5));
#6391=CARTESIAN_POINT('',(8.17,1.18,-0.5));
#6392=CARTESIAN_POINT('',(8.17,1.18,-0.5));
#6393=CARTESIAN_POINT('Origin',(8.17,1.18,0.));
#6394=CARTESIAN_POINT('',(8.17,1.18,-0.01));
#6395=CARTESIAN_POINT('',(8.17,1.18,-0.01));
#6396=CARTESIAN_POINT('',(8.17,0.0200000000000001,-0.01));
#6397=CARTESIAN_POINT('',(8.17,0.0200000000000001,-0.01));
#6398=CARTESIAN_POINT('',(8.17,0.02,-1.));
#6399=CARTESIAN_POINT('',(8.17,0.02,-1.));
#6400=CARTESIAN_POINT('',(8.17,0.02,-1.));
#6401=CARTESIAN_POINT('Origin',(7.77,1.18,0.));
#6402=CARTESIAN_POINT('',(8.17,1.18,-0.01));
#6403=CARTESIAN_POINT('',(7.44515388258439,1.18,-0.01));
#6404=CARTESIAN_POINT('Origin',(8.64,1.18,-5.42101086242752E-17));
#6405=CARTESIAN_POINT('',(8.64,0.02,-1.));
#6406=CARTESIAN_POINT('',(8.64,0.02,-1.));
#6407=CARTESIAN_POINT('',(8.64,0.02,-0.01));
#6408=CARTESIAN_POINT('',(8.64,0.02,-0.01));
#6409=CARTESIAN_POINT('',(8.64,1.18,-0.01));
#6410=CARTESIAN_POINT('',(8.64,1.18,-0.01));
#6411=CARTESIAN_POINT('',(8.64,1.18,-0.5));
#6412=CARTESIAN_POINT('',(8.64,1.18,-0.5));
#6413=CARTESIAN_POINT('',(8.64,1.18,-0.5));
#6414=CARTESIAN_POINT('Origin',(8.64,1.18,-0.5));
#6415=CARTESIAN_POINT('',(9.44,1.18,-0.5));
#6416=CARTESIAN_POINT('',(9.44,1.18,-0.5));
#6417=CARTESIAN_POINT('',(9.44,1.18,-0.5));
#6418=CARTESIAN_POINT('Origin',(9.44,1.18,0.));
#6419=CARTESIAN_POINT('',(9.44,1.18,-0.01));
#6420=CARTESIAN_POINT('',(9.44,1.18,-0.01));
#6421=CARTESIAN_POINT('',(9.44,0.0200000000000001,-0.01));
#6422=CARTESIAN_POINT('',(9.44,0.0200000000000001,-0.01));
#6423=CARTESIAN_POINT('',(9.44,0.02,-1.));
#6424=CARTESIAN_POINT('',(9.44,0.02,-1.));
#6425=CARTESIAN_POINT('',(9.44,0.02,-1.));
#6426=CARTESIAN_POINT('Origin',(9.04,1.18,0.));
#6427=CARTESIAN_POINT('',(9.44,1.18,-0.01));
#6428=CARTESIAN_POINT('',(8.71515388258439,1.18,-0.01));
#6429=CARTESIAN_POINT('Origin',(9.91,1.18,-5.42101086242752E-17));
#6430=CARTESIAN_POINT('',(9.91,0.02,-1.));
#6431=CARTESIAN_POINT('',(9.91,0.02,-1.));
#6432=CARTESIAN_POINT('',(9.91,0.02,-0.01));
#6433=CARTESIAN_POINT('',(9.91,0.02,-0.01));
#6434=CARTESIAN_POINT('',(9.91,1.18,-0.01));
#6435=CARTESIAN_POINT('',(9.91,1.18,-0.01));
#6436=CARTESIAN_POINT('',(9.91,1.18,-0.5));
#6437=CARTESIAN_POINT('',(9.91,1.18,-0.5));
#6438=CARTESIAN_POINT('',(9.91,1.18,-0.5));
#6439=CARTESIAN_POINT('Origin',(9.91,1.18,-0.5));
#6440=CARTESIAN_POINT('',(10.71,1.18,-0.5));
#6441=CARTESIAN_POINT('',(10.71,1.18,-0.5));
#6442=CARTESIAN_POINT('',(10.71,1.18,-0.5));
#6443=CARTESIAN_POINT('Origin',(10.71,1.18,0.));
#6444=CARTESIAN_POINT('',(10.71,1.18,-0.01));
#6445=CARTESIAN_POINT('',(10.71,1.18,-0.01));
#6446=CARTESIAN_POINT('',(10.71,0.0200000000000001,-0.01));
#6447=CARTESIAN_POINT('',(10.71,0.0200000000000001,-0.01));
#6448=CARTESIAN_POINT('',(10.71,0.02,-1.));
#6449=CARTESIAN_POINT('',(10.71,0.02,-1.));
#6450=CARTESIAN_POINT('',(10.71,0.02,-1.));
#6451=CARTESIAN_POINT('Origin',(10.31,1.18,0.));
#6452=CARTESIAN_POINT('',(10.71,1.18,-0.01));
#6453=CARTESIAN_POINT('',(9.98515388258438,1.18,-0.01));
#6454=CARTESIAN_POINT('Origin',(11.18,1.18,-5.42101086242752E-17));
#6455=CARTESIAN_POINT('',(11.18,0.02,-1.));
#6456=CARTESIAN_POINT('',(11.18,0.02,-1.));
#6457=CARTESIAN_POINT('',(11.18,0.02,-0.01));
#6458=CARTESIAN_POINT('',(11.18,0.02,-0.01));
#6459=CARTESIAN_POINT('',(11.18,1.18,-0.01));
#6460=CARTESIAN_POINT('',(11.18,1.18,-0.01));
#6461=CARTESIAN_POINT('',(11.18,1.18,-0.5));
#6462=CARTESIAN_POINT('',(11.18,1.18,-0.5));
#6463=CARTESIAN_POINT('',(11.18,1.18,-0.5));
#6464=CARTESIAN_POINT('Origin',(11.18,1.18,-0.5));
#6465=CARTESIAN_POINT('',(11.98,1.18,-0.5));
#6466=CARTESIAN_POINT('',(11.98,1.18,-0.5));
#6467=CARTESIAN_POINT('',(11.98,1.18,-0.5));
#6468=CARTESIAN_POINT('Origin',(11.98,1.18,0.));
#6469=CARTESIAN_POINT('',(11.98,1.18,-0.01));
#6470=CARTESIAN_POINT('',(11.98,1.18,-0.01));
#6471=CARTESIAN_POINT('',(11.98,0.0200000000000001,-0.01));
#6472=CARTESIAN_POINT('',(11.98,0.0200000000000001,-0.01));
#6473=CARTESIAN_POINT('',(11.98,0.02,-1.));
#6474=CARTESIAN_POINT('',(11.98,0.02,-1.));
#6475=CARTESIAN_POINT('',(11.98,0.02,-1.));
#6476=CARTESIAN_POINT('Origin',(11.58,1.18,0.));
#6477=CARTESIAN_POINT('',(11.98,1.18,-0.01));
#6478=CARTESIAN_POINT('',(11.2551538825844,1.18,-0.01));
#6479=CARTESIAN_POINT('Origin',(11.18,0.02,-1.));
#6480=CARTESIAN_POINT('',(11.18,0.02,-1.));
#6481=CARTESIAN_POINT('Origin',(11.58,0.02,0.));
#6482=CARTESIAN_POINT('',(11.18,0.02,-0.01));
#6483=CARTESIAN_POINT('',(11.9048461174156,0.02,-0.01));
#6484=CARTESIAN_POINT('Origin',(9.91,0.02,-1.));
#6485=CARTESIAN_POINT('',(9.91,0.02,-1.));
#6486=CARTESIAN_POINT('Origin',(10.31,0.02,0.));
#6487=CARTESIAN_POINT('',(9.91,0.02,-0.01));
#6488=CARTESIAN_POINT('',(10.6348461174156,0.02,-0.01));
#6489=CARTESIAN_POINT('Origin',(8.64,0.02,-1.));
#6490=CARTESIAN_POINT('',(8.64,0.02,-1.));
#6491=CARTESIAN_POINT('Origin',(9.04,0.02,0.));
#6492=CARTESIAN_POINT('',(8.64,0.02,-0.01));
#6493=CARTESIAN_POINT('',(9.36484611741562,0.02,-0.01));
#6494=CARTESIAN_POINT('Origin',(7.37,0.02,-1.));
#6495=CARTESIAN_POINT('',(7.37,0.02,-1.));
#6496=CARTESIAN_POINT('Origin',(7.77,0.02,0.));
#6497=CARTESIAN_POINT('',(7.37,0.02,-0.01));
#6498=CARTESIAN_POINT('',(8.09484611741562,0.02,-0.01));
#6499=CARTESIAN_POINT('Origin',(6.1,0.02,-1.));
#6500=CARTESIAN_POINT('',(6.1,0.02,-1.));
#6501=CARTESIAN_POINT('Origin',(6.5,0.02,0.));
#6502=CARTESIAN_POINT('',(6.1,0.02,-0.01));
#6503=CARTESIAN_POINT('',(6.82484611741562,0.02,-0.01));
#6504=CARTESIAN_POINT('Origin',(4.83,0.02,-1.));
#6505=CARTESIAN_POINT('',(4.83,0.02,-1.));
#6506=CARTESIAN_POINT('Origin',(5.23,0.02,0.));
#6507=CARTESIAN_POINT('',(4.83,0.02,-0.01));
#6508=CARTESIAN_POINT('',(5.55484611741562,0.02,-0.01));
#6509=CARTESIAN_POINT('Origin',(3.56,0.02,-1.));
#6510=CARTESIAN_POINT('',(3.56,0.02,-1.));
#6511=CARTESIAN_POINT('Origin',(3.96,0.02,0.));
#6512=CARTESIAN_POINT('',(3.56,0.02,-0.01));
#6513=CARTESIAN_POINT('',(4.28484611741562,0.02,-0.01));
#6514=CARTESIAN_POINT('Origin',(1.27,0.,-0.01));
#6515=CARTESIAN_POINT('Origin',(1.27,0.,-0.01));
#6516=CARTESIAN_POINT('Origin',(2.54,0.,-0.01));
#6517=CARTESIAN_POINT('Origin',(2.54,0.,-0.01));
#6518=CARTESIAN_POINT('Origin',(3.81,0.,-0.01));
#6519=CARTESIAN_POINT('Origin',(3.81,0.,-0.01));
#6520=CARTESIAN_POINT('Origin',(5.08,0.,-0.01));
#6521=CARTESIAN_POINT('Origin',(5.08,0.,-0.01));
#6522=CARTESIAN_POINT('Origin',(6.35,0.,-0.01));
#6523=CARTESIAN_POINT('Origin',(6.35,0.,-0.01));
#6524=CARTESIAN_POINT('Origin',(7.62,0.,-0.01));
#6525=CARTESIAN_POINT('Origin',(7.62,0.,-0.01));
#6526=CARTESIAN_POINT('Origin',(8.89,0.,-0.01));
#6527=CARTESIAN_POINT('Origin',(8.89,0.,-0.01));
#6528=CARTESIAN_POINT('Origin',(4.36,1.18,-15.));
#6529=CARTESIAN_POINT('',(4.36,1.18,-14.5));
#6530=CARTESIAN_POINT('',(4.36,1.18,-14.5));
#6531=CARTESIAN_POINT('',(4.36,0.02,-14.));
#6532=CARTESIAN_POINT('',(4.36,0.02,-14.));
#6533=CARTESIAN_POINT('',(4.36,0.02,-14.99));
#6534=CARTESIAN_POINT('',(4.36,0.02,-14.));
#6535=CARTESIAN_POINT('',(4.36,1.18,-14.99));
#6536=CARTESIAN_POINT('',(4.36,0.0200000000000001,-14.99));
#6537=CARTESIAN_POINT('',(4.36,1.18,-14.99));
#6538=CARTESIAN_POINT('Origin',(3.56,1.18,-14.5));
#6539=CARTESIAN_POINT('',(3.56,1.18,-14.5));
#6540=CARTESIAN_POINT('',(4.36,1.18,-14.5));
#6541=CARTESIAN_POINT('',(3.56,1.18,-14.5));
#6542=CARTESIAN_POINT('Origin',(3.56,1.18,-15.));
#6543=CARTESIAN_POINT('',(3.56,1.18,-14.99));
#6544=CARTESIAN_POINT('',(3.56,1.18,-14.5));
#6545=CARTESIAN_POINT('',(3.56,0.0200000000000001,-14.99));
#6546=CARTESIAN_POINT('',(3.56,1.18,-14.99));
#6547=CARTESIAN_POINT('',(3.56,0.02,-14.));
#6548=CARTESIAN_POINT('',(3.56,0.02,-14.99));
#6549=CARTESIAN_POINT('',(3.56,0.02,-14.));
#6550=CARTESIAN_POINT('Origin',(3.96,1.18,-15.));
#6551=CARTESIAN_POINT('',(3.56,1.18,-14.99));
#6552=CARTESIAN_POINT('',(4.28484611741562,1.18,-14.99));
#6553=CARTESIAN_POINT('Origin',(3.56,0.02,-14.));
#6554=CARTESIAN_POINT('',(3.56,0.02,-14.));
#6555=CARTESIAN_POINT('Origin',(3.96,0.02,-15.));
#6556=CARTESIAN_POINT('',(4.36,0.02,-14.99));
#6557=CARTESIAN_POINT('',(3.63515388258438,0.02,-14.99));
#6558=CARTESIAN_POINT('Origin',(1.27,0.,-14.99));
#6559=CARTESIAN_POINT('Origin',(1.27,0.,-14.99));
#6560=CARTESIAN_POINT('Origin',(5.63,1.18,-15.));
#6561=CARTESIAN_POINT('',(5.63,1.18,-14.5));
#6562=CARTESIAN_POINT('',(5.63,1.18,-14.5));
#6563=CARTESIAN_POINT('',(5.63,0.02,-14.));
#6564=CARTESIAN_POINT('',(5.63,0.02,-14.));
#6565=CARTESIAN_POINT('',(5.63,0.02,-14.99));
#6566=CARTESIAN_POINT('',(5.63,0.02,-14.));
#6567=CARTESIAN_POINT('',(5.63,1.18,-14.99));
#6568=CARTESIAN_POINT('',(5.63,0.0200000000000001,-14.99));
#6569=CARTESIAN_POINT('',(5.63,1.18,-14.99));
#6570=CARTESIAN_POINT('Origin',(4.83,1.18,-14.5));
#6571=CARTESIAN_POINT('',(4.83,1.18,-14.5));
#6572=CARTESIAN_POINT('',(5.63,1.18,-14.5));
#6573=CARTESIAN_POINT('',(4.83,1.18,-14.5));
#6574=CARTESIAN_POINT('Origin',(4.83,1.18,-15.));
#6575=CARTESIAN_POINT('',(4.83,1.18,-14.99));
#6576=CARTESIAN_POINT('',(4.83,1.18,-14.5));
#6577=CARTESIAN_POINT('',(4.83,0.0200000000000001,-14.99));
#6578=CARTESIAN_POINT('',(4.83,1.18,-14.99));
#6579=CARTESIAN_POINT('',(4.83,0.02,-14.));
#6580=CARTESIAN_POINT('',(4.83,0.02,-14.99));
#6581=CARTESIAN_POINT('',(4.83,0.02,-14.));
#6582=CARTESIAN_POINT('Origin',(5.23,1.18,-15.));
#6583=CARTESIAN_POINT('',(4.83,1.18,-14.99));
#6584=CARTESIAN_POINT('',(5.55484611741562,1.18,-14.99));
#6585=CARTESIAN_POINT('Origin',(4.83,0.02,-14.));
#6586=CARTESIAN_POINT('',(4.83,0.02,-14.));
#6587=CARTESIAN_POINT('Origin',(5.23,0.02,-15.));
#6588=CARTESIAN_POINT('',(5.63,0.02,-14.99));
#6589=CARTESIAN_POINT('',(4.90515388258438,0.02,-14.99));
#6590=CARTESIAN_POINT('Origin',(2.54,0.,-14.99));
#6591=CARTESIAN_POINT('Origin',(2.54,0.,-14.99));
#6592=CARTESIAN_POINT('Origin',(6.9,1.18,-15.));
#6593=CARTESIAN_POINT('',(6.9,1.18,-14.5));
#6594=CARTESIAN_POINT('',(6.9,1.18,-14.5));
#6595=CARTESIAN_POINT('',(6.9,0.02,-14.));
#6596=CARTESIAN_POINT('',(6.9,0.02,-14.));
#6597=CARTESIAN_POINT('',(6.9,0.02,-14.99));
#6598=CARTESIAN_POINT('',(6.9,0.02,-14.));
#6599=CARTESIAN_POINT('',(6.9,1.18,-14.99));
#6600=CARTESIAN_POINT('',(6.9,0.0200000000000001,-14.99));
#6601=CARTESIAN_POINT('',(6.9,1.18,-14.99));
#6602=CARTESIAN_POINT('Origin',(6.1,1.18,-14.5));
#6603=CARTESIAN_POINT('',(6.1,1.18,-14.5));
#6604=CARTESIAN_POINT('',(6.9,1.18,-14.5));
#6605=CARTESIAN_POINT('',(6.1,1.18,-14.5));
#6606=CARTESIAN_POINT('Origin',(6.1,1.18,-15.));
#6607=CARTESIAN_POINT('',(6.1,1.18,-14.99));
#6608=CARTESIAN_POINT('',(6.1,1.18,-14.5));
#6609=CARTESIAN_POINT('',(6.1,0.0200000000000001,-14.99));
#6610=CARTESIAN_POINT('',(6.1,1.18,-14.99));
#6611=CARTESIAN_POINT('',(6.1,0.02,-14.));
#6612=CARTESIAN_POINT('',(6.1,0.02,-14.99));
#6613=CARTESIAN_POINT('',(6.1,0.02,-14.));
#6614=CARTESIAN_POINT('Origin',(6.5,1.18,-15.));
#6615=CARTESIAN_POINT('',(6.1,1.18,-14.99));
#6616=CARTESIAN_POINT('',(6.82484611741562,1.18,-14.99));
#6617=CARTESIAN_POINT('Origin',(6.1,0.02,-14.));
#6618=CARTESIAN_POINT('',(6.1,0.02,-14.));
#6619=CARTESIAN_POINT('Origin',(6.5,0.02,-15.));
#6620=CARTESIAN_POINT('',(6.9,0.02,-14.99));
#6621=CARTESIAN_POINT('',(6.17515388258439,0.02,-14.99));
#6622=CARTESIAN_POINT('Origin',(3.81,0.,-14.99));
#6623=CARTESIAN_POINT('Origin',(3.81,0.,-14.99));
#6624=CARTESIAN_POINT('Origin',(8.17,1.18,-15.));
#6625=CARTESIAN_POINT('',(8.17,1.18,-14.5));
#6626=CARTESIAN_POINT('',(8.17,1.18,-14.5));
#6627=CARTESIAN_POINT('',(8.17,0.02,-14.));
#6628=CARTESIAN_POINT('',(8.17,0.02,-14.));
#6629=CARTESIAN_POINT('',(8.17,0.02,-14.99));
#6630=CARTESIAN_POINT('',(8.17,0.02,-14.));
#6631=CARTESIAN_POINT('',(8.17,1.18,-14.99));
#6632=CARTESIAN_POINT('',(8.17,0.0200000000000001,-14.99));
#6633=CARTESIAN_POINT('',(8.17,1.18,-14.99));
#6634=CARTESIAN_POINT('Origin',(7.37,1.18,-14.5));
#6635=CARTESIAN_POINT('',(7.37,1.18,-14.5));
#6636=CARTESIAN_POINT('',(8.17,1.18,-14.5));
#6637=CARTESIAN_POINT('',(7.37,1.18,-14.5));
#6638=CARTESIAN_POINT('Origin',(7.37,1.18,-15.));
#6639=CARTESIAN_POINT('',(7.37,1.18,-14.99));
#6640=CARTESIAN_POINT('',(7.37,1.18,-14.5));
#6641=CARTESIAN_POINT('',(7.37,0.0200000000000001,-14.99));
#6642=CARTESIAN_POINT('',(7.37,1.18,-14.99));
#6643=CARTESIAN_POINT('',(7.37,0.02,-14.));
#6644=CARTESIAN_POINT('',(7.37,0.02,-14.99));
#6645=CARTESIAN_POINT('',(7.37,0.02,-14.));
#6646=CARTESIAN_POINT('Origin',(7.77,1.18,-15.));
#6647=CARTESIAN_POINT('',(7.37,1.18,-14.99));
#6648=CARTESIAN_POINT('',(8.09484611741562,1.18,-14.99));
#6649=CARTESIAN_POINT('Origin',(7.37,0.02,-14.));
#6650=CARTESIAN_POINT('',(7.37,0.02,-14.));
#6651=CARTESIAN_POINT('Origin',(7.77,0.02,-15.));
#6652=CARTESIAN_POINT('',(8.17,0.02,-14.99));
#6653=CARTESIAN_POINT('',(7.44515388258439,0.02,-14.99));
#6654=CARTESIAN_POINT('Origin',(5.08,0.,-14.99));
#6655=CARTESIAN_POINT('Origin',(5.08,0.,-14.99));
#6656=CARTESIAN_POINT('Origin',(9.44,1.18,-15.));
#6657=CARTESIAN_POINT('',(9.44,1.18,-14.5));
#6658=CARTESIAN_POINT('',(9.44,1.18,-14.5));
#6659=CARTESIAN_POINT('',(9.44,0.02,-14.));
#6660=CARTESIAN_POINT('',(9.44,0.02,-14.));
#6661=CARTESIAN_POINT('',(9.44,0.02,-14.99));
#6662=CARTESIAN_POINT('',(9.44,0.02,-14.));
#6663=CARTESIAN_POINT('',(9.44,1.18,-14.99));
#6664=CARTESIAN_POINT('',(9.44,0.0200000000000001,-14.99));
#6665=CARTESIAN_POINT('',(9.44,1.18,-14.99));
#6666=CARTESIAN_POINT('Origin',(8.64,1.18,-14.5));
#6667=CARTESIAN_POINT('',(8.64,1.18,-14.5));
#6668=CARTESIAN_POINT('',(9.44,1.18,-14.5));
#6669=CARTESIAN_POINT('',(8.64,1.18,-14.5));
#6670=CARTESIAN_POINT('Origin',(8.64,1.18,-15.));
#6671=CARTESIAN_POINT('',(8.64,1.18,-14.99));
#6672=CARTESIAN_POINT('',(8.64,1.18,-14.5));
#6673=CARTESIAN_POINT('',(8.64,0.0200000000000001,-14.99));
#6674=CARTESIAN_POINT('',(8.64,1.18,-14.99));
#6675=CARTESIAN_POINT('',(8.64,0.02,-14.));
#6676=CARTESIAN_POINT('',(8.64,0.02,-14.99));
#6677=CARTESIAN_POINT('',(8.64,0.02,-14.));
#6678=CARTESIAN_POINT('Origin',(9.04,1.18,-15.));
#6679=CARTESIAN_POINT('',(8.64,1.18,-14.99));
#6680=CARTESIAN_POINT('',(9.36484611741562,1.18,-14.99));
#6681=CARTESIAN_POINT('Origin',(8.64,0.02,-14.));
#6682=CARTESIAN_POINT('',(8.64,0.02,-14.));
#6683=CARTESIAN_POINT('Origin',(9.04,0.02,-15.));
#6684=CARTESIAN_POINT('',(9.44,0.02,-14.99));
#6685=CARTESIAN_POINT('',(8.71515388258439,0.02,-14.99));
#6686=CARTESIAN_POINT('Origin',(6.35,0.,-14.99));
#6687=CARTESIAN_POINT('Origin',(6.35,0.,-14.99));
#6688=CARTESIAN_POINT('Origin',(10.71,1.18,-15.));
#6689=CARTESIAN_POINT('',(10.71,1.18,-14.5));
#6690=CARTESIAN_POINT('',(10.71,1.18,-14.5));
#6691=CARTESIAN_POINT('',(10.71,0.02,-14.));
#6692=CARTESIAN_POINT('',(10.71,0.02,-14.));
#6693=CARTESIAN_POINT('',(10.71,0.02,-14.99));
#6694=CARTESIAN_POINT('',(10.71,0.02,-14.));
#6695=CARTESIAN_POINT('',(10.71,1.18,-14.99));
#6696=CARTESIAN_POINT('',(10.71,0.0200000000000001,-14.99));
#6697=CARTESIAN_POINT('',(10.71,1.18,-14.99));
#6698=CARTESIAN_POINT('Origin',(9.91,1.18,-14.5));
#6699=CARTESIAN_POINT('',(9.91,1.18,-14.5));
#6700=CARTESIAN_POINT('',(10.71,1.18,-14.5));
#6701=CARTESIAN_POINT('',(9.91,1.18,-14.5));
#6702=CARTESIAN_POINT('Origin',(9.91,1.18,-15.));
#6703=CARTESIAN_POINT('',(9.91,1.18,-14.99));
#6704=CARTESIAN_POINT('',(9.91,1.18,-14.5));
#6705=CARTESIAN_POINT('',(9.91,0.0200000000000001,-14.99));
#6706=CARTESIAN_POINT('',(9.91,1.18,-14.99));
#6707=CARTESIAN_POINT('',(9.91,0.02,-14.));
#6708=CARTESIAN_POINT('',(9.91,0.02,-14.99));
#6709=CARTESIAN_POINT('',(9.91,0.02,-14.));
#6710=CARTESIAN_POINT('Origin',(10.31,1.18,-15.));
#6711=CARTESIAN_POINT('',(9.91,1.18,-14.99));
#6712=CARTESIAN_POINT('',(10.6348461174156,1.18,-14.99));
#6713=CARTESIAN_POINT('Origin',(9.91,0.02,-14.));
#6714=CARTESIAN_POINT('',(9.91,0.02,-14.));
#6715=CARTESIAN_POINT('Origin',(10.31,0.02,-15.));
#6716=CARTESIAN_POINT('',(10.71,0.02,-14.99));
#6717=CARTESIAN_POINT('',(9.98515388258438,0.02,-14.99));
#6718=CARTESIAN_POINT('Origin',(7.62,0.,-14.99));
#6719=CARTESIAN_POINT('Origin',(7.62,0.,-14.99));
#6720=CARTESIAN_POINT('Origin',(11.98,1.18,-15.));
#6721=CARTESIAN_POINT('',(11.98,1.18,-14.5));
#6722=CARTESIAN_POINT('',(11.98,1.18,-14.5));
#6723=CARTESIAN_POINT('',(11.98,0.02,-14.));
#6724=CARTESIAN_POINT('',(11.98,0.02,-14.));
#6725=CARTESIAN_POINT('',(11.98,0.02,-14.99));
#6726=CARTESIAN_POINT('',(11.98,0.02,-14.));
#6727=CARTESIAN_POINT('',(11.98,1.18,-14.99));
#6728=CARTESIAN_POINT('',(11.98,0.0200000000000001,-14.99));
#6729=CARTESIAN_POINT('',(11.98,1.18,-14.99));
#6730=CARTESIAN_POINT('Origin',(11.18,1.18,-14.5));
#6731=CARTESIAN_POINT('',(11.18,1.18,-14.5));
#6732=CARTESIAN_POINT('',(11.98,1.18,-14.5));
#6733=CARTESIAN_POINT('',(11.18,1.18,-14.5));
#6734=CARTESIAN_POINT('Origin',(11.18,1.18,-15.));
#6735=CARTESIAN_POINT('',(11.18,1.18,-14.99));
#6736=CARTESIAN_POINT('',(11.18,1.18,-14.5));
#6737=CARTESIAN_POINT('',(11.18,0.0200000000000001,-14.99));
#6738=CARTESIAN_POINT('',(11.18,1.18,-14.99));
#6739=CARTESIAN_POINT('',(11.18,0.02,-14.));
#6740=CARTESIAN_POINT('',(11.18,0.02,-14.99));
#6741=CARTESIAN_POINT('',(11.18,0.02,-14.));
#6742=CARTESIAN_POINT('Origin',(11.58,1.18,-15.));
#6743=CARTESIAN_POINT('',(11.18,1.18,-14.99));
#6744=CARTESIAN_POINT('',(11.9048461174156,1.18,-14.99));
#6745=CARTESIAN_POINT('Origin',(11.18,0.02,-14.));
#6746=CARTESIAN_POINT('',(11.18,0.02,-14.));
#6747=CARTESIAN_POINT('Origin',(11.58,0.02,-15.));
#6748=CARTESIAN_POINT('',(11.98,0.02,-14.99));
#6749=CARTESIAN_POINT('',(11.2551538825844,0.02,-14.99));
#6750=CARTESIAN_POINT('Origin',(8.89,0.,-14.99));
#6751=CARTESIAN_POINT('Origin',(8.89,0.,-14.99));
#6752=CARTESIAN_POINT('Origin',(0.,1.2,0.));
#6753=CARTESIAN_POINT('',(18.45,1.2,-9.95));
#6754=CARTESIAN_POINT('',(18.25,1.2,-9.3514));
#6755=CARTESIAN_POINT('Origin',(17.9187,1.19,-9.95140000000001));
#6756=CARTESIAN_POINT('',(17.9187,1.19,-9.3514));
#6757=CARTESIAN_POINT('',(17.9187,1.19,-9.3514));
#6758=CARTESIAN_POINT('',(17.9187,1.19,-9.95140000000001));
#6759=CARTESIAN_POINT('',(17.9187,1.19,-9.95140000000001));
#6760=CARTESIAN_POINT('',(17.9187,1.19,-9.95140000000001));
#6761=CARTESIAN_POINT('Origin',(18.6537,1.19,-9.95140000000001));
#6762=CARTESIAN_POINT('',(18.6537,1.19,-9.95140000000001));
#6763=CARTESIAN_POINT('',(18.6537,1.19,-9.95140000000001));
#6764=CARTESIAN_POINT('',(18.6537,1.19,-9.95140000000001));
#6765=CARTESIAN_POINT('Origin',(18.6537,1.19,-9.3514));
#6766=CARTESIAN_POINT('',(18.6537,1.19,-9.3514));
#6767=CARTESIAN_POINT('',(18.6537,1.19,-9.3514));
#6768=CARTESIAN_POINT('',(18.6537,1.19,-9.3514));
#6769=CARTESIAN_POINT('Origin',(17.9187,1.19,-9.3514));
#6770=CARTESIAN_POINT('',(17.9187,1.19,-9.3514));
#6771=CARTESIAN_POINT('Origin',(0.,1.19,0.));
#6772=CARTESIAN_POINT('Origin',(0.,1.2,0.));
#6773=CARTESIAN_POINT('',(19.25,1.2,-9.3514));
#6774=CARTESIAN_POINT('',(19.25,1.2,-9.95));
#6775=CARTESIAN_POINT('Origin',(19.1274,1.19,-9.95140000000001));
#6776=CARTESIAN_POINT('',(19.1274,1.19,-9.95140000000001));
#6777=CARTESIAN_POINT('',(19.1274,1.19,-9.95140000000001));
#6778=CARTESIAN_POINT('',(19.1274,1.19,-9.3514));
#6779=CARTESIAN_POINT('',(19.1274,1.19,-9.3514));
#6780=CARTESIAN_POINT('',(19.1274,1.19,-9.95140000000001));
#6781=CARTESIAN_POINT('Origin',(19.7274,1.19,-9.95140000000001));
#6782=CARTESIAN_POINT('',(19.7274,1.19,-9.95140000000001));
#6783=CARTESIAN_POINT('',(19.7274,1.19,-9.95140000000001));
#6784=CARTESIAN_POINT('',(19.7274,1.19,-9.95140000000001));
#6785=CARTESIAN_POINT('Origin',(19.7274,1.19,-9.3514));
#6786=CARTESIAN_POINT('',(19.7274,1.19,-9.3514));
#6787=CARTESIAN_POINT('',(19.7274,1.19,-9.3514));
#6788=CARTESIAN_POINT('',(19.7274,1.19,-9.3514));
#6789=CARTESIAN_POINT('Origin',(19.1274,1.19,-9.3514));
#6790=CARTESIAN_POINT('',(19.1274,1.19,-9.3514));
#6791=CARTESIAN_POINT('Origin',(0.,1.19,0.));
#6792=CARTESIAN_POINT('Origin',(16.9801,1.19,-9.95140000000001));
#6793=CARTESIAN_POINT('',(16.9801,1.19,-9.3514));
#6794=CARTESIAN_POINT('',(16.9801,1.19,-9.3514));
#6795=CARTESIAN_POINT('',(16.9801,1.19,-9.95140000000001));
#6796=CARTESIAN_POINT('',(16.9801,1.19,-9.95140000000001));
#6797=CARTESIAN_POINT('',(16.9801,1.19,-9.95140000000001));
#6798=CARTESIAN_POINT('Origin',(17.5801,1.19,-9.95140000000001));
#6799=CARTESIAN_POINT('',(17.5801,1.19,-9.95140000000001));
#6800=CARTESIAN_POINT('',(17.5801,1.19,-9.95140000000001));
#6801=CARTESIAN_POINT('',(17.5801,1.19,-9.95140000000001));
#6802=CARTESIAN_POINT('Origin',(17.5801,1.19,-9.3514));
#6803=CARTESIAN_POINT('',(17.5801,1.19,-9.3514));
#6804=CARTESIAN_POINT('',(17.5801,1.19,-9.3514));
#6805=CARTESIAN_POINT('',(17.5801,1.19,-9.3514));
#6806=CARTESIAN_POINT('Origin',(16.9801,1.19,-9.3514));
#6807=CARTESIAN_POINT('',(16.9801,1.19,-9.3514));
#6808=CARTESIAN_POINT('Origin',(0.,1.19,0.));
#6809=CARTESIAN_POINT('Origin',(19.25,1.77,-9.95));
#6810=CARTESIAN_POINT('',(19.25,1.23,-9.38));
#6811=CARTESIAN_POINT('',(19.25,1.23,-9.38));
#6812=CARTESIAN_POINT('',(19.25,1.23,-9.92));
#6813=CARTESIAN_POINT('',(19.25,1.23,-9.92));
#6814=CARTESIAN_POINT('',(19.25,1.77,-9.92));
#6815=CARTESIAN_POINT('Origin',(18.45,1.77,-9.95));
#6816=CARTESIAN_POINT('',(18.45,1.23,-9.38));
#6817=CARTESIAN_POINT('',(18.45,1.77,-9.38));
#6818=CARTESIAN_POINT('',(18.45,1.23,-9.92));
#6819=CARTESIAN_POINT('',(18.45,1.23,-9.92));
#6820=CARTESIAN_POINT('',(18.45,1.23,-9.38));
#6821=CARTESIAN_POINT('Origin',(0.,-8.15,-9.38000000000003));
#6822=CARTESIAN_POINT('',(18.45,1.23,-9.38));
#6823=CARTESIAN_POINT('Origin',(0.,1.23,-19.3));
#6824=CARTESIAN_POINT('',(18.45,1.23,-9.92));
#6825=CARTESIAN_POINT('Origin',(0.,11.15,-9.9199999999999));
#6826=UNCERTAINTY_MEASURE_WITH_UNIT(LENGTH_MEASURE(0.01),#6830,
'DISTANCE_ACCURACY_VALUE',
'Maximum model space distance between geometric entities at asserted c
onnectivities');
#6827=UNCERTAINTY_MEASURE_WITH_UNIT(LENGTH_MEASURE(0.01),#6830,
'DISTANCE_ACCURACY_VALUE',
'Maximum model space distance between geometric entities at asserted c
onnectivities');
#6828=(
GEOMETRIC_REPRESENTATION_CONTEXT(3)
GLOBAL_UNCERTAINTY_ASSIGNED_CONTEXT((#6826))
GLOBAL_UNIT_ASSIGNED_CONTEXT((#6830,#6832,#6833))
REPRESENTATION_CONTEXT('','3D')
);
#6829=(
GEOMETRIC_REPRESENTATION_CONTEXT(3)
GLOBAL_UNCERTAINTY_ASSIGNED_CONTEXT((#6827))
GLOBAL_UNIT_ASSIGNED_CONTEXT((#6830,#6832,#6833))
REPRESENTATION_CONTEXT('','3D')
);
#6830=(
LENGTH_UNIT()
NAMED_UNIT(*)
SI_UNIT(.MILLI.,.METRE.)
);
#6831=(
LENGTH_UNIT()
NAMED_UNIT(*)
SI_UNIT($,.METRE.)
);
#6832=(
NAMED_UNIT(*)
PLANE_ANGLE_UNIT()
SI_UNIT($,.RADIAN.)
);
#6833=(
NAMED_UNIT(*)
SI_UNIT($,.STERADIAN.)
SOLID_ANGLE_UNIT()
);
#6834=SHAPE_DEFINITION_REPRESENTATION(#6835,#6836);
#6835=PRODUCT_DEFINITION_SHAPE('',$,#6838);
#6836=SHAPE_REPRESENTATION('',(#4370),#6828);
#6837=PRODUCT_DEFINITION_CONTEXT('part definition',#6842,'design');
#6838=PRODUCT_DEFINITION('E28','E28 v1',#6839,#6837);
#6839=PRODUCT_DEFINITION_FORMATION('',$,#6844);
#6840=PRODUCT_RELATED_PRODUCT_CATEGORY('E28 v1','E28 v1',(#6844));
#6841=APPLICATION_PROTOCOL_DEFINITION('international standard',
'ap242_managed_model_based_3d_engineering',2011,#6842);
#6842=APPLICATION_CONTEXT('Managed model based 3d engineering');
#6843=PRODUCT_CONTEXT('part definition',#6842,'mechanical');
#6844=PRODUCT('E28','E28 v1',$,(#6843));
#6845=PRESENTATION_STYLE_ASSIGNMENT((#6853));
#6846=PRESENTATION_STYLE_ASSIGNMENT((#6854));
#6847=PRESENTATION_STYLE_ASSIGNMENT((#6855));
#6848=PRESENTATION_STYLE_ASSIGNMENT((#6856));
#6849=PRESENTATION_STYLE_ASSIGNMENT((#6857));
#6850=PRESENTATION_STYLE_ASSIGNMENT((#6858));
#6851=PRESENTATION_STYLE_ASSIGNMENT((#6859));
#6852=PRESENTATION_STYLE_ASSIGNMENT((#6860));
#6853=SURFACE_STYLE_USAGE(.BOTH.,#6861);
#6854=SURFACE_STYLE_USAGE(.BOTH.,#6862);
#6855=SURFACE_STYLE_USAGE(.BOTH.,#6863);
#6856=SURFACE_STYLE_USAGE(.BOTH.,#6864);
#6857=SURFACE_STYLE_USAGE(.BOTH.,#6865);
#6858=SURFACE_STYLE_USAGE(.BOTH.,#6866);
#6859=SURFACE_STYLE_USAGE(.BOTH.,#6867);
#6860=SURFACE_STYLE_USAGE(.BOTH.,#6868);
#6861=SURFACE_SIDE_STYLE('',(#6869));
#6862=SURFACE_SIDE_STYLE('',(#6870));
#6863=SURFACE_SIDE_STYLE('',(#6871));
#6864=SURFACE_SIDE_STYLE('',(#6872));
#6865=SURFACE_SIDE_STYLE('',(#6873));
#6866=SURFACE_SIDE_STYLE('',(#6874));
#6867=SURFACE_SIDE_STYLE('',(#6875));
#6868=SURFACE_SIDE_STYLE('',(#6876));
#6869=SURFACE_STYLE_FILL_AREA(#6877);
#6870=SURFACE_STYLE_FILL_AREA(#6878);
#6871=SURFACE_STYLE_FILL_AREA(#6879);
#6872=SURFACE_STYLE_FILL_AREA(#6880);
#6873=SURFACE_STYLE_FILL_AREA(#6881);
#6874=SURFACE_STYLE_FILL_AREA(#6882);
#6875=SURFACE_STYLE_FILL_AREA(#6883);
#6876=SURFACE_STYLE_FILL_AREA(#6884);
#6877=FILL_AREA_STYLE('Steel - Satin',(#6885));
#6878=FILL_AREA_STYLE('Opaque(229,234,237)',(#6886));
#6879=FILL_AREA_STYLE('Opaque(26,26,26)',(#6887));
#6880=FILL_AREA_STYLE('Opaque(178,153,68)',(#6888));
#6881=FILL_AREA_STYLE('Opaque(255,206,127)',(#6889));
#6882=FILL_AREA_STYLE('Opaque(120,16,16)',(#6890));
#6883=FILL_AREA_STYLE('Opaque(163,170,173)',(#6891));
#6884=FILL_AREA_STYLE('Opaque(204,206,204)',(#6892));
#6885=FILL_AREA_STYLE_COLOUR('Steel - Satin',#6893);
#6886=FILL_AREA_STYLE_COLOUR('Opaque(229,234,237)',#6894);
#6887=FILL_AREA_STYLE_COLOUR('Opaque(26,26,26)',#6895);
#6888=FILL_AREA_STYLE_COLOUR('Opaque(178,153,68)',#6896);
#6889=FILL_AREA_STYLE_COLOUR('Opaque(255,206,127)',#6897);
#6890=FILL_AREA_STYLE_COLOUR('Opaque(120,16,16)',#6898);
#6891=FILL_AREA_STYLE_COLOUR('Opaque(163,170,173)',#6899);
#6892=FILL_AREA_STYLE_COLOUR('Opaque(204,206,204)',#6900);
#6893=COLOUR_RGB('Steel - Satin',0.627450980392157,0.627450980392157,0.627450980392157);
#6894=COLOUR_RGB('Opaque(229,234,237)',0.898039215686275,0.917647058823529,
0.929411764705882);
#6895=COLOUR_RGB('Opaque(26,26,26)',0.101960784313725,0.101960784313725,
0.101960784313725);
#6896=COLOUR_RGB('Opaque(178,153,68)',0.698039215686274,0.6,0.270588235294118);
#6897=COLOUR_RGB('Opaque(255,206,127)',1.,0.807843137254902,0.498039215686275);
#6898=COLOUR_RGB('Opaque(120,16,16)',0.470588235294118,0.0666666666666667,
0.0666666666666667);
#6899=COLOUR_RGB('Opaque(163,170,173)',0.63921568627451,0.666666666666667,
0.67843137254902);
#6900=COLOUR_RGB('Opaque(204,206,204)',0.8,0.807843137254902,0.8);
ENDSEC;
END-ISO-10303-21;
