ISO-10303-21;
HEADER;
/* Generated by software containing ST-Developer
 * from STEP Tools, Inc. (www.steptools.com) 
 */

FILE_DESCRIPTION(
/* description */ ('',
'CAx-IF Rec.Pracs.---Representation and Presentation of Product Manufa
cturing Information (PMI)---4.0---2014-10-13'),
/* implementation_level */ '2;1');

FILE_NAME(
/* name */ 'E28-2G4M12S v3.step',
/* time_stamp */ '2025-01-19T15:31:33+01:00',
/* author */ (''),
/* organization */ (''),
/* preprocessor_version */ 'ST-DEVELOPER v20',
/* originating_system */ 'Autodesk Translation Framework v13.20.0.188',

/* authorisation */ '');

FILE_SCHEMA (('AP242_MANAGED_MODEL_BASED_3D_ENGINEERING_MIM_LF { 1 0 10303 442 1 1 4 }'));
ENDSEC;

DATA;
#10=MECHANICAL_DESIGN_GEOMETRIC_PRESENTATION_REPRESENTATION('',(#58,#59,
#60,#61,#62,#63,#64,#65,#66,#67,#68,#69,#70,#71,#72,#73,#74,#75,#76,#77,
#78,#79,#80,#81,#82,#83,#84,#85,#86,#87,#88,#89,#90,#91,#92,#93,#94,#95,
#96,#97,#98,#99,#100,#101,#102,#103,#104,#105,#106,#107),#4174);
#11=SHAPE_REPRESENTATION_RELATIONSHIP('SRR','None',#4181,#12);
#12=ADVANCED_BREP_SHAPE_REPRESENTATION('',(#13),#4173);
#13=MANIFOLD_SOLID_BREP('Body1',#2618);
#14=CYLINDRICAL_SURFACE('',#2732,0.325);
#15=CYLINDRICAL_SURFACE('',#2734,0.324999999999998);
#16=CYLINDRICAL_SURFACE('',#2736,0.325);
#17=CYLINDRICAL_SURFACE('',#2738,0.324999999999998);
#18=CYLINDRICAL_SURFACE('',#2740,0.325);
#19=CYLINDRICAL_SURFACE('',#2742,0.324999999999998);
#20=CYLINDRICAL_SURFACE('',#2744,0.325);
#21=CYLINDRICAL_SURFACE('',#2746,0.325);
#22=CYLINDRICAL_SURFACE('',#2748,0.325);
#23=CYLINDRICAL_SURFACE('',#2750,0.325000000000002);
#24=CYLINDRICAL_SURFACE('',#2752,0.324999999999998);
#25=CYLINDRICAL_SURFACE('',#2754,0.325);
#26=CYLINDRICAL_SURFACE('',#2756,0.325000000000002);
#27=CYLINDRICAL_SURFACE('',#2758,0.325);
#28=FACE_BOUND('',#247,.T.);
#29=FACE_BOUND('',#248,.T.);
#30=CIRCLE('',#2636,0.324999999999998);
#31=CIRCLE('',#2641,0.325);
#32=CIRCLE('',#2646,0.325);
#33=CIRCLE('',#2652,0.325000000000002);
#34=CIRCLE('',#2657,0.324999999999998);
#35=CIRCLE('',#2662,0.325);
#36=CIRCLE('',#2667,0.325);
#37=CIRCLE('',#2672,0.324999999999998);
#38=CIRCLE('',#2677,0.325);
#39=CIRCLE('',#2711,0.325);
#40=CIRCLE('',#2716,0.324999999999998);
#41=CIRCLE('',#2721,0.325);
#42=CIRCLE('',#2726,0.325);
#43=CIRCLE('',#2731,0.325000000000002);
#44=CIRCLE('',#2733,0.325);
#45=CIRCLE('',#2735,0.324999999999998);
#46=CIRCLE('',#2737,0.325);
#47=CIRCLE('',#2739,0.324999999999998);
#48=CIRCLE('',#2741,0.325);
#49=CIRCLE('',#2743,0.324999999999998);
#50=CIRCLE('',#2745,0.325);
#51=CIRCLE('',#2747,0.325);
#52=CIRCLE('',#2749,0.325);
#53=CIRCLE('',#2751,0.325000000000002);
#54=CIRCLE('',#2753,0.324999999999998);
#55=CIRCLE('',#2755,0.325);
#56=CIRCLE('',#2757,0.325000000000002);
#57=CIRCLE('',#2759,0.325);
#58=STYLED_ITEM('',(#4192),#2495);
#59=STYLED_ITEM('',(#4192),#2499);
#60=STYLED_ITEM('',(#4192),#2503);
#61=STYLED_ITEM('',(#4193),#2504);
#62=STYLED_ITEM('',(#4192),#2508);
#63=STYLED_ITEM('',(#4192),#2512);
#64=STYLED_ITEM('',(#4192),#2516);
#65=STYLED_ITEM('',(#4192),#2520);
#66=STYLED_ITEM('',(#4192),#2524);
#67=STYLED_ITEM('',(#4192),#2528);
#68=STYLED_ITEM('',(#4192),#2557);
#69=STYLED_ITEM('',(#4192),#2561);
#70=STYLED_ITEM('',(#4192),#2565);
#71=STYLED_ITEM('',(#4192),#2569);
#72=STYLED_ITEM('',(#4192),#2573);
#73=STYLED_ITEM('',(#4192),#2577);
#74=STYLED_ITEM('',(#4192),#2578);
#75=STYLED_ITEM('',(#4192),#2579);
#76=STYLED_ITEM('',(#4192),#2580);
#77=STYLED_ITEM('',(#4192),#2581);
#78=STYLED_ITEM('',(#4192),#2582);
#79=STYLED_ITEM('',(#4192),#2583);
#80=STYLED_ITEM('',(#4192),#2584);
#81=STYLED_ITEM('',(#4192),#2585);
#82=STYLED_ITEM('',(#4192),#2586);
#83=STYLED_ITEM('',(#4192),#2587);
#84=STYLED_ITEM('',(#4192),#2588);
#85=STYLED_ITEM('',(#4192),#2589);
#86=STYLED_ITEM('',(#4192),#2590);
#87=STYLED_ITEM('',(#4192),#2591);
#88=STYLED_ITEM('',(#4193),#2592);
#89=STYLED_ITEM('',(#4193),#2593);
#90=STYLED_ITEM('',(#4193),#2594);
#91=STYLED_ITEM('',(#4193),#2595);
#92=STYLED_ITEM('',(#4193),#2596);
#93=STYLED_ITEM('',(#4193),#2597);
#94=STYLED_ITEM('',(#4193),#2598);
#95=STYLED_ITEM('',(#4193),#2599);
#96=STYLED_ITEM('',(#4193),#2600);
#97=STYLED_ITEM('',(#4193),#2601);
#98=STYLED_ITEM('',(#4193),#2602);
#99=STYLED_ITEM('',(#4193),#2603);
#100=STYLED_ITEM('',(#4193),#2604);
#101=STYLED_ITEM('',(#4193),#2605);
#102=STYLED_ITEM('',(#4193),#2606);
#103=STYLED_ITEM('',(#4193),#2607);
#104=STYLED_ITEM('',(#4193),#2608);
#105=STYLED_ITEM('',(#4193),#2616);
#106=STYLED_ITEM('',(#4193),#2617);
#107=STYLED_ITEM('',(#4191),#13);
#108=FACE_OUTER_BOUND('',#234,.T.);
#109=FACE_OUTER_BOUND('',#235,.T.);
#110=FACE_OUTER_BOUND('',#236,.T.);
#111=FACE_OUTER_BOUND('',#237,.T.);
#112=FACE_OUTER_BOUND('',#238,.T.);
#113=FACE_OUTER_BOUND('',#239,.T.);
#114=FACE_OUTER_BOUND('',#240,.T.);
#115=FACE_OUTER_BOUND('',#241,.T.);
#116=FACE_OUTER_BOUND('',#242,.T.);
#117=FACE_OUTER_BOUND('',#243,.T.);
#118=FACE_OUTER_BOUND('',#244,.T.);
#119=FACE_OUTER_BOUND('',#245,.T.);
#120=FACE_OUTER_BOUND('',#246,.T.);
#121=FACE_OUTER_BOUND('',#249,.T.);
#122=FACE_OUTER_BOUND('',#250,.T.);
#123=FACE_OUTER_BOUND('',#251,.T.);
#124=FACE_OUTER_BOUND('',#252,.T.);
#125=FACE_OUTER_BOUND('',#253,.T.);
#126=FACE_OUTER_BOUND('',#254,.T.);
#127=FACE_OUTER_BOUND('',#255,.T.);
#128=FACE_OUTER_BOUND('',#256,.T.);
#129=FACE_OUTER_BOUND('',#257,.T.);
#130=FACE_OUTER_BOUND('',#258,.T.);
#131=FACE_OUTER_BOUND('',#259,.T.);
#132=FACE_OUTER_BOUND('',#260,.T.);
#133=FACE_OUTER_BOUND('',#261,.T.);
#134=FACE_OUTER_BOUND('',#262,.T.);
#135=FACE_OUTER_BOUND('',#263,.T.);
#136=FACE_OUTER_BOUND('',#264,.T.);
#137=FACE_OUTER_BOUND('',#265,.T.);
#138=FACE_OUTER_BOUND('',#266,.T.);
#139=FACE_OUTER_BOUND('',#267,.T.);
#140=FACE_OUTER_BOUND('',#268,.T.);
#141=FACE_OUTER_BOUND('',#269,.T.);
#142=FACE_OUTER_BOUND('',#270,.T.);
#143=FACE_OUTER_BOUND('',#271,.T.);
#144=FACE_OUTER_BOUND('',#272,.T.);
#145=FACE_OUTER_BOUND('',#273,.T.);
#146=FACE_OUTER_BOUND('',#274,.T.);
#147=FACE_OUTER_BOUND('',#275,.T.);
#148=FACE_OUTER_BOUND('',#276,.T.);
#149=FACE_OUTER_BOUND('',#277,.T.);
#150=FACE_OUTER_BOUND('',#278,.T.);
#151=FACE_OUTER_BOUND('',#279,.T.);
#152=FACE_OUTER_BOUND('',#280,.T.);
#153=FACE_OUTER_BOUND('',#281,.T.);
#154=FACE_OUTER_BOUND('',#282,.T.);
#155=FACE_OUTER_BOUND('',#283,.T.);
#156=FACE_OUTER_BOUND('',#284,.T.);
#157=FACE_OUTER_BOUND('',#285,.T.);
#158=FACE_OUTER_BOUND('',#286,.T.);
#159=FACE_OUTER_BOUND('',#287,.T.);
#160=FACE_OUTER_BOUND('',#288,.T.);
#161=FACE_OUTER_BOUND('',#289,.T.);
#162=FACE_OUTER_BOUND('',#290,.T.);
#163=FACE_OUTER_BOUND('',#291,.T.);
#164=FACE_OUTER_BOUND('',#292,.T.);
#165=FACE_OUTER_BOUND('',#293,.T.);
#166=FACE_OUTER_BOUND('',#294,.T.);
#167=FACE_OUTER_BOUND('',#295,.T.);
#168=FACE_OUTER_BOUND('',#296,.T.);
#169=FACE_OUTER_BOUND('',#297,.T.);
#170=FACE_OUTER_BOUND('',#298,.T.);
#171=FACE_OUTER_BOUND('',#299,.T.);
#172=FACE_OUTER_BOUND('',#300,.T.);
#173=FACE_OUTER_BOUND('',#301,.T.);
#174=FACE_OUTER_BOUND('',#302,.T.);
#175=FACE_OUTER_BOUND('',#303,.T.);
#176=FACE_OUTER_BOUND('',#304,.T.);
#177=FACE_OUTER_BOUND('',#305,.T.);
#178=FACE_OUTER_BOUND('',#306,.T.);
#179=FACE_OUTER_BOUND('',#307,.T.);
#180=FACE_OUTER_BOUND('',#308,.T.);
#181=FACE_OUTER_BOUND('',#309,.T.);
#182=FACE_OUTER_BOUND('',#310,.T.);
#183=FACE_OUTER_BOUND('',#311,.T.);
#184=FACE_OUTER_BOUND('',#312,.T.);
#185=FACE_OUTER_BOUND('',#313,.T.);
#186=FACE_OUTER_BOUND('',#314,.T.);
#187=FACE_OUTER_BOUND('',#315,.T.);
#188=FACE_OUTER_BOUND('',#316,.T.);
#189=FACE_OUTER_BOUND('',#317,.T.);
#190=FACE_OUTER_BOUND('',#318,.T.);
#191=FACE_OUTER_BOUND('',#319,.T.);
#192=FACE_OUTER_BOUND('',#320,.T.);
#193=FACE_OUTER_BOUND('',#321,.T.);
#194=FACE_OUTER_BOUND('',#322,.T.);
#195=FACE_OUTER_BOUND('',#323,.T.);
#196=FACE_OUTER_BOUND('',#324,.T.);
#197=FACE_OUTER_BOUND('',#325,.T.);
#198=FACE_OUTER_BOUND('',#326,.T.);
#199=FACE_OUTER_BOUND('',#327,.T.);
#200=FACE_OUTER_BOUND('',#328,.T.);
#201=FACE_OUTER_BOUND('',#329,.T.);
#202=FACE_OUTER_BOUND('',#330,.T.);
#203=FACE_OUTER_BOUND('',#331,.T.);
#204=FACE_OUTER_BOUND('',#332,.T.);
#205=FACE_OUTER_BOUND('',#333,.T.);
#206=FACE_OUTER_BOUND('',#334,.T.);
#207=FACE_OUTER_BOUND('',#335,.T.);
#208=FACE_OUTER_BOUND('',#336,.T.);
#209=FACE_OUTER_BOUND('',#337,.T.);
#210=FACE_OUTER_BOUND('',#338,.T.);
#211=FACE_OUTER_BOUND('',#339,.T.);
#212=FACE_OUTER_BOUND('',#340,.T.);
#213=FACE_OUTER_BOUND('',#341,.T.);
#214=FACE_OUTER_BOUND('',#342,.T.);
#215=FACE_OUTER_BOUND('',#343,.T.);
#216=FACE_OUTER_BOUND('',#344,.T.);
#217=FACE_OUTER_BOUND('',#345,.T.);
#218=FACE_OUTER_BOUND('',#346,.T.);
#219=FACE_OUTER_BOUND('',#347,.T.);
#220=FACE_OUTER_BOUND('',#348,.T.);
#221=FACE_OUTER_BOUND('',#349,.T.);
#222=FACE_OUTER_BOUND('',#350,.T.);
#223=FACE_OUTER_BOUND('',#351,.T.);
#224=FACE_OUTER_BOUND('',#352,.T.);
#225=FACE_OUTER_BOUND('',#353,.T.);
#226=FACE_OUTER_BOUND('',#354,.T.);
#227=FACE_OUTER_BOUND('',#355,.T.);
#228=FACE_OUTER_BOUND('',#356,.T.);
#229=FACE_OUTER_BOUND('',#357,.T.);
#230=FACE_OUTER_BOUND('',#358,.T.);
#231=FACE_OUTER_BOUND('',#359,.T.);
#232=FACE_OUTER_BOUND('',#360,.T.);
#233=FACE_OUTER_BOUND('',#361,.T.);
#234=EDGE_LOOP('',(#1648,#1649,#1650,#1651));
#235=EDGE_LOOP('',(#1652,#1653,#1654,#1655));
#236=EDGE_LOOP('',(#1656,#1657,#1658,#1659));
#237=EDGE_LOOP('',(#1660,#1661,#1662,#1663,#1664,#1665));
#238=EDGE_LOOP('',(#1666,#1667,#1668,#1669));
#239=EDGE_LOOP('',(#1670,#1671,#1672,#1673));
#240=EDGE_LOOP('',(#1674,#1675,#1676,#1677));
#241=EDGE_LOOP('',(#1678,#1679,#1680,#1681,#1682,#1683));
#242=EDGE_LOOP('',(#1684,#1685,#1686,#1687));
#243=EDGE_LOOP('',(#1688,#1689,#1690,#1691));
#244=EDGE_LOOP('',(#1692,#1693,#1694,#1695));
#245=EDGE_LOOP('',(#1696,#1697,#1698,#1699,#1700,#1701));
#246=EDGE_LOOP('',(#1702,#1703,#1704,#1705,#1706,#1707,#1708,#1709,#1710,
#1711,#1712,#1713,#1714,#1715,#1716,#1717,#1718,#1719,#1720,#1721,#1722,
#1723,#1724,#1725,#1726,#1727,#1728,#1729,#1730,#1731,#1732,#1733,#1734,
#1735,#1736,#1737,#1738,#1739,#1740,#1741,#1742,#1743,#1744,#1745,#1746,
#1747,#1748,#1749,#1750,#1751,#1752,#1753,#1754,#1755,#1756,#1757,#1758,
#1759,#1760,#1761));
#247=EDGE_LOOP('',(#1762,#1763,#1764,#1765,#1766,#1767,#1768,#1769,#1770,
#1771,#1772,#1773,#1774,#1775,#1776,#1777,#1778,#1779,#1780,#1781,#1782,
#1783,#1784,#1785,#1786,#1787,#1788,#1789));
#248=EDGE_LOOP('',(#1790,#1791,#1792,#1793,#1794,#1795));
#249=EDGE_LOOP('',(#1796,#1797,#1798,#1799));
#250=EDGE_LOOP('',(#1800,#1801,#1802,#1803));
#251=EDGE_LOOP('',(#1804,#1805,#1806,#1807));
#252=EDGE_LOOP('',(#1808,#1809,#1810,#1811,#1812,#1813));
#253=EDGE_LOOP('',(#1814,#1815,#1816,#1817));
#254=EDGE_LOOP('',(#1818,#1819,#1820,#1821));
#255=EDGE_LOOP('',(#1822,#1823,#1824,#1825));
#256=EDGE_LOOP('',(#1826,#1827,#1828,#1829,#1830,#1831));
#257=EDGE_LOOP('',(#1832,#1833,#1834,#1835));
#258=EDGE_LOOP('',(#1836,#1837,#1838,#1839));
#259=EDGE_LOOP('',(#1840,#1841,#1842,#1843));
#260=EDGE_LOOP('',(#1844,#1845,#1846,#1847,#1848,#1849));
#261=EDGE_LOOP('',(#1850,#1851,#1852,#1853));
#262=EDGE_LOOP('',(#1854,#1855,#1856,#1857));
#263=EDGE_LOOP('',(#1858,#1859,#1860,#1861));
#264=EDGE_LOOP('',(#1862,#1863,#1864,#1865,#1866,#1867));
#265=EDGE_LOOP('',(#1868,#1869,#1870,#1871));
#266=EDGE_LOOP('',(#1872,#1873,#1874,#1875));
#267=EDGE_LOOP('',(#1876,#1877,#1878,#1879));
#268=EDGE_LOOP('',(#1880,#1881,#1882,#1883,#1884,#1885));
#269=EDGE_LOOP('',(#1886,#1887,#1888,#1889));
#270=EDGE_LOOP('',(#1890,#1891,#1892,#1893));
#271=EDGE_LOOP('',(#1894,#1895,#1896,#1897));
#272=EDGE_LOOP('',(#1898,#1899,#1900,#1901,#1902,#1903));
#273=EDGE_LOOP('',(#1904,#1905,#1906,#1907));
#274=EDGE_LOOP('',(#1908,#1909,#1910,#1911));
#275=EDGE_LOOP('',(#1912,#1913,#1914,#1915));
#276=EDGE_LOOP('',(#1916,#1917,#1918,#1919));
#277=EDGE_LOOP('',(#1920,#1921,#1922,#1923));
#278=EDGE_LOOP('',(#1924,#1925,#1926,#1927));
#279=EDGE_LOOP('',(#1928,#1929,#1930,#1931));
#280=EDGE_LOOP('',(#1932,#1933,#1934,#1935));
#281=EDGE_LOOP('',(#1936,#1937,#1938,#1939));
#282=EDGE_LOOP('',(#1940,#1941,#1942,#1943));
#283=EDGE_LOOP('',(#1944,#1945,#1946,#1947));
#284=EDGE_LOOP('',(#1948,#1949,#1950,#1951));
#285=EDGE_LOOP('',(#1952,#1953,#1954,#1955));
#286=EDGE_LOOP('',(#1956,#1957,#1958,#1959));
#287=EDGE_LOOP('',(#1960,#1961,#1962,#1963));
#288=EDGE_LOOP('',(#1964,#1965,#1966,#1967));
#289=EDGE_LOOP('',(#1968,#1969,#1970,#1971));
#290=EDGE_LOOP('',(#1972,#1973,#1974,#1975));
#291=EDGE_LOOP('',(#1976,#1977,#1978,#1979));
#292=EDGE_LOOP('',(#1980,#1981,#1982,#1983));
#293=EDGE_LOOP('',(#1984,#1985,#1986,#1987));
#294=EDGE_LOOP('',(#1988,#1989,#1990,#1991));
#295=EDGE_LOOP('',(#1992,#1993,#1994,#1995));
#296=EDGE_LOOP('',(#1996,#1997,#1998,#1999));
#297=EDGE_LOOP('',(#2000,#2001,#2002,#2003));
#298=EDGE_LOOP('',(#2004,#2005,#2006,#2007));
#299=EDGE_LOOP('',(#2008,#2009,#2010,#2011));
#300=EDGE_LOOP('',(#2012,#2013,#2014,#2015));
#301=EDGE_LOOP('',(#2016,#2017,#2018,#2019,#2020,#2021,#2022,#2023,#2024,
#2025,#2026,#2027,#2028,#2029,#2030,#2031,#2032,#2033,#2034,#2035,#2036,
#2037,#2038,#2039,#2040,#2041,#2042,#2043));
#302=EDGE_LOOP('',(#2044,#2045,#2046,#2047));
#303=EDGE_LOOP('',(#2048,#2049,#2050,#2051));
#304=EDGE_LOOP('',(#2052,#2053,#2054,#2055));
#305=EDGE_LOOP('',(#2056,#2057,#2058,#2059,#2060,#2061));
#306=EDGE_LOOP('',(#2062,#2063,#2064,#2065));
#307=EDGE_LOOP('',(#2066,#2067,#2068,#2069));
#308=EDGE_LOOP('',(#2070,#2071,#2072,#2073));
#309=EDGE_LOOP('',(#2074,#2075,#2076,#2077,#2078,#2079));
#310=EDGE_LOOP('',(#2080,#2081,#2082,#2083));
#311=EDGE_LOOP('',(#2084,#2085,#2086,#2087));
#312=EDGE_LOOP('',(#2088,#2089,#2090,#2091));
#313=EDGE_LOOP('',(#2092,#2093,#2094,#2095,#2096,#2097));
#314=EDGE_LOOP('',(#2098,#2099,#2100,#2101));
#315=EDGE_LOOP('',(#2102,#2103,#2104,#2105));
#316=EDGE_LOOP('',(#2106,#2107,#2108,#2109));
#317=EDGE_LOOP('',(#2110,#2111,#2112,#2113,#2114,#2115));
#318=EDGE_LOOP('',(#2116,#2117,#2118,#2119));
#319=EDGE_LOOP('',(#2120,#2121,#2122,#2123));
#320=EDGE_LOOP('',(#2124,#2125,#2126,#2127));
#321=EDGE_LOOP('',(#2128,#2129,#2130,#2131,#2132,#2133));
#322=EDGE_LOOP('',(#2134,#2135,#2136,#2137));
#323=EDGE_LOOP('',(#2138,#2139,#2140,#2141));
#324=EDGE_LOOP('',(#2142,#2143,#2144,#2145));
#325=EDGE_LOOP('',(#2146,#2147,#2148,#2149));
#326=EDGE_LOOP('',(#2150,#2151,#2152,#2153));
#327=EDGE_LOOP('',(#2154,#2155,#2156,#2157));
#328=EDGE_LOOP('',(#2158,#2159,#2160,#2161));
#329=EDGE_LOOP('',(#2162,#2163,#2164,#2165));
#330=EDGE_LOOP('',(#2166,#2167,#2168,#2169));
#331=EDGE_LOOP('',(#2170,#2171,#2172,#2173));
#332=EDGE_LOOP('',(#2174,#2175,#2176,#2177));
#333=EDGE_LOOP('',(#2178,#2179,#2180,#2181));
#334=EDGE_LOOP('',(#2182,#2183,#2184,#2185));
#335=EDGE_LOOP('',(#2186,#2187,#2188,#2189));
#336=EDGE_LOOP('',(#2190,#2191,#2192,#2193,#2194,#2195,#2196,#2197));
#337=EDGE_LOOP('',(#2198,#2199,#2200,#2201,#2202,#2203));
#338=EDGE_LOOP('',(#2204,#2205,#2206,#2207,#2208,#2209,#2210,#2211));
#339=EDGE_LOOP('',(#2212,#2213,#2214,#2215,#2216,#2217,#2218,#2219));
#340=EDGE_LOOP('',(#2220,#2221,#2222,#2223,#2224,#2225,#2226,#2227));
#341=EDGE_LOOP('',(#2228,#2229,#2230,#2231,#2232,#2233));
#342=EDGE_LOOP('',(#2234,#2235,#2236,#2237,#2238,#2239,#2240,#2241));
#343=EDGE_LOOP('',(#2242,#2243,#2244,#2245,#2246,#2247,#2248,#2249));
#344=EDGE_LOOP('',(#2250,#2251,#2252,#2253,#2254,#2255));
#345=EDGE_LOOP('',(#2256,#2257,#2258,#2259,#2260,#2261,#2262,#2263));
#346=EDGE_LOOP('',(#2264,#2265,#2266,#2267,#2268,#2269,#2270,#2271));
#347=EDGE_LOOP('',(#2272,#2273,#2274,#2275,#2276,#2277,#2278,#2279));
#348=EDGE_LOOP('',(#2280,#2281,#2282,#2283,#2284,#2285));
#349=EDGE_LOOP('',(#2286,#2287,#2288,#2289,#2290,#2291,#2292,#2293));
#350=EDGE_LOOP('',(#2294,#2295,#2296,#2297,#2298,#2299,#2300,#2301));
#351=EDGE_LOOP('',(#2302,#2303,#2304,#2305,#2306,#2307,#2308,#2309));
#352=EDGE_LOOP('',(#2310,#2311,#2312,#2313,#2314,#2315,#2316,#2317,#2318,
#2319,#2320,#2321,#2322,#2323,#2324,#2325,#2326,#2327,#2328,#2329,#2330,
#2331,#2332,#2333,#2334,#2335,#2336,#2337,#2338,#2339,#2340,#2341));
#353=EDGE_LOOP('',(#2342,#2343,#2344,#2345));
#354=EDGE_LOOP('',(#2346,#2347,#2348,#2349));
#355=EDGE_LOOP('',(#2350,#2351,#2352,#2353));
#356=EDGE_LOOP('',(#2354,#2355,#2356,#2357));
#357=EDGE_LOOP('',(#2358,#2359,#2360,#2361));
#358=EDGE_LOOP('',(#2362,#2363,#2364,#2365));
#359=EDGE_LOOP('',(#2366,#2367,#2368,#2369,#2370,#2371));
#360=EDGE_LOOP('',(#2372,#2373,#2374,#2375));
#361=EDGE_LOOP('',(#2376,#2377,#2378,#2379));
#362=LINE('',#3438,#700);
#363=LINE('',#3440,#701);
#364=LINE('',#3442,#702);
#365=LINE('',#3443,#703);
#366=LINE('',#3446,#704);
#367=LINE('',#3448,#705);
#368=LINE('',#3449,#706);
#369=LINE('',#3452,#707);
#370=LINE('',#3454,#708);
#371=LINE('',#3455,#709);
#372=LINE('',#3458,#710);
#373=LINE('',#3460,#711);
#374=LINE('',#3465,#712);
#375=LINE('',#3467,#713);
#376=LINE('',#3469,#714);
#377=LINE('',#3470,#715);
#378=LINE('',#3473,#716);
#379=LINE('',#3475,#717);
#380=LINE('',#3476,#718);
#381=LINE('',#3479,#719);
#382=LINE('',#3481,#720);
#383=LINE('',#3482,#721);
#384=LINE('',#3485,#722);
#385=LINE('',#3487,#723);
#386=LINE('',#3492,#724);
#387=LINE('',#3494,#725);
#388=LINE('',#3496,#726);
#389=LINE('',#3497,#727);
#390=LINE('',#3500,#728);
#391=LINE('',#3502,#729);
#392=LINE('',#3503,#730);
#393=LINE('',#3506,#731);
#394=LINE('',#3508,#732);
#395=LINE('',#3509,#733);
#396=LINE('',#3512,#734);
#397=LINE('',#3515,#735);
#398=LINE('',#3518,#736);
#399=LINE('',#3520,#737);
#400=LINE('',#3522,#738);
#401=LINE('',#3524,#739);
#402=LINE('',#3526,#740);
#403=LINE('',#3528,#741);
#404=LINE('',#3530,#742);
#405=LINE('',#3532,#743);
#406=LINE('',#3534,#744);
#407=LINE('',#3536,#745);
#408=LINE('',#3538,#746);
#409=LINE('',#3540,#747);
#410=LINE('',#3541,#748);
#411=LINE('',#3543,#749);
#412=LINE('',#3545,#750);
#413=LINE('',#3547,#751);
#414=LINE('',#3549,#752);
#415=LINE('',#3551,#753);
#416=LINE('',#3553,#754);
#417=LINE('',#3555,#755);
#418=LINE('',#3557,#756);
#419=LINE('',#3559,#757);
#420=LINE('',#3561,#758);
#421=LINE('',#3562,#759);
#422=LINE('',#3564,#760);
#423=LINE('',#3566,#761);
#424=LINE('',#3568,#762);
#425=LINE('',#3570,#763);
#426=LINE('',#3572,#764);
#427=LINE('',#3574,#765);
#428=LINE('',#3576,#766);
#429=LINE('',#3578,#767);
#430=LINE('',#3580,#768);
#431=LINE('',#3582,#769);
#432=LINE('',#3584,#770);
#433=LINE('',#3586,#771);
#434=LINE('',#3588,#772);
#435=LINE('',#3590,#773);
#436=LINE('',#3592,#774);
#437=LINE('',#3594,#775);
#438=LINE('',#3596,#776);
#439=LINE('',#3598,#777);
#440=LINE('',#3600,#778);
#441=LINE('',#3602,#779);
#442=LINE('',#3604,#780);
#443=LINE('',#3606,#781);
#444=LINE('',#3608,#782);
#445=LINE('',#3610,#783);
#446=LINE('',#3612,#784);
#447=LINE('',#3614,#785);
#448=LINE('',#3615,#786);
#449=LINE('',#3618,#787);
#450=LINE('',#3620,#788);
#451=LINE('',#3622,#789);
#452=LINE('',#3624,#790);
#453=LINE('',#3626,#791);
#454=LINE('',#3628,#792);
#455=LINE('',#3630,#793);
#456=LINE('',#3632,#794);
#457=LINE('',#3634,#795);
#458=LINE('',#3636,#796);
#459=LINE('',#3638,#797);
#460=LINE('',#3640,#798);
#461=LINE('',#3642,#799);
#462=LINE('',#3644,#800);
#463=LINE('',#3646,#801);
#464=LINE('',#3648,#802);
#465=LINE('',#3650,#803);
#466=LINE('',#3652,#804);
#467=LINE('',#3654,#805);
#468=LINE('',#3656,#806);
#469=LINE('',#3658,#807);
#470=LINE('',#3660,#808);
#471=LINE('',#3662,#809);
#472=LINE('',#3664,#810);
#473=LINE('',#3666,#811);
#474=LINE('',#3668,#812);
#475=LINE('',#3670,#813);
#476=LINE('',#3671,#814);
#477=LINE('',#3674,#815);
#478=LINE('',#3676,#816);
#479=LINE('',#3678,#817);
#480=LINE('',#3680,#818);
#481=LINE('',#3682,#819);
#482=LINE('',#3683,#820);
#483=LINE('',#3686,#821);
#484=LINE('',#3688,#822);
#485=LINE('',#3689,#823);
#486=LINE('',#3692,#824);
#487=LINE('',#3693,#825);
#488=LINE('',#3696,#826);
#489=LINE('',#3697,#827);
#490=LINE('',#3700,#828);
#491=LINE('',#3703,#829);
#492=LINE('',#3706,#830);
#493=LINE('',#3708,#831);
#494=LINE('',#3709,#832);
#495=LINE('',#3712,#833);
#496=LINE('',#3713,#834);
#497=LINE('',#3716,#835);
#498=LINE('',#3717,#836);
#499=LINE('',#3720,#837);
#500=LINE('',#3723,#838);
#501=LINE('',#3726,#839);
#502=LINE('',#3728,#840);
#503=LINE('',#3729,#841);
#504=LINE('',#3732,#842);
#505=LINE('',#3733,#843);
#506=LINE('',#3736,#844);
#507=LINE('',#3737,#845);
#508=LINE('',#3740,#846);
#509=LINE('',#3743,#847);
#510=LINE('',#3746,#848);
#511=LINE('',#3748,#849);
#512=LINE('',#3749,#850);
#513=LINE('',#3752,#851);
#514=LINE('',#3753,#852);
#515=LINE('',#3756,#853);
#516=LINE('',#3757,#854);
#517=LINE('',#3760,#855);
#518=LINE('',#3762,#856);
#519=LINE('',#3766,#857);
#520=LINE('',#3768,#858);
#521=LINE('',#3769,#859);
#522=LINE('',#3772,#860);
#523=LINE('',#3773,#861);
#524=LINE('',#3776,#862);
#525=LINE('',#3777,#863);
#526=LINE('',#3780,#864);
#527=LINE('',#3782,#865);
#528=LINE('',#3786,#866);
#529=LINE('',#3788,#867);
#530=LINE('',#3789,#868);
#531=LINE('',#3792,#869);
#532=LINE('',#3793,#870);
#533=LINE('',#3796,#871);
#534=LINE('',#3797,#872);
#535=LINE('',#3800,#873);
#536=LINE('',#3802,#874);
#537=LINE('',#3806,#875);
#538=LINE('',#3808,#876);
#539=LINE('',#3809,#877);
#540=LINE('',#3812,#878);
#541=LINE('',#3813,#879);
#542=LINE('',#3816,#880);
#543=LINE('',#3817,#881);
#544=LINE('',#3820,#882);
#545=LINE('',#3821,#883);
#546=LINE('',#3824,#884);
#547=LINE('',#3825,#885);
#548=LINE('',#3828,#886);
#549=LINE('',#3829,#887);
#550=LINE('',#3832,#888);
#551=LINE('',#3833,#889);
#552=LINE('',#3836,#890);
#553=LINE('',#3837,#891);
#554=LINE('',#3840,#892);
#555=LINE('',#3841,#893);
#556=LINE('',#3844,#894);
#557=LINE('',#3845,#895);
#558=LINE('',#3848,#896);
#559=LINE('',#3849,#897);
#560=LINE('',#3852,#898);
#561=LINE('',#3853,#899);
#562=LINE('',#3856,#900);
#563=LINE('',#3857,#901);
#564=LINE('',#3860,#902);
#565=LINE('',#3861,#903);
#566=LINE('',#3864,#904);
#567=LINE('',#3865,#905);
#568=LINE('',#3868,#906);
#569=LINE('',#3869,#907);
#570=LINE('',#3872,#908);
#571=LINE('',#3873,#909);
#572=LINE('',#3876,#910);
#573=LINE('',#3877,#911);
#574=LINE('',#3880,#912);
#575=LINE('',#3881,#913);
#576=LINE('',#3884,#914);
#577=LINE('',#3885,#915);
#578=LINE('',#3888,#916);
#579=LINE('',#3889,#917);
#580=LINE('',#3892,#918);
#581=LINE('',#3893,#919);
#582=LINE('',#3896,#920);
#583=LINE('',#3897,#921);
#584=LINE('',#3900,#922);
#585=LINE('',#3901,#923);
#586=LINE('',#3904,#924);
#587=LINE('',#3905,#925);
#588=LINE('',#3908,#926);
#589=LINE('',#3909,#927);
#590=LINE('',#3912,#928);
#591=LINE('',#3913,#929);
#592=LINE('',#3915,#930);
#593=LINE('',#3919,#931);
#594=LINE('',#3921,#932);
#595=LINE('',#3922,#933);
#596=LINE('',#3925,#934);
#597=LINE('',#3926,#935);
#598=LINE('',#3929,#936);
#599=LINE('',#3930,#937);
#600=LINE('',#3933,#938);
#601=LINE('',#3936,#939);
#602=LINE('',#3939,#940);
#603=LINE('',#3941,#941);
#604=LINE('',#3942,#942);
#605=LINE('',#3945,#943);
#606=LINE('',#3946,#944);
#607=LINE('',#3949,#945);
#608=LINE('',#3950,#946);
#609=LINE('',#3953,#947);
#610=LINE('',#3956,#948);
#611=LINE('',#3959,#949);
#612=LINE('',#3961,#950);
#613=LINE('',#3962,#951);
#614=LINE('',#3965,#952);
#615=LINE('',#3966,#953);
#616=LINE('',#3969,#954);
#617=LINE('',#3970,#955);
#618=LINE('',#3973,#956);
#619=LINE('',#3976,#957);
#620=LINE('',#3979,#958);
#621=LINE('',#3981,#959);
#622=LINE('',#3982,#960);
#623=LINE('',#3985,#961);
#624=LINE('',#3986,#962);
#625=LINE('',#3989,#963);
#626=LINE('',#3990,#964);
#627=LINE('',#3993,#965);
#628=LINE('',#3995,#966);
#629=LINE('',#3999,#967);
#630=LINE('',#4001,#968);
#631=LINE('',#4002,#969);
#632=LINE('',#4005,#970);
#633=LINE('',#4006,#971);
#634=LINE('',#4009,#972);
#635=LINE('',#4010,#973);
#636=LINE('',#4013,#974);
#637=LINE('',#4015,#975);
#638=LINE('',#4021,#976);
#639=LINE('',#4022,#977);
#640=LINE('',#4027,#978);
#641=LINE('',#4028,#979);
#642=LINE('',#4033,#980);
#643=LINE('',#4034,#981);
#644=LINE('',#4039,#982);
#645=LINE('',#4040,#983);
#646=LINE('',#4045,#984);
#647=LINE('',#4046,#985);
#648=LINE('',#4051,#986);
#649=LINE('',#4052,#987);
#650=LINE('',#4057,#988);
#651=LINE('',#4058,#989);
#652=LINE('',#4063,#990);
#653=LINE('',#4064,#991);
#654=LINE('',#4069,#992);
#655=LINE('',#4070,#993);
#656=LINE('',#4075,#994);
#657=LINE('',#4076,#995);
#658=LINE('',#4081,#996);
#659=LINE('',#4082,#997);
#660=LINE('',#4087,#998);
#661=LINE('',#4088,#999);
#662=LINE('',#4093,#1000);
#663=LINE('',#4094,#1001);
#664=LINE('',#4099,#1002);
#665=LINE('',#4100,#1003);
#666=LINE('',#4102,#1004);
#667=LINE('',#4105,#1005);
#668=LINE('',#4106,#1006);
#669=LINE('',#4108,#1007);
#670=LINE('',#4110,#1008);
#671=LINE('',#4112,#1009);
#672=LINE('',#4115,#1010);
#673=LINE('',#4116,#1011);
#674=LINE('',#4118,#1012);
#675=LINE('',#4120,#1013);
#676=LINE('',#4123,#1014);
#677=LINE('',#4124,#1015);
#678=LINE('',#4126,#1016);
#679=LINE('',#4128,#1017);
#680=LINE('',#4130,#1018);
#681=LINE('',#4133,#1019);
#682=LINE('',#4134,#1020);
#683=LINE('',#4136,#1021);
#684=LINE('',#4138,#1022);
#685=LINE('',#4140,#1023);
#686=LINE('',#4142,#1024);
#687=LINE('',#4143,#1025);
#688=LINE('',#4146,#1026);
#689=LINE('',#4148,#1027);
#690=LINE('',#4149,#1028);
#691=LINE('',#4152,#1029);
#692=LINE('',#4153,#1030);
#693=LINE('',#4156,#1031);
#694=LINE('',#4157,#1032);
#695=LINE('',#4160,#1033);
#696=LINE('',#4161,#1034);
#697=LINE('',#4164,#1035);
#698=LINE('',#4165,#1036);
#699=LINE('',#4167,#1037);
#700=VECTOR('',#2790,10.);
#701=VECTOR('',#2791,10.);
#702=VECTOR('',#2792,10.);
#703=VECTOR('',#2793,10.);
#704=VECTOR('',#2796,10.);
#705=VECTOR('',#2797,10.);
#706=VECTOR('',#2798,10.);
#707=VECTOR('',#2801,10.);
#708=VECTOR('',#2802,10.);
#709=VECTOR('',#2803,10.);
#710=VECTOR('',#2806,10.);
#711=VECTOR('',#2807,10.);
#712=VECTOR('',#2812,10.);
#713=VECTOR('',#2813,10.);
#714=VECTOR('',#2814,10.);
#715=VECTOR('',#2815,10.);
#716=VECTOR('',#2818,10.);
#717=VECTOR('',#2819,10.);
#718=VECTOR('',#2820,10.);
#719=VECTOR('',#2823,10.);
#720=VECTOR('',#2824,10.);
#721=VECTOR('',#2825,10.);
#722=VECTOR('',#2828,10.);
#723=VECTOR('',#2829,10.);
#724=VECTOR('',#2834,10.);
#725=VECTOR('',#2835,10.);
#726=VECTOR('',#2836,10.);
#727=VECTOR('',#2837,10.);
#728=VECTOR('',#2840,10.);
#729=VECTOR('',#2841,10.);
#730=VECTOR('',#2842,10.);
#731=VECTOR('',#2845,10.);
#732=VECTOR('',#2846,10.);
#733=VECTOR('',#2847,10.);
#734=VECTOR('',#2850,10.);
#735=VECTOR('',#2853,10.);
#736=VECTOR('',#2856,10.);
#737=VECTOR('',#2857,10.);
#738=VECTOR('',#2858,10.);
#739=VECTOR('',#2859,10.);
#740=VECTOR('',#2860,10.);
#741=VECTOR('',#2861,10.);
#742=VECTOR('',#2862,10.);
#743=VECTOR('',#2863,10.);
#744=VECTOR('',#2864,10.);
#745=VECTOR('',#2865,10.);
#746=VECTOR('',#2866,10.);
#747=VECTOR('',#2867,10.);
#748=VECTOR('',#2868,10.);
#749=VECTOR('',#2869,10.);
#750=VECTOR('',#2870,10.);
#751=VECTOR('',#2871,10.);
#752=VECTOR('',#2872,10.);
#753=VECTOR('',#2873,10.);
#754=VECTOR('',#2874,10.);
#755=VECTOR('',#2875,10.);
#756=VECTOR('',#2876,10.);
#757=VECTOR('',#2877,10.);
#758=VECTOR('',#2878,10.);
#759=VECTOR('',#2879,10.);
#760=VECTOR('',#2880,10.);
#761=VECTOR('',#2881,10.);
#762=VECTOR('',#2882,10.);
#763=VECTOR('',#2883,10.);
#764=VECTOR('',#2884,10.);
#765=VECTOR('',#2885,10.);
#766=VECTOR('',#2886,10.);
#767=VECTOR('',#2887,10.);
#768=VECTOR('',#2888,10.);
#769=VECTOR('',#2889,10.);
#770=VECTOR('',#2890,10.);
#771=VECTOR('',#2891,10.);
#772=VECTOR('',#2892,10.);
#773=VECTOR('',#2893,10.);
#774=VECTOR('',#2894,10.);
#775=VECTOR('',#2895,10.);
#776=VECTOR('',#2896,10.);
#777=VECTOR('',#2897,10.);
#778=VECTOR('',#2898,10.);
#779=VECTOR('',#2899,10.);
#780=VECTOR('',#2900,10.);
#781=VECTOR('',#2901,10.);
#782=VECTOR('',#2902,10.);
#783=VECTOR('',#2903,10.);
#784=VECTOR('',#2904,10.);
#785=VECTOR('',#2905,10.);
#786=VECTOR('',#2906,10.);
#787=VECTOR('',#2907,10.);
#788=VECTOR('',#2908,10.);
#789=VECTOR('',#2909,10.);
#790=VECTOR('',#2910,10.);
#791=VECTOR('',#2911,10.);
#792=VECTOR('',#2912,10.);
#793=VECTOR('',#2913,10.);
#794=VECTOR('',#2914,10.);
#795=VECTOR('',#2915,10.);
#796=VECTOR('',#2916,10.);
#797=VECTOR('',#2917,10.);
#798=VECTOR('',#2918,10.);
#799=VECTOR('',#2919,10.);
#800=VECTOR('',#2920,10.);
#801=VECTOR('',#2921,10.);
#802=VECTOR('',#2922,10.);
#803=VECTOR('',#2923,10.);
#804=VECTOR('',#2924,10.);
#805=VECTOR('',#2925,10.);
#806=VECTOR('',#2926,10.);
#807=VECTOR('',#2927,10.);
#808=VECTOR('',#2928,10.);
#809=VECTOR('',#2929,10.);
#810=VECTOR('',#2930,10.);
#811=VECTOR('',#2931,10.);
#812=VECTOR('',#2932,10.);
#813=VECTOR('',#2933,10.);
#814=VECTOR('',#2934,10.);
#815=VECTOR('',#2935,10.);
#816=VECTOR('',#2936,10.);
#817=VECTOR('',#2937,10.);
#818=VECTOR('',#2938,10.);
#819=VECTOR('',#2939,10.);
#820=VECTOR('',#2940,10.);
#821=VECTOR('',#2943,10.);
#822=VECTOR('',#2944,10.);
#823=VECTOR('',#2945,10.);
#824=VECTOR('',#2948,10.);
#825=VECTOR('',#2949,10.);
#826=VECTOR('',#2952,10.);
#827=VECTOR('',#2953,10.);
#828=VECTOR('',#2956,10.);
#829=VECTOR('',#2959,10.);
#830=VECTOR('',#2962,10.);
#831=VECTOR('',#2963,10.);
#832=VECTOR('',#2964,10.);
#833=VECTOR('',#2967,10.);
#834=VECTOR('',#2968,10.);
#835=VECTOR('',#2971,10.);
#836=VECTOR('',#2972,10.);
#837=VECTOR('',#2975,10.);
#838=VECTOR('',#2978,10.);
#839=VECTOR('',#2981,10.);
#840=VECTOR('',#2982,10.);
#841=VECTOR('',#2983,10.);
#842=VECTOR('',#2986,10.);
#843=VECTOR('',#2987,10.);
#844=VECTOR('',#2990,10.);
#845=VECTOR('',#2991,10.);
#846=VECTOR('',#2994,10.);
#847=VECTOR('',#2997,10.);
#848=VECTOR('',#3000,10.);
#849=VECTOR('',#3001,10.);
#850=VECTOR('',#3002,10.);
#851=VECTOR('',#3005,10.);
#852=VECTOR('',#3006,10.);
#853=VECTOR('',#3009,10.);
#854=VECTOR('',#3010,10.);
#855=VECTOR('',#3013,10.);
#856=VECTOR('',#3014,10.);
#857=VECTOR('',#3019,10.);
#858=VECTOR('',#3020,10.);
#859=VECTOR('',#3021,10.);
#860=VECTOR('',#3024,10.);
#861=VECTOR('',#3025,10.);
#862=VECTOR('',#3028,10.);
#863=VECTOR('',#3029,10.);
#864=VECTOR('',#3032,10.);
#865=VECTOR('',#3033,10.);
#866=VECTOR('',#3038,10.);
#867=VECTOR('',#3039,10.);
#868=VECTOR('',#3040,10.);
#869=VECTOR('',#3043,10.);
#870=VECTOR('',#3044,10.);
#871=VECTOR('',#3047,10.);
#872=VECTOR('',#3048,10.);
#873=VECTOR('',#3051,10.);
#874=VECTOR('',#3052,10.);
#875=VECTOR('',#3057,10.);
#876=VECTOR('',#3058,10.);
#877=VECTOR('',#3059,10.);
#878=VECTOR('',#3062,10.);
#879=VECTOR('',#3063,10.);
#880=VECTOR('',#3066,10.);
#881=VECTOR('',#3067,10.);
#882=VECTOR('',#3070,10.);
#883=VECTOR('',#3071,10.);
#884=VECTOR('',#3074,10.);
#885=VECTOR('',#3075,10.);
#886=VECTOR('',#3078,10.);
#887=VECTOR('',#3079,10.);
#888=VECTOR('',#3082,10.);
#889=VECTOR('',#3083,10.);
#890=VECTOR('',#3086,10.);
#891=VECTOR('',#3087,10.);
#892=VECTOR('',#3090,10.);
#893=VECTOR('',#3091,10.);
#894=VECTOR('',#3094,10.);
#895=VECTOR('',#3095,10.);
#896=VECTOR('',#3098,10.);
#897=VECTOR('',#3099,10.);
#898=VECTOR('',#3102,10.);
#899=VECTOR('',#3103,10.);
#900=VECTOR('',#3106,10.);
#901=VECTOR('',#3107,10.);
#902=VECTOR('',#3110,10.);
#903=VECTOR('',#3111,10.);
#904=VECTOR('',#3114,10.);
#905=VECTOR('',#3115,10.);
#906=VECTOR('',#3118,10.);
#907=VECTOR('',#3119,10.);
#908=VECTOR('',#3122,10.);
#909=VECTOR('',#3123,10.);
#910=VECTOR('',#3126,10.);
#911=VECTOR('',#3127,10.);
#912=VECTOR('',#3130,10.);
#913=VECTOR('',#3131,10.);
#914=VECTOR('',#3134,10.);
#915=VECTOR('',#3135,10.);
#916=VECTOR('',#3138,10.);
#917=VECTOR('',#3139,10.);
#918=VECTOR('',#3142,10.);
#919=VECTOR('',#3143,10.);
#920=VECTOR('',#3146,10.);
#921=VECTOR('',#3147,10.);
#922=VECTOR('',#3150,10.);
#923=VECTOR('',#3151,10.);
#924=VECTOR('',#3154,10.);
#925=VECTOR('',#3155,10.);
#926=VECTOR('',#3158,10.);
#927=VECTOR('',#3159,10.);
#928=VECTOR('',#3162,10.);
#929=VECTOR('',#3163,10.);
#930=VECTOR('',#3166,10.);
#931=VECTOR('',#3171,10.);
#932=VECTOR('',#3172,10.);
#933=VECTOR('',#3173,10.);
#934=VECTOR('',#3176,10.);
#935=VECTOR('',#3177,10.);
#936=VECTOR('',#3180,10.);
#937=VECTOR('',#3181,10.);
#938=VECTOR('',#3184,10.);
#939=VECTOR('',#3187,10.);
#940=VECTOR('',#3190,10.);
#941=VECTOR('',#3191,10.);
#942=VECTOR('',#3192,10.);
#943=VECTOR('',#3195,10.);
#944=VECTOR('',#3196,10.);
#945=VECTOR('',#3199,10.);
#946=VECTOR('',#3200,10.);
#947=VECTOR('',#3203,10.);
#948=VECTOR('',#3206,10.);
#949=VECTOR('',#3209,10.);
#950=VECTOR('',#3210,10.);
#951=VECTOR('',#3211,10.);
#952=VECTOR('',#3214,10.);
#953=VECTOR('',#3215,10.);
#954=VECTOR('',#3218,10.);
#955=VECTOR('',#3219,10.);
#956=VECTOR('',#3222,10.);
#957=VECTOR('',#3225,10.);
#958=VECTOR('',#3228,10.);
#959=VECTOR('',#3229,10.);
#960=VECTOR('',#3230,10.);
#961=VECTOR('',#3233,10.);
#962=VECTOR('',#3234,10.);
#963=VECTOR('',#3237,10.);
#964=VECTOR('',#3238,10.);
#965=VECTOR('',#3241,10.);
#966=VECTOR('',#3242,10.);
#967=VECTOR('',#3247,10.);
#968=VECTOR('',#3248,10.);
#969=VECTOR('',#3249,10.);
#970=VECTOR('',#3252,10.);
#971=VECTOR('',#3253,10.);
#972=VECTOR('',#3256,10.);
#973=VECTOR('',#3257,10.);
#974=VECTOR('',#3260,10.);
#975=VECTOR('',#3261,10.);
#976=VECTOR('',#3268,10.);
#977=VECTOR('',#3269,10.);
#978=VECTOR('',#3274,10.);
#979=VECTOR('',#3275,10.);
#980=VECTOR('',#3280,10.);
#981=VECTOR('',#3281,10.);
#982=VECTOR('',#3286,10.);
#983=VECTOR('',#3287,10.);
#984=VECTOR('',#3292,10.);
#985=VECTOR('',#3293,10.);
#986=VECTOR('',#3298,10.);
#987=VECTOR('',#3299,10.);
#988=VECTOR('',#3304,10.);
#989=VECTOR('',#3305,10.);
#990=VECTOR('',#3310,10.);
#991=VECTOR('',#3311,10.);
#992=VECTOR('',#3316,10.);
#993=VECTOR('',#3317,10.);
#994=VECTOR('',#3322,10.);
#995=VECTOR('',#3323,10.);
#996=VECTOR('',#3328,10.);
#997=VECTOR('',#3329,10.);
#998=VECTOR('',#3334,10.);
#999=VECTOR('',#3335,10.);
#1000=VECTOR('',#3340,10.);
#1001=VECTOR('',#3341,10.);
#1002=VECTOR('',#3346,10.);
#1003=VECTOR('',#3347,10.);
#1004=VECTOR('',#3350,10.);
#1005=VECTOR('',#3353,10.);
#1006=VECTOR('',#3354,10.);
#1007=VECTOR('',#3357,10.);
#1008=VECTOR('',#3360,10.);
#1009=VECTOR('',#3363,10.);
#1010=VECTOR('',#3366,10.);
#1011=VECTOR('',#3367,10.);
#1012=VECTOR('',#3370,10.);
#1013=VECTOR('',#3373,10.);
#1014=VECTOR('',#3376,10.);
#1015=VECTOR('',#3377,10.);
#1016=VECTOR('',#3380,10.);
#1017=VECTOR('',#3383,10.);
#1018=VECTOR('',#3386,10.);
#1019=VECTOR('',#3389,10.);
#1020=VECTOR('',#3390,10.);
#1021=VECTOR('',#3393,10.);
#1022=VECTOR('',#3396,10.);
#1023=VECTOR('',#3399,10.);
#1024=VECTOR('',#3402,10.);
#1025=VECTOR('',#3403,10.);
#1026=VECTOR('',#3406,10.);
#1027=VECTOR('',#3407,10.);
#1028=VECTOR('',#3408,10.);
#1029=VECTOR('',#3411,10.);
#1030=VECTOR('',#3412,10.);
#1031=VECTOR('',#3415,10.);
#1032=VECTOR('',#3416,10.);
#1033=VECTOR('',#3419,10.);
#1034=VECTOR('',#3420,10.);
#1035=VECTOR('',#3423,10.);
#1036=VECTOR('',#3424,10.);
#1037=VECTOR('',#3427,10.);
#1038=VERTEX_POINT('',#3436);
#1039=VERTEX_POINT('',#3437);
#1040=VERTEX_POINT('',#3439);
#1041=VERTEX_POINT('',#3441);
#1042=VERTEX_POINT('',#3445);
#1043=VERTEX_POINT('',#3447);
#1044=VERTEX_POINT('',#3451);
#1045=VERTEX_POINT('',#3453);
#1046=VERTEX_POINT('',#3457);
#1047=VERTEX_POINT('',#3459);
#1048=VERTEX_POINT('',#3463);
#1049=VERTEX_POINT('',#3464);
#1050=VERTEX_POINT('',#3466);
#1051=VERTEX_POINT('',#3468);
#1052=VERTEX_POINT('',#3472);
#1053=VERTEX_POINT('',#3474);
#1054=VERTEX_POINT('',#3478);
#1055=VERTEX_POINT('',#3480);
#1056=VERTEX_POINT('',#3484);
#1057=VERTEX_POINT('',#3486);
#1058=VERTEX_POINT('',#3490);
#1059=VERTEX_POINT('',#3491);
#1060=VERTEX_POINT('',#3493);
#1061=VERTEX_POINT('',#3495);
#1062=VERTEX_POINT('',#3499);
#1063=VERTEX_POINT('',#3501);
#1064=VERTEX_POINT('',#3505);
#1065=VERTEX_POINT('',#3507);
#1066=VERTEX_POINT('',#3511);
#1067=VERTEX_POINT('',#3513);
#1068=VERTEX_POINT('',#3517);
#1069=VERTEX_POINT('',#3519);
#1070=VERTEX_POINT('',#3521);
#1071=VERTEX_POINT('',#3523);
#1072=VERTEX_POINT('',#3525);
#1073=VERTEX_POINT('',#3527);
#1074=VERTEX_POINT('',#3529);
#1075=VERTEX_POINT('',#3531);
#1076=VERTEX_POINT('',#3533);
#1077=VERTEX_POINT('',#3535);
#1078=VERTEX_POINT('',#3537);
#1079=VERTEX_POINT('',#3539);
#1080=VERTEX_POINT('',#3542);
#1081=VERTEX_POINT('',#3544);
#1082=VERTEX_POINT('',#3546);
#1083=VERTEX_POINT('',#3548);
#1084=VERTEX_POINT('',#3550);
#1085=VERTEX_POINT('',#3552);
#1086=VERTEX_POINT('',#3554);
#1087=VERTEX_POINT('',#3556);
#1088=VERTEX_POINT('',#3558);
#1089=VERTEX_POINT('',#3560);
#1090=VERTEX_POINT('',#3563);
#1091=VERTEX_POINT('',#3565);
#1092=VERTEX_POINT('',#3567);
#1093=VERTEX_POINT('',#3569);
#1094=VERTEX_POINT('',#3571);
#1095=VERTEX_POINT('',#3573);
#1096=VERTEX_POINT('',#3575);
#1097=VERTEX_POINT('',#3577);
#1098=VERTEX_POINT('',#3579);
#1099=VERTEX_POINT('',#3581);
#1100=VERTEX_POINT('',#3583);
#1101=VERTEX_POINT('',#3585);
#1102=VERTEX_POINT('',#3587);
#1103=VERTEX_POINT('',#3589);
#1104=VERTEX_POINT('',#3591);
#1105=VERTEX_POINT('',#3593);
#1106=VERTEX_POINT('',#3595);
#1107=VERTEX_POINT('',#3597);
#1108=VERTEX_POINT('',#3599);
#1109=VERTEX_POINT('',#3601);
#1110=VERTEX_POINT('',#3603);
#1111=VERTEX_POINT('',#3605);
#1112=VERTEX_POINT('',#3607);
#1113=VERTEX_POINT('',#3609);
#1114=VERTEX_POINT('',#3611);
#1115=VERTEX_POINT('',#3613);
#1116=VERTEX_POINT('',#3616);
#1117=VERTEX_POINT('',#3617);
#1118=VERTEX_POINT('',#3619);
#1119=VERTEX_POINT('',#3621);
#1120=VERTEX_POINT('',#3623);
#1121=VERTEX_POINT('',#3625);
#1122=VERTEX_POINT('',#3627);
#1123=VERTEX_POINT('',#3629);
#1124=VERTEX_POINT('',#3631);
#1125=VERTEX_POINT('',#3633);
#1126=VERTEX_POINT('',#3635);
#1127=VERTEX_POINT('',#3637);
#1128=VERTEX_POINT('',#3639);
#1129=VERTEX_POINT('',#3641);
#1130=VERTEX_POINT('',#3643);
#1131=VERTEX_POINT('',#3645);
#1132=VERTEX_POINT('',#3647);
#1133=VERTEX_POINT('',#3649);
#1134=VERTEX_POINT('',#3651);
#1135=VERTEX_POINT('',#3653);
#1136=VERTEX_POINT('',#3655);
#1137=VERTEX_POINT('',#3657);
#1138=VERTEX_POINT('',#3659);
#1139=VERTEX_POINT('',#3661);
#1140=VERTEX_POINT('',#3663);
#1141=VERTEX_POINT('',#3665);
#1142=VERTEX_POINT('',#3667);
#1143=VERTEX_POINT('',#3669);
#1144=VERTEX_POINT('',#3672);
#1145=VERTEX_POINT('',#3673);
#1146=VERTEX_POINT('',#3675);
#1147=VERTEX_POINT('',#3677);
#1148=VERTEX_POINT('',#3679);
#1149=VERTEX_POINT('',#3681);
#1150=VERTEX_POINT('',#3685);
#1151=VERTEX_POINT('',#3687);
#1152=VERTEX_POINT('',#3691);
#1153=VERTEX_POINT('',#3695);
#1154=VERTEX_POINT('',#3699);
#1155=VERTEX_POINT('',#3701);
#1156=VERTEX_POINT('',#3705);
#1157=VERTEX_POINT('',#3707);
#1158=VERTEX_POINT('',#3711);
#1159=VERTEX_POINT('',#3715);
#1160=VERTEX_POINT('',#3719);
#1161=VERTEX_POINT('',#3721);
#1162=VERTEX_POINT('',#3725);
#1163=VERTEX_POINT('',#3727);
#1164=VERTEX_POINT('',#3731);
#1165=VERTEX_POINT('',#3735);
#1166=VERTEX_POINT('',#3739);
#1167=VERTEX_POINT('',#3741);
#1168=VERTEX_POINT('',#3745);
#1169=VERTEX_POINT('',#3747);
#1170=VERTEX_POINT('',#3751);
#1171=VERTEX_POINT('',#3755);
#1172=VERTEX_POINT('',#3759);
#1173=VERTEX_POINT('',#3761);
#1174=VERTEX_POINT('',#3765);
#1175=VERTEX_POINT('',#3767);
#1176=VERTEX_POINT('',#3771);
#1177=VERTEX_POINT('',#3775);
#1178=VERTEX_POINT('',#3779);
#1179=VERTEX_POINT('',#3781);
#1180=VERTEX_POINT('',#3785);
#1181=VERTEX_POINT('',#3787);
#1182=VERTEX_POINT('',#3791);
#1183=VERTEX_POINT('',#3795);
#1184=VERTEX_POINT('',#3799);
#1185=VERTEX_POINT('',#3801);
#1186=VERTEX_POINT('',#3805);
#1187=VERTEX_POINT('',#3807);
#1188=VERTEX_POINT('',#3811);
#1189=VERTEX_POINT('',#3815);
#1190=VERTEX_POINT('',#3819);
#1191=VERTEX_POINT('',#3823);
#1192=VERTEX_POINT('',#3827);
#1193=VERTEX_POINT('',#3831);
#1194=VERTEX_POINT('',#3835);
#1195=VERTEX_POINT('',#3839);
#1196=VERTEX_POINT('',#3843);
#1197=VERTEX_POINT('',#3847);
#1198=VERTEX_POINT('',#3851);
#1199=VERTEX_POINT('',#3855);
#1200=VERTEX_POINT('',#3859);
#1201=VERTEX_POINT('',#3863);
#1202=VERTEX_POINT('',#3867);
#1203=VERTEX_POINT('',#3871);
#1204=VERTEX_POINT('',#3875);
#1205=VERTEX_POINT('',#3879);
#1206=VERTEX_POINT('',#3883);
#1207=VERTEX_POINT('',#3887);
#1208=VERTEX_POINT('',#3891);
#1209=VERTEX_POINT('',#3895);
#1210=VERTEX_POINT('',#3899);
#1211=VERTEX_POINT('',#3903);
#1212=VERTEX_POINT('',#3907);
#1213=VERTEX_POINT('',#3911);
#1214=VERTEX_POINT('',#3918);
#1215=VERTEX_POINT('',#3920);
#1216=VERTEX_POINT('',#3924);
#1217=VERTEX_POINT('',#3928);
#1218=VERTEX_POINT('',#3932);
#1219=VERTEX_POINT('',#3934);
#1220=VERTEX_POINT('',#3938);
#1221=VERTEX_POINT('',#3940);
#1222=VERTEX_POINT('',#3944);
#1223=VERTEX_POINT('',#3948);
#1224=VERTEX_POINT('',#3952);
#1225=VERTEX_POINT('',#3954);
#1226=VERTEX_POINT('',#3958);
#1227=VERTEX_POINT('',#3960);
#1228=VERTEX_POINT('',#3964);
#1229=VERTEX_POINT('',#3968);
#1230=VERTEX_POINT('',#3972);
#1231=VERTEX_POINT('',#3974);
#1232=VERTEX_POINT('',#3978);
#1233=VERTEX_POINT('',#3980);
#1234=VERTEX_POINT('',#3984);
#1235=VERTEX_POINT('',#3988);
#1236=VERTEX_POINT('',#3992);
#1237=VERTEX_POINT('',#3994);
#1238=VERTEX_POINT('',#3998);
#1239=VERTEX_POINT('',#4000);
#1240=VERTEX_POINT('',#4004);
#1241=VERTEX_POINT('',#4008);
#1242=VERTEX_POINT('',#4012);
#1243=VERTEX_POINT('',#4014);
#1244=VERTEX_POINT('',#4018);
#1245=VERTEX_POINT('',#4019);
#1246=VERTEX_POINT('',#4024);
#1247=VERTEX_POINT('',#4025);
#1248=VERTEX_POINT('',#4030);
#1249=VERTEX_POINT('',#4031);
#1250=VERTEX_POINT('',#4036);
#1251=VERTEX_POINT('',#4037);
#1252=VERTEX_POINT('',#4042);
#1253=VERTEX_POINT('',#4043);
#1254=VERTEX_POINT('',#4048);
#1255=VERTEX_POINT('',#4049);
#1256=VERTEX_POINT('',#4054);
#1257=VERTEX_POINT('',#4055);
#1258=VERTEX_POINT('',#4060);
#1259=VERTEX_POINT('',#4061);
#1260=VERTEX_POINT('',#4066);
#1261=VERTEX_POINT('',#4067);
#1262=VERTEX_POINT('',#4072);
#1263=VERTEX_POINT('',#4073);
#1264=VERTEX_POINT('',#4078);
#1265=VERTEX_POINT('',#4079);
#1266=VERTEX_POINT('',#4084);
#1267=VERTEX_POINT('',#4085);
#1268=VERTEX_POINT('',#4090);
#1269=VERTEX_POINT('',#4091);
#1270=VERTEX_POINT('',#4096);
#1271=VERTEX_POINT('',#4097);
#1272=VERTEX_POINT('',#4104);
#1273=VERTEX_POINT('',#4114);
#1274=VERTEX_POINT('',#4122);
#1275=VERTEX_POINT('',#4132);
#1276=VERTEX_POINT('',#4145);
#1277=VERTEX_POINT('',#4147);
#1278=VERTEX_POINT('',#4151);
#1279=VERTEX_POINT('',#4155);
#1280=VERTEX_POINT('',#4159);
#1281=VERTEX_POINT('',#4163);
#1282=EDGE_CURVE('',#1038,#1039,#362,.T.);
#1283=EDGE_CURVE('',#1038,#1040,#363,.T.);
#1284=EDGE_CURVE('',#1041,#1040,#364,.T.);
#1285=EDGE_CURVE('',#1039,#1041,#365,.T.);
#1286=EDGE_CURVE('',#1039,#1042,#366,.T.);
#1287=EDGE_CURVE('',#1043,#1041,#367,.T.);
#1288=EDGE_CURVE('',#1042,#1043,#368,.T.);
#1289=EDGE_CURVE('',#1042,#1044,#369,.T.);
#1290=EDGE_CURVE('',#1045,#1043,#370,.T.);
#1291=EDGE_CURVE('',#1044,#1045,#371,.T.);
#1292=EDGE_CURVE('',#1046,#1045,#372,.T.);
#1293=EDGE_CURVE('',#1040,#1047,#373,.T.);
#1294=EDGE_CURVE('',#1047,#1046,#30,.T.);
#1295=EDGE_CURVE('',#1048,#1049,#374,.T.);
#1296=EDGE_CURVE('',#1048,#1050,#375,.T.);
#1297=EDGE_CURVE('',#1051,#1050,#376,.T.);
#1298=EDGE_CURVE('',#1049,#1051,#377,.T.);
#1299=EDGE_CURVE('',#1049,#1052,#378,.T.);
#1300=EDGE_CURVE('',#1053,#1051,#379,.T.);
#1301=EDGE_CURVE('',#1052,#1053,#380,.T.);
#1302=EDGE_CURVE('',#1052,#1054,#381,.T.);
#1303=EDGE_CURVE('',#1055,#1053,#382,.T.);
#1304=EDGE_CURVE('',#1054,#1055,#383,.T.);
#1305=EDGE_CURVE('',#1056,#1055,#384,.T.);
#1306=EDGE_CURVE('',#1050,#1057,#385,.T.);
#1307=EDGE_CURVE('',#1057,#1056,#31,.T.);
#1308=EDGE_CURVE('',#1058,#1059,#386,.T.);
#1309=EDGE_CURVE('',#1058,#1060,#387,.T.);
#1310=EDGE_CURVE('',#1061,#1060,#388,.T.);
#1311=EDGE_CURVE('',#1059,#1061,#389,.T.);
#1312=EDGE_CURVE('',#1059,#1062,#390,.T.);
#1313=EDGE_CURVE('',#1063,#1061,#391,.T.);
#1314=EDGE_CURVE('',#1062,#1063,#392,.T.);
#1315=EDGE_CURVE('',#1062,#1064,#393,.T.);
#1316=EDGE_CURVE('',#1065,#1063,#394,.T.);
#1317=EDGE_CURVE('',#1064,#1065,#395,.T.);
#1318=EDGE_CURVE('',#1060,#1066,#396,.T.);
#1319=EDGE_CURVE('',#1066,#1067,#32,.T.);
#1320=EDGE_CURVE('',#1067,#1065,#397,.T.);
#1321=EDGE_CURVE('',#1044,#1068,#398,.T.);
#1322=EDGE_CURVE('',#1068,#1069,#399,.T.);
#1323=EDGE_CURVE('',#1069,#1070,#400,.T.);
#1324=EDGE_CURVE('',#1070,#1071,#401,.T.);
#1325=EDGE_CURVE('',#1071,#1072,#402,.T.);
#1326=EDGE_CURVE('',#1072,#1073,#403,.T.);
#1327=EDGE_CURVE('',#1073,#1074,#404,.T.);
#1328=EDGE_CURVE('',#1074,#1075,#405,.T.);
#1329=EDGE_CURVE('',#1075,#1076,#406,.T.);
#1330=EDGE_CURVE('',#1076,#1077,#407,.T.);
#1331=EDGE_CURVE('',#1077,#1078,#408,.T.);
#1332=EDGE_CURVE('',#1078,#1079,#409,.T.);
#1333=EDGE_CURVE('',#1079,#1048,#410,.T.);
#1334=EDGE_CURVE('',#1054,#1080,#411,.T.);
#1335=EDGE_CURVE('',#1080,#1081,#412,.T.);
#1336=EDGE_CURVE('',#1081,#1082,#413,.T.);
#1337=EDGE_CURVE('',#1082,#1083,#414,.T.);
#1338=EDGE_CURVE('',#1083,#1084,#415,.T.);
#1339=EDGE_CURVE('',#1084,#1085,#416,.T.);
#1340=EDGE_CURVE('',#1085,#1086,#417,.T.);
#1341=EDGE_CURVE('',#1086,#1087,#418,.T.);
#1342=EDGE_CURVE('',#1087,#1088,#419,.T.);
#1343=EDGE_CURVE('',#1088,#1089,#420,.T.);
#1344=EDGE_CURVE('',#1089,#1058,#421,.T.);
#1345=EDGE_CURVE('',#1064,#1090,#422,.T.);
#1346=EDGE_CURVE('',#1090,#1091,#423,.T.);
#1347=EDGE_CURVE('',#1091,#1092,#424,.T.);
#1348=EDGE_CURVE('',#1092,#1093,#425,.T.);
#1349=EDGE_CURVE('',#1093,#1094,#426,.T.);
#1350=EDGE_CURVE('',#1094,#1095,#427,.T.);
#1351=EDGE_CURVE('',#1095,#1096,#428,.T.);
#1352=EDGE_CURVE('',#1096,#1097,#429,.T.);
#1353=EDGE_CURVE('',#1097,#1098,#430,.T.);
#1354=EDGE_CURVE('',#1098,#1099,#431,.T.);
#1355=EDGE_CURVE('',#1099,#1100,#432,.T.);
#1356=EDGE_CURVE('',#1100,#1101,#433,.T.);
#1357=EDGE_CURVE('',#1101,#1102,#434,.T.);
#1358=EDGE_CURVE('',#1102,#1103,#435,.T.);
#1359=EDGE_CURVE('',#1103,#1104,#436,.T.);
#1360=EDGE_CURVE('',#1104,#1105,#437,.T.);
#1361=EDGE_CURVE('',#1105,#1106,#438,.T.);
#1362=EDGE_CURVE('',#1106,#1107,#439,.T.);
#1363=EDGE_CURVE('',#1107,#1108,#440,.T.);
#1364=EDGE_CURVE('',#1108,#1109,#441,.T.);
#1365=EDGE_CURVE('',#1109,#1110,#442,.T.);
#1366=EDGE_CURVE('',#1110,#1111,#443,.T.);
#1367=EDGE_CURVE('',#1111,#1112,#444,.T.);
#1368=EDGE_CURVE('',#1112,#1113,#445,.T.);
#1369=EDGE_CURVE('',#1113,#1114,#446,.T.);
#1370=EDGE_CURVE('',#1114,#1115,#447,.T.);
#1371=EDGE_CURVE('',#1115,#1038,#448,.T.);
#1372=EDGE_CURVE('',#1116,#1117,#449,.T.);
#1373=EDGE_CURVE('',#1117,#1118,#450,.T.);
#1374=EDGE_CURVE('',#1118,#1119,#451,.T.);
#1375=EDGE_CURVE('',#1119,#1120,#452,.T.);
#1376=EDGE_CURVE('',#1120,#1121,#453,.T.);
#1377=EDGE_CURVE('',#1121,#1122,#454,.T.);
#1378=EDGE_CURVE('',#1122,#1123,#455,.T.);
#1379=EDGE_CURVE('',#1123,#1124,#456,.T.);
#1380=EDGE_CURVE('',#1124,#1125,#457,.T.);
#1381=EDGE_CURVE('',#1125,#1126,#458,.T.);
#1382=EDGE_CURVE('',#1126,#1127,#459,.T.);
#1383=EDGE_CURVE('',#1127,#1128,#460,.T.);
#1384=EDGE_CURVE('',#1128,#1129,#461,.T.);
#1385=EDGE_CURVE('',#1129,#1130,#462,.T.);
#1386=EDGE_CURVE('',#1130,#1131,#463,.T.);
#1387=EDGE_CURVE('',#1131,#1132,#464,.T.);
#1388=EDGE_CURVE('',#1132,#1133,#465,.T.);
#1389=EDGE_CURVE('',#1133,#1134,#466,.T.);
#1390=EDGE_CURVE('',#1134,#1135,#467,.T.);
#1391=EDGE_CURVE('',#1135,#1136,#468,.T.);
#1392=EDGE_CURVE('',#1136,#1137,#469,.T.);
#1393=EDGE_CURVE('',#1137,#1138,#470,.T.);
#1394=EDGE_CURVE('',#1138,#1139,#471,.T.);
#1395=EDGE_CURVE('',#1139,#1140,#472,.T.);
#1396=EDGE_CURVE('',#1140,#1141,#473,.T.);
#1397=EDGE_CURVE('',#1141,#1142,#474,.T.);
#1398=EDGE_CURVE('',#1142,#1143,#475,.T.);
#1399=EDGE_CURVE('',#1143,#1116,#476,.T.);
#1400=EDGE_CURVE('',#1144,#1145,#477,.T.);
#1401=EDGE_CURVE('',#1145,#1146,#478,.T.);
#1402=EDGE_CURVE('',#1146,#1147,#479,.T.);
#1403=EDGE_CURVE('',#1147,#1148,#480,.T.);
#1404=EDGE_CURVE('',#1148,#1149,#481,.T.);
#1405=EDGE_CURVE('',#1149,#1144,#482,.T.);
#1406=EDGE_CURVE('',#1102,#1150,#483,.T.);
#1407=EDGE_CURVE('',#1151,#1150,#484,.T.);
#1408=EDGE_CURVE('',#1103,#1151,#485,.T.);
#1409=EDGE_CURVE('',#1152,#1151,#486,.T.);
#1410=EDGE_CURVE('',#1104,#1152,#487,.T.);
#1411=EDGE_CURVE('',#1153,#1152,#488,.T.);
#1412=EDGE_CURVE('',#1105,#1153,#489,.T.);
#1413=EDGE_CURVE('',#1150,#1154,#490,.T.);
#1414=EDGE_CURVE('',#1154,#1155,#33,.T.);
#1415=EDGE_CURVE('',#1155,#1153,#491,.T.);
#1416=EDGE_CURVE('',#1106,#1156,#492,.T.);
#1417=EDGE_CURVE('',#1157,#1156,#493,.T.);
#1418=EDGE_CURVE('',#1107,#1157,#494,.T.);
#1419=EDGE_CURVE('',#1158,#1157,#495,.T.);
#1420=EDGE_CURVE('',#1108,#1158,#496,.T.);
#1421=EDGE_CURVE('',#1159,#1158,#497,.T.);
#1422=EDGE_CURVE('',#1109,#1159,#498,.T.);
#1423=EDGE_CURVE('',#1156,#1160,#499,.T.);
#1424=EDGE_CURVE('',#1160,#1161,#34,.T.);
#1425=EDGE_CURVE('',#1161,#1159,#500,.T.);
#1426=EDGE_CURVE('',#1090,#1162,#501,.T.);
#1427=EDGE_CURVE('',#1163,#1162,#502,.T.);
#1428=EDGE_CURVE('',#1091,#1163,#503,.T.);
#1429=EDGE_CURVE('',#1164,#1163,#504,.T.);
#1430=EDGE_CURVE('',#1092,#1164,#505,.T.);
#1431=EDGE_CURVE('',#1165,#1164,#506,.T.);
#1432=EDGE_CURVE('',#1093,#1165,#507,.T.);
#1433=EDGE_CURVE('',#1162,#1166,#508,.T.);
#1434=EDGE_CURVE('',#1166,#1167,#35,.T.);
#1435=EDGE_CURVE('',#1167,#1165,#509,.T.);
#1436=EDGE_CURVE('',#1080,#1168,#510,.T.);
#1437=EDGE_CURVE('',#1169,#1168,#511,.T.);
#1438=EDGE_CURVE('',#1081,#1169,#512,.T.);
#1439=EDGE_CURVE('',#1170,#1169,#513,.T.);
#1440=EDGE_CURVE('',#1082,#1170,#514,.T.);
#1441=EDGE_CURVE('',#1171,#1170,#515,.T.);
#1442=EDGE_CURVE('',#1083,#1171,#516,.T.);
#1443=EDGE_CURVE('',#1172,#1171,#517,.T.);
#1444=EDGE_CURVE('',#1168,#1173,#518,.T.);
#1445=EDGE_CURVE('',#1173,#1172,#36,.T.);
#1446=EDGE_CURVE('',#1068,#1174,#519,.T.);
#1447=EDGE_CURVE('',#1175,#1174,#520,.T.);
#1448=EDGE_CURVE('',#1069,#1175,#521,.T.);
#1449=EDGE_CURVE('',#1176,#1175,#522,.T.);
#1450=EDGE_CURVE('',#1070,#1176,#523,.T.);
#1451=EDGE_CURVE('',#1177,#1176,#524,.T.);
#1452=EDGE_CURVE('',#1071,#1177,#525,.T.);
#1453=EDGE_CURVE('',#1178,#1177,#526,.T.);
#1454=EDGE_CURVE('',#1174,#1179,#527,.T.);
#1455=EDGE_CURVE('',#1179,#1178,#37,.T.);
#1456=EDGE_CURVE('',#1076,#1180,#528,.T.);
#1457=EDGE_CURVE('',#1181,#1180,#529,.T.);
#1458=EDGE_CURVE('',#1077,#1181,#530,.T.);
#1459=EDGE_CURVE('',#1182,#1181,#531,.T.);
#1460=EDGE_CURVE('',#1078,#1182,#532,.T.);
#1461=EDGE_CURVE('',#1183,#1182,#533,.T.);
#1462=EDGE_CURVE('',#1079,#1183,#534,.T.);
#1463=EDGE_CURVE('',#1184,#1183,#535,.T.);
#1464=EDGE_CURVE('',#1180,#1185,#536,.T.);
#1465=EDGE_CURVE('',#1185,#1184,#38,.T.);
#1466=EDGE_CURVE('',#1116,#1186,#537,.T.);
#1467=EDGE_CURVE('',#1187,#1186,#538,.T.);
#1468=EDGE_CURVE('',#1117,#1187,#539,.T.);
#1469=EDGE_CURVE('',#1188,#1187,#540,.T.);
#1470=EDGE_CURVE('',#1118,#1188,#541,.T.);
#1471=EDGE_CURVE('',#1189,#1188,#542,.T.);
#1472=EDGE_CURVE('',#1119,#1189,#543,.T.);
#1473=EDGE_CURVE('',#1190,#1189,#544,.T.);
#1474=EDGE_CURVE('',#1120,#1190,#545,.T.);
#1475=EDGE_CURVE('',#1191,#1190,#546,.T.);
#1476=EDGE_CURVE('',#1121,#1191,#547,.T.);
#1477=EDGE_CURVE('',#1192,#1191,#548,.T.);
#1478=EDGE_CURVE('',#1122,#1192,#549,.T.);
#1479=EDGE_CURVE('',#1193,#1192,#550,.T.);
#1480=EDGE_CURVE('',#1123,#1193,#551,.T.);
#1481=EDGE_CURVE('',#1194,#1193,#552,.T.);
#1482=EDGE_CURVE('',#1124,#1194,#553,.T.);
#1483=EDGE_CURVE('',#1195,#1194,#554,.T.);
#1484=EDGE_CURVE('',#1125,#1195,#555,.T.);
#1485=EDGE_CURVE('',#1196,#1195,#556,.T.);
#1486=EDGE_CURVE('',#1126,#1196,#557,.T.);
#1487=EDGE_CURVE('',#1197,#1196,#558,.T.);
#1488=EDGE_CURVE('',#1127,#1197,#559,.T.);
#1489=EDGE_CURVE('',#1198,#1197,#560,.T.);
#1490=EDGE_CURVE('',#1128,#1198,#561,.T.);
#1491=EDGE_CURVE('',#1199,#1198,#562,.T.);
#1492=EDGE_CURVE('',#1129,#1199,#563,.T.);
#1493=EDGE_CURVE('',#1200,#1199,#564,.T.);
#1494=EDGE_CURVE('',#1130,#1200,#565,.T.);
#1495=EDGE_CURVE('',#1201,#1200,#566,.T.);
#1496=EDGE_CURVE('',#1131,#1201,#567,.T.);
#1497=EDGE_CURVE('',#1202,#1201,#568,.T.);
#1498=EDGE_CURVE('',#1132,#1202,#569,.T.);
#1499=EDGE_CURVE('',#1203,#1202,#570,.T.);
#1500=EDGE_CURVE('',#1133,#1203,#571,.T.);
#1501=EDGE_CURVE('',#1204,#1203,#572,.T.);
#1502=EDGE_CURVE('',#1134,#1204,#573,.T.);
#1503=EDGE_CURVE('',#1205,#1204,#574,.T.);
#1504=EDGE_CURVE('',#1135,#1205,#575,.T.);
#1505=EDGE_CURVE('',#1206,#1205,#576,.T.);
#1506=EDGE_CURVE('',#1136,#1206,#577,.T.);
#1507=EDGE_CURVE('',#1207,#1206,#578,.T.);
#1508=EDGE_CURVE('',#1137,#1207,#579,.T.);
#1509=EDGE_CURVE('',#1208,#1207,#580,.T.);
#1510=EDGE_CURVE('',#1138,#1208,#581,.T.);
#1511=EDGE_CURVE('',#1209,#1208,#582,.T.);
#1512=EDGE_CURVE('',#1139,#1209,#583,.T.);
#1513=EDGE_CURVE('',#1210,#1209,#584,.T.);
#1514=EDGE_CURVE('',#1140,#1210,#585,.T.);
#1515=EDGE_CURVE('',#1211,#1210,#586,.T.);
#1516=EDGE_CURVE('',#1141,#1211,#587,.T.);
#1517=EDGE_CURVE('',#1212,#1211,#588,.T.);
#1518=EDGE_CURVE('',#1142,#1212,#589,.T.);
#1519=EDGE_CURVE('',#1213,#1212,#590,.T.);
#1520=EDGE_CURVE('',#1143,#1213,#591,.T.);
#1521=EDGE_CURVE('',#1186,#1213,#592,.T.);
#1522=EDGE_CURVE('',#1098,#1214,#593,.T.);
#1523=EDGE_CURVE('',#1215,#1214,#594,.T.);
#1524=EDGE_CURVE('',#1099,#1215,#595,.T.);
#1525=EDGE_CURVE('',#1216,#1215,#596,.T.);
#1526=EDGE_CURVE('',#1100,#1216,#597,.T.);
#1527=EDGE_CURVE('',#1217,#1216,#598,.T.);
#1528=EDGE_CURVE('',#1101,#1217,#599,.T.);
#1529=EDGE_CURVE('',#1214,#1218,#600,.T.);
#1530=EDGE_CURVE('',#1218,#1219,#39,.T.);
#1531=EDGE_CURVE('',#1219,#1217,#601,.T.);
#1532=EDGE_CURVE('',#1110,#1220,#602,.T.);
#1533=EDGE_CURVE('',#1221,#1220,#603,.T.);
#1534=EDGE_CURVE('',#1111,#1221,#604,.T.);
#1535=EDGE_CURVE('',#1222,#1221,#605,.T.);
#1536=EDGE_CURVE('',#1112,#1222,#606,.T.);
#1537=EDGE_CURVE('',#1223,#1222,#607,.T.);
#1538=EDGE_CURVE('',#1113,#1223,#608,.T.);
#1539=EDGE_CURVE('',#1220,#1224,#609,.T.);
#1540=EDGE_CURVE('',#1224,#1225,#40,.T.);
#1541=EDGE_CURVE('',#1225,#1223,#610,.T.);
#1542=EDGE_CURVE('',#1094,#1226,#611,.T.);
#1543=EDGE_CURVE('',#1227,#1226,#612,.T.);
#1544=EDGE_CURVE('',#1095,#1227,#613,.T.);
#1545=EDGE_CURVE('',#1228,#1227,#614,.T.);
#1546=EDGE_CURVE('',#1096,#1228,#615,.T.);
#1547=EDGE_CURVE('',#1229,#1228,#616,.T.);
#1548=EDGE_CURVE('',#1097,#1229,#617,.T.);
#1549=EDGE_CURVE('',#1226,#1230,#618,.T.);
#1550=EDGE_CURVE('',#1230,#1231,#41,.T.);
#1551=EDGE_CURVE('',#1231,#1229,#619,.T.);
#1552=EDGE_CURVE('',#1084,#1232,#620,.T.);
#1553=EDGE_CURVE('',#1233,#1232,#621,.T.);
#1554=EDGE_CURVE('',#1085,#1233,#622,.T.);
#1555=EDGE_CURVE('',#1234,#1233,#623,.T.);
#1556=EDGE_CURVE('',#1086,#1234,#624,.T.);
#1557=EDGE_CURVE('',#1235,#1234,#625,.T.);
#1558=EDGE_CURVE('',#1087,#1235,#626,.T.);
#1559=EDGE_CURVE('',#1236,#1235,#627,.T.);
#1560=EDGE_CURVE('',#1232,#1237,#628,.T.);
#1561=EDGE_CURVE('',#1237,#1236,#42,.T.);
#1562=EDGE_CURVE('',#1072,#1238,#629,.T.);
#1563=EDGE_CURVE('',#1239,#1238,#630,.T.);
#1564=EDGE_CURVE('',#1073,#1239,#631,.T.);
#1565=EDGE_CURVE('',#1240,#1239,#632,.T.);
#1566=EDGE_CURVE('',#1074,#1240,#633,.T.);
#1567=EDGE_CURVE('',#1241,#1240,#634,.T.);
#1568=EDGE_CURVE('',#1075,#1241,#635,.T.);
#1569=EDGE_CURVE('',#1242,#1241,#636,.T.);
#1570=EDGE_CURVE('',#1238,#1243,#637,.T.);
#1571=EDGE_CURVE('',#1243,#1242,#43,.T.);
#1572=EDGE_CURVE('',#1244,#1245,#44,.T.);
#1573=EDGE_CURVE('',#1056,#1244,#638,.T.);
#1574=EDGE_CURVE('',#1245,#1057,#639,.T.);
#1575=EDGE_CURVE('',#1246,#1247,#45,.T.);
#1576=EDGE_CURVE('',#1046,#1246,#640,.T.);
#1577=EDGE_CURVE('',#1247,#1047,#641,.T.);
#1578=EDGE_CURVE('',#1248,#1249,#46,.T.);
#1579=EDGE_CURVE('',#1219,#1248,#642,.T.);
#1580=EDGE_CURVE('',#1249,#1218,#643,.T.);
#1581=EDGE_CURVE('',#1250,#1251,#47,.T.);
#1582=EDGE_CURVE('',#1225,#1250,#644,.T.);
#1583=EDGE_CURVE('',#1251,#1224,#645,.T.);
#1584=EDGE_CURVE('',#1252,#1253,#48,.T.);
#1585=EDGE_CURVE('',#1231,#1252,#646,.T.);
#1586=EDGE_CURVE('',#1253,#1230,#647,.T.);
#1587=EDGE_CURVE('',#1254,#1255,#49,.T.);
#1588=EDGE_CURVE('',#1178,#1254,#648,.T.);
#1589=EDGE_CURVE('',#1255,#1179,#649,.T.);
#1590=EDGE_CURVE('',#1256,#1257,#50,.T.);
#1591=EDGE_CURVE('',#1172,#1256,#650,.T.);
#1592=EDGE_CURVE('',#1257,#1173,#651,.T.);
#1593=EDGE_CURVE('',#1258,#1259,#51,.T.);
#1594=EDGE_CURVE('',#1184,#1258,#652,.T.);
#1595=EDGE_CURVE('',#1259,#1185,#653,.T.);
#1596=EDGE_CURVE('',#1260,#1261,#52,.T.);
#1597=EDGE_CURVE('',#1067,#1260,#654,.T.);
#1598=EDGE_CURVE('',#1261,#1066,#655,.T.);
#1599=EDGE_CURVE('',#1262,#1263,#53,.T.);
#1600=EDGE_CURVE('',#1155,#1262,#656,.T.);
#1601=EDGE_CURVE('',#1263,#1154,#657,.T.);
#1602=EDGE_CURVE('',#1264,#1265,#54,.T.);
#1603=EDGE_CURVE('',#1161,#1264,#658,.T.);
#1604=EDGE_CURVE('',#1265,#1160,#659,.T.);
#1605=EDGE_CURVE('',#1266,#1267,#55,.T.);
#1606=EDGE_CURVE('',#1167,#1266,#660,.T.);
#1607=EDGE_CURVE('',#1267,#1166,#661,.T.);
#1608=EDGE_CURVE('',#1268,#1269,#56,.T.);
#1609=EDGE_CURVE('',#1242,#1268,#662,.T.);
#1610=EDGE_CURVE('',#1269,#1243,#663,.T.);
#1611=EDGE_CURVE('',#1270,#1271,#57,.T.);
#1612=EDGE_CURVE('',#1236,#1270,#664,.T.);
#1613=EDGE_CURVE('',#1271,#1237,#665,.T.);
#1614=EDGE_CURVE('',#1265,#1262,#666,.T.);
#1615=EDGE_CURVE('',#1272,#1089,#667,.T.);
#1616=EDGE_CURVE('',#1261,#1272,#668,.T.);
#1617=EDGE_CURVE('',#1267,#1260,#669,.T.);
#1618=EDGE_CURVE('',#1253,#1266,#670,.T.);
#1619=EDGE_CURVE('',#1251,#1264,#671,.T.);
#1620=EDGE_CURVE('',#1273,#1250,#672,.T.);
#1621=EDGE_CURVE('',#1273,#1114,#673,.T.);
#1622=EDGE_CURVE('',#1249,#1252,#674,.T.);
#1623=EDGE_CURVE('',#1263,#1248,#675,.T.);
#1624=EDGE_CURVE('',#1274,#1270,#676,.T.);
#1625=EDGE_CURVE('',#1274,#1088,#677,.T.);
#1626=EDGE_CURVE('',#1259,#1268,#678,.T.);
#1627=EDGE_CURVE('',#1271,#1256,#679,.T.);
#1628=EDGE_CURVE('',#1269,#1254,#680,.T.);
#1629=EDGE_CURVE('',#1275,#1115,#681,.T.);
#1630=EDGE_CURVE('',#1247,#1275,#682,.T.);
#1631=EDGE_CURVE('',#1255,#1246,#683,.T.);
#1632=EDGE_CURVE('',#1245,#1258,#684,.T.);
#1633=EDGE_CURVE('',#1257,#1244,#685,.T.);
#1634=EDGE_CURVE('',#1275,#1273,#686,.T.);
#1635=EDGE_CURVE('',#1272,#1274,#687,.T.);
#1636=EDGE_CURVE('',#1144,#1276,#688,.T.);
#1637=EDGE_CURVE('',#1277,#1276,#689,.T.);
#1638=EDGE_CURVE('',#1145,#1277,#690,.T.);
#1639=EDGE_CURVE('',#1278,#1277,#691,.T.);
#1640=EDGE_CURVE('',#1146,#1278,#692,.T.);
#1641=EDGE_CURVE('',#1279,#1278,#693,.T.);
#1642=EDGE_CURVE('',#1147,#1279,#694,.T.);
#1643=EDGE_CURVE('',#1280,#1279,#695,.T.);
#1644=EDGE_CURVE('',#1148,#1280,#696,.T.);
#1645=EDGE_CURVE('',#1281,#1280,#697,.T.);
#1646=EDGE_CURVE('',#1149,#1281,#698,.T.);
#1647=EDGE_CURVE('',#1276,#1281,#699,.T.);
#1648=ORIENTED_EDGE('',*,*,#1282,.F.);
#1649=ORIENTED_EDGE('',*,*,#1283,.T.);
#1650=ORIENTED_EDGE('',*,*,#1284,.F.);
#1651=ORIENTED_EDGE('',*,*,#1285,.F.);
#1652=ORIENTED_EDGE('',*,*,#1286,.F.);
#1653=ORIENTED_EDGE('',*,*,#1285,.T.);
#1654=ORIENTED_EDGE('',*,*,#1287,.F.);
#1655=ORIENTED_EDGE('',*,*,#1288,.F.);
#1656=ORIENTED_EDGE('',*,*,#1289,.F.);
#1657=ORIENTED_EDGE('',*,*,#1288,.T.);
#1658=ORIENTED_EDGE('',*,*,#1290,.F.);
#1659=ORIENTED_EDGE('',*,*,#1291,.F.);
#1660=ORIENTED_EDGE('',*,*,#1292,.T.);
#1661=ORIENTED_EDGE('',*,*,#1290,.T.);
#1662=ORIENTED_EDGE('',*,*,#1287,.T.);
#1663=ORIENTED_EDGE('',*,*,#1284,.T.);
#1664=ORIENTED_EDGE('',*,*,#1293,.T.);
#1665=ORIENTED_EDGE('',*,*,#1294,.T.);
#1666=ORIENTED_EDGE('',*,*,#1295,.F.);
#1667=ORIENTED_EDGE('',*,*,#1296,.T.);
#1668=ORIENTED_EDGE('',*,*,#1297,.F.);
#1669=ORIENTED_EDGE('',*,*,#1298,.F.);
#1670=ORIENTED_EDGE('',*,*,#1299,.F.);
#1671=ORIENTED_EDGE('',*,*,#1298,.T.);
#1672=ORIENTED_EDGE('',*,*,#1300,.F.);
#1673=ORIENTED_EDGE('',*,*,#1301,.F.);
#1674=ORIENTED_EDGE('',*,*,#1302,.F.);
#1675=ORIENTED_EDGE('',*,*,#1301,.T.);
#1676=ORIENTED_EDGE('',*,*,#1303,.F.);
#1677=ORIENTED_EDGE('',*,*,#1304,.F.);
#1678=ORIENTED_EDGE('',*,*,#1305,.T.);
#1679=ORIENTED_EDGE('',*,*,#1303,.T.);
#1680=ORIENTED_EDGE('',*,*,#1300,.T.);
#1681=ORIENTED_EDGE('',*,*,#1297,.T.);
#1682=ORIENTED_EDGE('',*,*,#1306,.T.);
#1683=ORIENTED_EDGE('',*,*,#1307,.T.);
#1684=ORIENTED_EDGE('',*,*,#1308,.F.);
#1685=ORIENTED_EDGE('',*,*,#1309,.T.);
#1686=ORIENTED_EDGE('',*,*,#1310,.F.);
#1687=ORIENTED_EDGE('',*,*,#1311,.F.);
#1688=ORIENTED_EDGE('',*,*,#1312,.F.);
#1689=ORIENTED_EDGE('',*,*,#1311,.T.);
#1690=ORIENTED_EDGE('',*,*,#1313,.F.);
#1691=ORIENTED_EDGE('',*,*,#1314,.F.);
#1692=ORIENTED_EDGE('',*,*,#1315,.F.);
#1693=ORIENTED_EDGE('',*,*,#1314,.T.);
#1694=ORIENTED_EDGE('',*,*,#1316,.F.);
#1695=ORIENTED_EDGE('',*,*,#1317,.F.);
#1696=ORIENTED_EDGE('',*,*,#1316,.T.);
#1697=ORIENTED_EDGE('',*,*,#1313,.T.);
#1698=ORIENTED_EDGE('',*,*,#1310,.T.);
#1699=ORIENTED_EDGE('',*,*,#1318,.T.);
#1700=ORIENTED_EDGE('',*,*,#1319,.T.);
#1701=ORIENTED_EDGE('',*,*,#1320,.T.);
#1702=ORIENTED_EDGE('',*,*,#1289,.T.);
#1703=ORIENTED_EDGE('',*,*,#1321,.T.);
#1704=ORIENTED_EDGE('',*,*,#1322,.T.);
#1705=ORIENTED_EDGE('',*,*,#1323,.T.);
#1706=ORIENTED_EDGE('',*,*,#1324,.T.);
#1707=ORIENTED_EDGE('',*,*,#1325,.T.);
#1708=ORIENTED_EDGE('',*,*,#1326,.T.);
#1709=ORIENTED_EDGE('',*,*,#1327,.T.);
#1710=ORIENTED_EDGE('',*,*,#1328,.T.);
#1711=ORIENTED_EDGE('',*,*,#1329,.T.);
#1712=ORIENTED_EDGE('',*,*,#1330,.T.);
#1713=ORIENTED_EDGE('',*,*,#1331,.T.);
#1714=ORIENTED_EDGE('',*,*,#1332,.T.);
#1715=ORIENTED_EDGE('',*,*,#1333,.T.);
#1716=ORIENTED_EDGE('',*,*,#1295,.T.);
#1717=ORIENTED_EDGE('',*,*,#1299,.T.);
#1718=ORIENTED_EDGE('',*,*,#1302,.T.);
#1719=ORIENTED_EDGE('',*,*,#1334,.T.);
#1720=ORIENTED_EDGE('',*,*,#1335,.T.);
#1721=ORIENTED_EDGE('',*,*,#1336,.T.);
#1722=ORIENTED_EDGE('',*,*,#1337,.T.);
#1723=ORIENTED_EDGE('',*,*,#1338,.T.);
#1724=ORIENTED_EDGE('',*,*,#1339,.T.);
#1725=ORIENTED_EDGE('',*,*,#1340,.T.);
#1726=ORIENTED_EDGE('',*,*,#1341,.T.);
#1727=ORIENTED_EDGE('',*,*,#1342,.T.);
#1728=ORIENTED_EDGE('',*,*,#1343,.T.);
#1729=ORIENTED_EDGE('',*,*,#1344,.T.);
#1730=ORIENTED_EDGE('',*,*,#1308,.T.);
#1731=ORIENTED_EDGE('',*,*,#1312,.T.);
#1732=ORIENTED_EDGE('',*,*,#1315,.T.);
#1733=ORIENTED_EDGE('',*,*,#1345,.T.);
#1734=ORIENTED_EDGE('',*,*,#1346,.T.);
#1735=ORIENTED_EDGE('',*,*,#1347,.T.);
#1736=ORIENTED_EDGE('',*,*,#1348,.T.);
#1737=ORIENTED_EDGE('',*,*,#1349,.T.);
#1738=ORIENTED_EDGE('',*,*,#1350,.T.);
#1739=ORIENTED_EDGE('',*,*,#1351,.T.);
#1740=ORIENTED_EDGE('',*,*,#1352,.T.);
#1741=ORIENTED_EDGE('',*,*,#1353,.T.);
#1742=ORIENTED_EDGE('',*,*,#1354,.T.);
#1743=ORIENTED_EDGE('',*,*,#1355,.T.);
#1744=ORIENTED_EDGE('',*,*,#1356,.T.);
#1745=ORIENTED_EDGE('',*,*,#1357,.T.);
#1746=ORIENTED_EDGE('',*,*,#1358,.T.);
#1747=ORIENTED_EDGE('',*,*,#1359,.T.);
#1748=ORIENTED_EDGE('',*,*,#1360,.T.);
#1749=ORIENTED_EDGE('',*,*,#1361,.T.);
#1750=ORIENTED_EDGE('',*,*,#1362,.T.);
#1751=ORIENTED_EDGE('',*,*,#1363,.T.);
#1752=ORIENTED_EDGE('',*,*,#1364,.T.);
#1753=ORIENTED_EDGE('',*,*,#1365,.T.);
#1754=ORIENTED_EDGE('',*,*,#1366,.T.);
#1755=ORIENTED_EDGE('',*,*,#1367,.T.);
#1756=ORIENTED_EDGE('',*,*,#1368,.T.);
#1757=ORIENTED_EDGE('',*,*,#1369,.T.);
#1758=ORIENTED_EDGE('',*,*,#1370,.T.);
#1759=ORIENTED_EDGE('',*,*,#1371,.T.);
#1760=ORIENTED_EDGE('',*,*,#1282,.T.);
#1761=ORIENTED_EDGE('',*,*,#1286,.T.);
#1762=ORIENTED_EDGE('',*,*,#1372,.T.);
#1763=ORIENTED_EDGE('',*,*,#1373,.T.);
#1764=ORIENTED_EDGE('',*,*,#1374,.T.);
#1765=ORIENTED_EDGE('',*,*,#1375,.T.);
#1766=ORIENTED_EDGE('',*,*,#1376,.T.);
#1767=ORIENTED_EDGE('',*,*,#1377,.T.);
#1768=ORIENTED_EDGE('',*,*,#1378,.T.);
#1769=ORIENTED_EDGE('',*,*,#1379,.T.);
#1770=ORIENTED_EDGE('',*,*,#1380,.T.);
#1771=ORIENTED_EDGE('',*,*,#1381,.T.);
#1772=ORIENTED_EDGE('',*,*,#1382,.T.);
#1773=ORIENTED_EDGE('',*,*,#1383,.T.);
#1774=ORIENTED_EDGE('',*,*,#1384,.T.);
#1775=ORIENTED_EDGE('',*,*,#1385,.T.);
#1776=ORIENTED_EDGE('',*,*,#1386,.T.);
#1777=ORIENTED_EDGE('',*,*,#1387,.T.);
#1778=ORIENTED_EDGE('',*,*,#1388,.T.);
#1779=ORIENTED_EDGE('',*,*,#1389,.T.);
#1780=ORIENTED_EDGE('',*,*,#1390,.T.);
#1781=ORIENTED_EDGE('',*,*,#1391,.T.);
#1782=ORIENTED_EDGE('',*,*,#1392,.T.);
#1783=ORIENTED_EDGE('',*,*,#1393,.T.);
#1784=ORIENTED_EDGE('',*,*,#1394,.T.);
#1785=ORIENTED_EDGE('',*,*,#1395,.T.);
#1786=ORIENTED_EDGE('',*,*,#1396,.T.);
#1787=ORIENTED_EDGE('',*,*,#1397,.T.);
#1788=ORIENTED_EDGE('',*,*,#1398,.T.);
#1789=ORIENTED_EDGE('',*,*,#1399,.T.);
#1790=ORIENTED_EDGE('',*,*,#1400,.T.);
#1791=ORIENTED_EDGE('',*,*,#1401,.T.);
#1792=ORIENTED_EDGE('',*,*,#1402,.T.);
#1793=ORIENTED_EDGE('',*,*,#1403,.T.);
#1794=ORIENTED_EDGE('',*,*,#1404,.T.);
#1795=ORIENTED_EDGE('',*,*,#1405,.T.);
#1796=ORIENTED_EDGE('',*,*,#1358,.F.);
#1797=ORIENTED_EDGE('',*,*,#1406,.T.);
#1798=ORIENTED_EDGE('',*,*,#1407,.F.);
#1799=ORIENTED_EDGE('',*,*,#1408,.F.);
#1800=ORIENTED_EDGE('',*,*,#1359,.F.);
#1801=ORIENTED_EDGE('',*,*,#1408,.T.);
#1802=ORIENTED_EDGE('',*,*,#1409,.F.);
#1803=ORIENTED_EDGE('',*,*,#1410,.F.);
#1804=ORIENTED_EDGE('',*,*,#1360,.F.);
#1805=ORIENTED_EDGE('',*,*,#1410,.T.);
#1806=ORIENTED_EDGE('',*,*,#1411,.F.);
#1807=ORIENTED_EDGE('',*,*,#1412,.F.);
#1808=ORIENTED_EDGE('',*,*,#1411,.T.);
#1809=ORIENTED_EDGE('',*,*,#1409,.T.);
#1810=ORIENTED_EDGE('',*,*,#1407,.T.);
#1811=ORIENTED_EDGE('',*,*,#1413,.T.);
#1812=ORIENTED_EDGE('',*,*,#1414,.T.);
#1813=ORIENTED_EDGE('',*,*,#1415,.T.);
#1814=ORIENTED_EDGE('',*,*,#1362,.F.);
#1815=ORIENTED_EDGE('',*,*,#1416,.T.);
#1816=ORIENTED_EDGE('',*,*,#1417,.F.);
#1817=ORIENTED_EDGE('',*,*,#1418,.F.);
#1818=ORIENTED_EDGE('',*,*,#1363,.F.);
#1819=ORIENTED_EDGE('',*,*,#1418,.T.);
#1820=ORIENTED_EDGE('',*,*,#1419,.F.);
#1821=ORIENTED_EDGE('',*,*,#1420,.F.);
#1822=ORIENTED_EDGE('',*,*,#1364,.F.);
#1823=ORIENTED_EDGE('',*,*,#1420,.T.);
#1824=ORIENTED_EDGE('',*,*,#1421,.F.);
#1825=ORIENTED_EDGE('',*,*,#1422,.F.);
#1826=ORIENTED_EDGE('',*,*,#1421,.T.);
#1827=ORIENTED_EDGE('',*,*,#1419,.T.);
#1828=ORIENTED_EDGE('',*,*,#1417,.T.);
#1829=ORIENTED_EDGE('',*,*,#1423,.T.);
#1830=ORIENTED_EDGE('',*,*,#1424,.T.);
#1831=ORIENTED_EDGE('',*,*,#1425,.T.);
#1832=ORIENTED_EDGE('',*,*,#1346,.F.);
#1833=ORIENTED_EDGE('',*,*,#1426,.T.);
#1834=ORIENTED_EDGE('',*,*,#1427,.F.);
#1835=ORIENTED_EDGE('',*,*,#1428,.F.);
#1836=ORIENTED_EDGE('',*,*,#1347,.F.);
#1837=ORIENTED_EDGE('',*,*,#1428,.T.);
#1838=ORIENTED_EDGE('',*,*,#1429,.F.);
#1839=ORIENTED_EDGE('',*,*,#1430,.F.);
#1840=ORIENTED_EDGE('',*,*,#1348,.F.);
#1841=ORIENTED_EDGE('',*,*,#1430,.T.);
#1842=ORIENTED_EDGE('',*,*,#1431,.F.);
#1843=ORIENTED_EDGE('',*,*,#1432,.F.);
#1844=ORIENTED_EDGE('',*,*,#1431,.T.);
#1845=ORIENTED_EDGE('',*,*,#1429,.T.);
#1846=ORIENTED_EDGE('',*,*,#1427,.T.);
#1847=ORIENTED_EDGE('',*,*,#1433,.T.);
#1848=ORIENTED_EDGE('',*,*,#1434,.T.);
#1849=ORIENTED_EDGE('',*,*,#1435,.T.);
#1850=ORIENTED_EDGE('',*,*,#1335,.F.);
#1851=ORIENTED_EDGE('',*,*,#1436,.T.);
#1852=ORIENTED_EDGE('',*,*,#1437,.F.);
#1853=ORIENTED_EDGE('',*,*,#1438,.F.);
#1854=ORIENTED_EDGE('',*,*,#1336,.F.);
#1855=ORIENTED_EDGE('',*,*,#1438,.T.);
#1856=ORIENTED_EDGE('',*,*,#1439,.F.);
#1857=ORIENTED_EDGE('',*,*,#1440,.F.);
#1858=ORIENTED_EDGE('',*,*,#1337,.F.);
#1859=ORIENTED_EDGE('',*,*,#1440,.T.);
#1860=ORIENTED_EDGE('',*,*,#1441,.F.);
#1861=ORIENTED_EDGE('',*,*,#1442,.F.);
#1862=ORIENTED_EDGE('',*,*,#1443,.T.);
#1863=ORIENTED_EDGE('',*,*,#1441,.T.);
#1864=ORIENTED_EDGE('',*,*,#1439,.T.);
#1865=ORIENTED_EDGE('',*,*,#1437,.T.);
#1866=ORIENTED_EDGE('',*,*,#1444,.T.);
#1867=ORIENTED_EDGE('',*,*,#1445,.T.);
#1868=ORIENTED_EDGE('',*,*,#1322,.F.);
#1869=ORIENTED_EDGE('',*,*,#1446,.T.);
#1870=ORIENTED_EDGE('',*,*,#1447,.F.);
#1871=ORIENTED_EDGE('',*,*,#1448,.F.);
#1872=ORIENTED_EDGE('',*,*,#1323,.F.);
#1873=ORIENTED_EDGE('',*,*,#1448,.T.);
#1874=ORIENTED_EDGE('',*,*,#1449,.F.);
#1875=ORIENTED_EDGE('',*,*,#1450,.F.);
#1876=ORIENTED_EDGE('',*,*,#1324,.F.);
#1877=ORIENTED_EDGE('',*,*,#1450,.T.);
#1878=ORIENTED_EDGE('',*,*,#1451,.F.);
#1879=ORIENTED_EDGE('',*,*,#1452,.F.);
#1880=ORIENTED_EDGE('',*,*,#1453,.T.);
#1881=ORIENTED_EDGE('',*,*,#1451,.T.);
#1882=ORIENTED_EDGE('',*,*,#1449,.T.);
#1883=ORIENTED_EDGE('',*,*,#1447,.T.);
#1884=ORIENTED_EDGE('',*,*,#1454,.T.);
#1885=ORIENTED_EDGE('',*,*,#1455,.T.);
#1886=ORIENTED_EDGE('',*,*,#1330,.F.);
#1887=ORIENTED_EDGE('',*,*,#1456,.T.);
#1888=ORIENTED_EDGE('',*,*,#1457,.F.);
#1889=ORIENTED_EDGE('',*,*,#1458,.F.);
#1890=ORIENTED_EDGE('',*,*,#1331,.F.);
#1891=ORIENTED_EDGE('',*,*,#1458,.T.);
#1892=ORIENTED_EDGE('',*,*,#1459,.F.);
#1893=ORIENTED_EDGE('',*,*,#1460,.F.);
#1894=ORIENTED_EDGE('',*,*,#1332,.F.);
#1895=ORIENTED_EDGE('',*,*,#1460,.T.);
#1896=ORIENTED_EDGE('',*,*,#1461,.F.);
#1897=ORIENTED_EDGE('',*,*,#1462,.F.);
#1898=ORIENTED_EDGE('',*,*,#1463,.T.);
#1899=ORIENTED_EDGE('',*,*,#1461,.T.);
#1900=ORIENTED_EDGE('',*,*,#1459,.T.);
#1901=ORIENTED_EDGE('',*,*,#1457,.T.);
#1902=ORIENTED_EDGE('',*,*,#1464,.T.);
#1903=ORIENTED_EDGE('',*,*,#1465,.T.);
#1904=ORIENTED_EDGE('',*,*,#1372,.F.);
#1905=ORIENTED_EDGE('',*,*,#1466,.T.);
#1906=ORIENTED_EDGE('',*,*,#1467,.F.);
#1907=ORIENTED_EDGE('',*,*,#1468,.F.);
#1908=ORIENTED_EDGE('',*,*,#1373,.F.);
#1909=ORIENTED_EDGE('',*,*,#1468,.T.);
#1910=ORIENTED_EDGE('',*,*,#1469,.F.);
#1911=ORIENTED_EDGE('',*,*,#1470,.F.);
#1912=ORIENTED_EDGE('',*,*,#1374,.F.);
#1913=ORIENTED_EDGE('',*,*,#1470,.T.);
#1914=ORIENTED_EDGE('',*,*,#1471,.F.);
#1915=ORIENTED_EDGE('',*,*,#1472,.F.);
#1916=ORIENTED_EDGE('',*,*,#1375,.F.);
#1917=ORIENTED_EDGE('',*,*,#1472,.T.);
#1918=ORIENTED_EDGE('',*,*,#1473,.F.);
#1919=ORIENTED_EDGE('',*,*,#1474,.F.);
#1920=ORIENTED_EDGE('',*,*,#1376,.F.);
#1921=ORIENTED_EDGE('',*,*,#1474,.T.);
#1922=ORIENTED_EDGE('',*,*,#1475,.F.);
#1923=ORIENTED_EDGE('',*,*,#1476,.F.);
#1924=ORIENTED_EDGE('',*,*,#1377,.F.);
#1925=ORIENTED_EDGE('',*,*,#1476,.T.);
#1926=ORIENTED_EDGE('',*,*,#1477,.F.);
#1927=ORIENTED_EDGE('',*,*,#1478,.F.);
#1928=ORIENTED_EDGE('',*,*,#1378,.F.);
#1929=ORIENTED_EDGE('',*,*,#1478,.T.);
#1930=ORIENTED_EDGE('',*,*,#1479,.F.);
#1931=ORIENTED_EDGE('',*,*,#1480,.F.);
#1932=ORIENTED_EDGE('',*,*,#1379,.F.);
#1933=ORIENTED_EDGE('',*,*,#1480,.T.);
#1934=ORIENTED_EDGE('',*,*,#1481,.F.);
#1935=ORIENTED_EDGE('',*,*,#1482,.F.);
#1936=ORIENTED_EDGE('',*,*,#1380,.F.);
#1937=ORIENTED_EDGE('',*,*,#1482,.T.);
#1938=ORIENTED_EDGE('',*,*,#1483,.F.);
#1939=ORIENTED_EDGE('',*,*,#1484,.F.);
#1940=ORIENTED_EDGE('',*,*,#1381,.F.);
#1941=ORIENTED_EDGE('',*,*,#1484,.T.);
#1942=ORIENTED_EDGE('',*,*,#1485,.F.);
#1943=ORIENTED_EDGE('',*,*,#1486,.F.);
#1944=ORIENTED_EDGE('',*,*,#1382,.F.);
#1945=ORIENTED_EDGE('',*,*,#1486,.T.);
#1946=ORIENTED_EDGE('',*,*,#1487,.F.);
#1947=ORIENTED_EDGE('',*,*,#1488,.F.);
#1948=ORIENTED_EDGE('',*,*,#1383,.F.);
#1949=ORIENTED_EDGE('',*,*,#1488,.T.);
#1950=ORIENTED_EDGE('',*,*,#1489,.F.);
#1951=ORIENTED_EDGE('',*,*,#1490,.F.);
#1952=ORIENTED_EDGE('',*,*,#1384,.F.);
#1953=ORIENTED_EDGE('',*,*,#1490,.T.);
#1954=ORIENTED_EDGE('',*,*,#1491,.F.);
#1955=ORIENTED_EDGE('',*,*,#1492,.F.);
#1956=ORIENTED_EDGE('',*,*,#1385,.F.);
#1957=ORIENTED_EDGE('',*,*,#1492,.T.);
#1958=ORIENTED_EDGE('',*,*,#1493,.F.);
#1959=ORIENTED_EDGE('',*,*,#1494,.F.);
#1960=ORIENTED_EDGE('',*,*,#1386,.F.);
#1961=ORIENTED_EDGE('',*,*,#1494,.T.);
#1962=ORIENTED_EDGE('',*,*,#1495,.F.);
#1963=ORIENTED_EDGE('',*,*,#1496,.F.);
#1964=ORIENTED_EDGE('',*,*,#1387,.F.);
#1965=ORIENTED_EDGE('',*,*,#1496,.T.);
#1966=ORIENTED_EDGE('',*,*,#1497,.F.);
#1967=ORIENTED_EDGE('',*,*,#1498,.F.);
#1968=ORIENTED_EDGE('',*,*,#1388,.F.);
#1969=ORIENTED_EDGE('',*,*,#1498,.T.);
#1970=ORIENTED_EDGE('',*,*,#1499,.F.);
#1971=ORIENTED_EDGE('',*,*,#1500,.F.);
#1972=ORIENTED_EDGE('',*,*,#1389,.F.);
#1973=ORIENTED_EDGE('',*,*,#1500,.T.);
#1974=ORIENTED_EDGE('',*,*,#1501,.F.);
#1975=ORIENTED_EDGE('',*,*,#1502,.F.);
#1976=ORIENTED_EDGE('',*,*,#1390,.F.);
#1977=ORIENTED_EDGE('',*,*,#1502,.T.);
#1978=ORIENTED_EDGE('',*,*,#1503,.F.);
#1979=ORIENTED_EDGE('',*,*,#1504,.F.);
#1980=ORIENTED_EDGE('',*,*,#1391,.F.);
#1981=ORIENTED_EDGE('',*,*,#1504,.T.);
#1982=ORIENTED_EDGE('',*,*,#1505,.F.);
#1983=ORIENTED_EDGE('',*,*,#1506,.F.);
#1984=ORIENTED_EDGE('',*,*,#1392,.F.);
#1985=ORIENTED_EDGE('',*,*,#1506,.T.);
#1986=ORIENTED_EDGE('',*,*,#1507,.F.);
#1987=ORIENTED_EDGE('',*,*,#1508,.F.);
#1988=ORIENTED_EDGE('',*,*,#1393,.F.);
#1989=ORIENTED_EDGE('',*,*,#1508,.T.);
#1990=ORIENTED_EDGE('',*,*,#1509,.F.);
#1991=ORIENTED_EDGE('',*,*,#1510,.F.);
#1992=ORIENTED_EDGE('',*,*,#1394,.F.);
#1993=ORIENTED_EDGE('',*,*,#1510,.T.);
#1994=ORIENTED_EDGE('',*,*,#1511,.F.);
#1995=ORIENTED_EDGE('',*,*,#1512,.F.);
#1996=ORIENTED_EDGE('',*,*,#1395,.F.);
#1997=ORIENTED_EDGE('',*,*,#1512,.T.);
#1998=ORIENTED_EDGE('',*,*,#1513,.F.);
#1999=ORIENTED_EDGE('',*,*,#1514,.F.);
#2000=ORIENTED_EDGE('',*,*,#1396,.F.);
#2001=ORIENTED_EDGE('',*,*,#1514,.T.);
#2002=ORIENTED_EDGE('',*,*,#1515,.F.);
#2003=ORIENTED_EDGE('',*,*,#1516,.F.);
#2004=ORIENTED_EDGE('',*,*,#1397,.F.);
#2005=ORIENTED_EDGE('',*,*,#1516,.T.);
#2006=ORIENTED_EDGE('',*,*,#1517,.F.);
#2007=ORIENTED_EDGE('',*,*,#1518,.F.);
#2008=ORIENTED_EDGE('',*,*,#1398,.F.);
#2009=ORIENTED_EDGE('',*,*,#1518,.T.);
#2010=ORIENTED_EDGE('',*,*,#1519,.F.);
#2011=ORIENTED_EDGE('',*,*,#1520,.F.);
#2012=ORIENTED_EDGE('',*,*,#1399,.F.);
#2013=ORIENTED_EDGE('',*,*,#1520,.T.);
#2014=ORIENTED_EDGE('',*,*,#1521,.F.);
#2015=ORIENTED_EDGE('',*,*,#1466,.F.);
#2016=ORIENTED_EDGE('',*,*,#1521,.T.);
#2017=ORIENTED_EDGE('',*,*,#1519,.T.);
#2018=ORIENTED_EDGE('',*,*,#1517,.T.);
#2019=ORIENTED_EDGE('',*,*,#1515,.T.);
#2020=ORIENTED_EDGE('',*,*,#1513,.T.);
#2021=ORIENTED_EDGE('',*,*,#1511,.T.);
#2022=ORIENTED_EDGE('',*,*,#1509,.T.);
#2023=ORIENTED_EDGE('',*,*,#1507,.T.);
#2024=ORIENTED_EDGE('',*,*,#1505,.T.);
#2025=ORIENTED_EDGE('',*,*,#1503,.T.);
#2026=ORIENTED_EDGE('',*,*,#1501,.T.);
#2027=ORIENTED_EDGE('',*,*,#1499,.T.);
#2028=ORIENTED_EDGE('',*,*,#1497,.T.);
#2029=ORIENTED_EDGE('',*,*,#1495,.T.);
#2030=ORIENTED_EDGE('',*,*,#1493,.T.);
#2031=ORIENTED_EDGE('',*,*,#1491,.T.);
#2032=ORIENTED_EDGE('',*,*,#1489,.T.);
#2033=ORIENTED_EDGE('',*,*,#1487,.T.);
#2034=ORIENTED_EDGE('',*,*,#1485,.T.);
#2035=ORIENTED_EDGE('',*,*,#1483,.T.);
#2036=ORIENTED_EDGE('',*,*,#1481,.T.);
#2037=ORIENTED_EDGE('',*,*,#1479,.T.);
#2038=ORIENTED_EDGE('',*,*,#1477,.T.);
#2039=ORIENTED_EDGE('',*,*,#1475,.T.);
#2040=ORIENTED_EDGE('',*,*,#1473,.T.);
#2041=ORIENTED_EDGE('',*,*,#1471,.T.);
#2042=ORIENTED_EDGE('',*,*,#1469,.T.);
#2043=ORIENTED_EDGE('',*,*,#1467,.T.);
#2044=ORIENTED_EDGE('',*,*,#1354,.F.);
#2045=ORIENTED_EDGE('',*,*,#1522,.T.);
#2046=ORIENTED_EDGE('',*,*,#1523,.F.);
#2047=ORIENTED_EDGE('',*,*,#1524,.F.);
#2048=ORIENTED_EDGE('',*,*,#1355,.F.);
#2049=ORIENTED_EDGE('',*,*,#1524,.T.);
#2050=ORIENTED_EDGE('',*,*,#1525,.F.);
#2051=ORIENTED_EDGE('',*,*,#1526,.F.);
#2052=ORIENTED_EDGE('',*,*,#1356,.F.);
#2053=ORIENTED_EDGE('',*,*,#1526,.T.);
#2054=ORIENTED_EDGE('',*,*,#1527,.F.);
#2055=ORIENTED_EDGE('',*,*,#1528,.F.);
#2056=ORIENTED_EDGE('',*,*,#1527,.T.);
#2057=ORIENTED_EDGE('',*,*,#1525,.T.);
#2058=ORIENTED_EDGE('',*,*,#1523,.T.);
#2059=ORIENTED_EDGE('',*,*,#1529,.T.);
#2060=ORIENTED_EDGE('',*,*,#1530,.T.);
#2061=ORIENTED_EDGE('',*,*,#1531,.T.);
#2062=ORIENTED_EDGE('',*,*,#1366,.F.);
#2063=ORIENTED_EDGE('',*,*,#1532,.T.);
#2064=ORIENTED_EDGE('',*,*,#1533,.F.);
#2065=ORIENTED_EDGE('',*,*,#1534,.F.);
#2066=ORIENTED_EDGE('',*,*,#1367,.F.);
#2067=ORIENTED_EDGE('',*,*,#1534,.T.);
#2068=ORIENTED_EDGE('',*,*,#1535,.F.);
#2069=ORIENTED_EDGE('',*,*,#1536,.F.);
#2070=ORIENTED_EDGE('',*,*,#1368,.F.);
#2071=ORIENTED_EDGE('',*,*,#1536,.T.);
#2072=ORIENTED_EDGE('',*,*,#1537,.F.);
#2073=ORIENTED_EDGE('',*,*,#1538,.F.);
#2074=ORIENTED_EDGE('',*,*,#1537,.T.);
#2075=ORIENTED_EDGE('',*,*,#1535,.T.);
#2076=ORIENTED_EDGE('',*,*,#1533,.T.);
#2077=ORIENTED_EDGE('',*,*,#1539,.T.);
#2078=ORIENTED_EDGE('',*,*,#1540,.T.);
#2079=ORIENTED_EDGE('',*,*,#1541,.T.);
#2080=ORIENTED_EDGE('',*,*,#1350,.F.);
#2081=ORIENTED_EDGE('',*,*,#1542,.T.);
#2082=ORIENTED_EDGE('',*,*,#1543,.F.);
#2083=ORIENTED_EDGE('',*,*,#1544,.F.);
#2084=ORIENTED_EDGE('',*,*,#1351,.F.);
#2085=ORIENTED_EDGE('',*,*,#1544,.T.);
#2086=ORIENTED_EDGE('',*,*,#1545,.F.);
#2087=ORIENTED_EDGE('',*,*,#1546,.F.);
#2088=ORIENTED_EDGE('',*,*,#1352,.F.);
#2089=ORIENTED_EDGE('',*,*,#1546,.T.);
#2090=ORIENTED_EDGE('',*,*,#1547,.F.);
#2091=ORIENTED_EDGE('',*,*,#1548,.F.);
#2092=ORIENTED_EDGE('',*,*,#1547,.T.);
#2093=ORIENTED_EDGE('',*,*,#1545,.T.);
#2094=ORIENTED_EDGE('',*,*,#1543,.T.);
#2095=ORIENTED_EDGE('',*,*,#1549,.T.);
#2096=ORIENTED_EDGE('',*,*,#1550,.T.);
#2097=ORIENTED_EDGE('',*,*,#1551,.T.);
#2098=ORIENTED_EDGE('',*,*,#1339,.F.);
#2099=ORIENTED_EDGE('',*,*,#1552,.T.);
#2100=ORIENTED_EDGE('',*,*,#1553,.F.);
#2101=ORIENTED_EDGE('',*,*,#1554,.F.);
#2102=ORIENTED_EDGE('',*,*,#1340,.F.);
#2103=ORIENTED_EDGE('',*,*,#1554,.T.);
#2104=ORIENTED_EDGE('',*,*,#1555,.F.);
#2105=ORIENTED_EDGE('',*,*,#1556,.F.);
#2106=ORIENTED_EDGE('',*,*,#1341,.F.);
#2107=ORIENTED_EDGE('',*,*,#1556,.T.);
#2108=ORIENTED_EDGE('',*,*,#1557,.F.);
#2109=ORIENTED_EDGE('',*,*,#1558,.F.);
#2110=ORIENTED_EDGE('',*,*,#1559,.T.);
#2111=ORIENTED_EDGE('',*,*,#1557,.T.);
#2112=ORIENTED_EDGE('',*,*,#1555,.T.);
#2113=ORIENTED_EDGE('',*,*,#1553,.T.);
#2114=ORIENTED_EDGE('',*,*,#1560,.T.);
#2115=ORIENTED_EDGE('',*,*,#1561,.T.);
#2116=ORIENTED_EDGE('',*,*,#1326,.F.);
#2117=ORIENTED_EDGE('',*,*,#1562,.T.);
#2118=ORIENTED_EDGE('',*,*,#1563,.F.);
#2119=ORIENTED_EDGE('',*,*,#1564,.F.);
#2120=ORIENTED_EDGE('',*,*,#1327,.F.);
#2121=ORIENTED_EDGE('',*,*,#1564,.T.);
#2122=ORIENTED_EDGE('',*,*,#1565,.F.);
#2123=ORIENTED_EDGE('',*,*,#1566,.F.);
#2124=ORIENTED_EDGE('',*,*,#1328,.F.);
#2125=ORIENTED_EDGE('',*,*,#1566,.T.);
#2126=ORIENTED_EDGE('',*,*,#1567,.F.);
#2127=ORIENTED_EDGE('',*,*,#1568,.F.);
#2128=ORIENTED_EDGE('',*,*,#1569,.T.);
#2129=ORIENTED_EDGE('',*,*,#1567,.T.);
#2130=ORIENTED_EDGE('',*,*,#1565,.T.);
#2131=ORIENTED_EDGE('',*,*,#1563,.T.);
#2132=ORIENTED_EDGE('',*,*,#1570,.T.);
#2133=ORIENTED_EDGE('',*,*,#1571,.T.);
#2134=ORIENTED_EDGE('',*,*,#1572,.F.);
#2135=ORIENTED_EDGE('',*,*,#1573,.F.);
#2136=ORIENTED_EDGE('',*,*,#1307,.F.);
#2137=ORIENTED_EDGE('',*,*,#1574,.F.);
#2138=ORIENTED_EDGE('',*,*,#1575,.F.);
#2139=ORIENTED_EDGE('',*,*,#1576,.F.);
#2140=ORIENTED_EDGE('',*,*,#1294,.F.);
#2141=ORIENTED_EDGE('',*,*,#1577,.F.);
#2142=ORIENTED_EDGE('',*,*,#1578,.F.);
#2143=ORIENTED_EDGE('',*,*,#1579,.F.);
#2144=ORIENTED_EDGE('',*,*,#1530,.F.);
#2145=ORIENTED_EDGE('',*,*,#1580,.F.);
#2146=ORIENTED_EDGE('',*,*,#1581,.F.);
#2147=ORIENTED_EDGE('',*,*,#1582,.F.);
#2148=ORIENTED_EDGE('',*,*,#1540,.F.);
#2149=ORIENTED_EDGE('',*,*,#1583,.F.);
#2150=ORIENTED_EDGE('',*,*,#1584,.F.);
#2151=ORIENTED_EDGE('',*,*,#1585,.F.);
#2152=ORIENTED_EDGE('',*,*,#1550,.F.);
#2153=ORIENTED_EDGE('',*,*,#1586,.F.);
#2154=ORIENTED_EDGE('',*,*,#1587,.F.);
#2155=ORIENTED_EDGE('',*,*,#1588,.F.);
#2156=ORIENTED_EDGE('',*,*,#1455,.F.);
#2157=ORIENTED_EDGE('',*,*,#1589,.F.);
#2158=ORIENTED_EDGE('',*,*,#1590,.F.);
#2159=ORIENTED_EDGE('',*,*,#1591,.F.);
#2160=ORIENTED_EDGE('',*,*,#1445,.F.);
#2161=ORIENTED_EDGE('',*,*,#1592,.F.);
#2162=ORIENTED_EDGE('',*,*,#1593,.F.);
#2163=ORIENTED_EDGE('',*,*,#1594,.F.);
#2164=ORIENTED_EDGE('',*,*,#1465,.F.);
#2165=ORIENTED_EDGE('',*,*,#1595,.F.);
#2166=ORIENTED_EDGE('',*,*,#1596,.F.);
#2167=ORIENTED_EDGE('',*,*,#1597,.F.);
#2168=ORIENTED_EDGE('',*,*,#1319,.F.);
#2169=ORIENTED_EDGE('',*,*,#1598,.F.);
#2170=ORIENTED_EDGE('',*,*,#1599,.F.);
#2171=ORIENTED_EDGE('',*,*,#1600,.F.);
#2172=ORIENTED_EDGE('',*,*,#1414,.F.);
#2173=ORIENTED_EDGE('',*,*,#1601,.F.);
#2174=ORIENTED_EDGE('',*,*,#1602,.F.);
#2175=ORIENTED_EDGE('',*,*,#1603,.F.);
#2176=ORIENTED_EDGE('',*,*,#1424,.F.);
#2177=ORIENTED_EDGE('',*,*,#1604,.F.);
#2178=ORIENTED_EDGE('',*,*,#1605,.F.);
#2179=ORIENTED_EDGE('',*,*,#1606,.F.);
#2180=ORIENTED_EDGE('',*,*,#1434,.F.);
#2181=ORIENTED_EDGE('',*,*,#1607,.F.);
#2182=ORIENTED_EDGE('',*,*,#1608,.F.);
#2183=ORIENTED_EDGE('',*,*,#1609,.F.);
#2184=ORIENTED_EDGE('',*,*,#1571,.F.);
#2185=ORIENTED_EDGE('',*,*,#1610,.F.);
#2186=ORIENTED_EDGE('',*,*,#1611,.F.);
#2187=ORIENTED_EDGE('',*,*,#1612,.F.);
#2188=ORIENTED_EDGE('',*,*,#1561,.F.);
#2189=ORIENTED_EDGE('',*,*,#1613,.F.);
#2190=ORIENTED_EDGE('',*,*,#1600,.T.);
#2191=ORIENTED_EDGE('',*,*,#1614,.F.);
#2192=ORIENTED_EDGE('',*,*,#1604,.T.);
#2193=ORIENTED_EDGE('',*,*,#1423,.F.);
#2194=ORIENTED_EDGE('',*,*,#1416,.F.);
#2195=ORIENTED_EDGE('',*,*,#1361,.F.);
#2196=ORIENTED_EDGE('',*,*,#1412,.T.);
#2197=ORIENTED_EDGE('',*,*,#1415,.F.);
#2198=ORIENTED_EDGE('',*,*,#1598,.T.);
#2199=ORIENTED_EDGE('',*,*,#1318,.F.);
#2200=ORIENTED_EDGE('',*,*,#1309,.F.);
#2201=ORIENTED_EDGE('',*,*,#1344,.F.);
#2202=ORIENTED_EDGE('',*,*,#1615,.F.);
#2203=ORIENTED_EDGE('',*,*,#1616,.F.);
#2204=ORIENTED_EDGE('',*,*,#1597,.T.);
#2205=ORIENTED_EDGE('',*,*,#1617,.F.);
#2206=ORIENTED_EDGE('',*,*,#1607,.T.);
#2207=ORIENTED_EDGE('',*,*,#1433,.F.);
#2208=ORIENTED_EDGE('',*,*,#1426,.F.);
#2209=ORIENTED_EDGE('',*,*,#1345,.F.);
#2210=ORIENTED_EDGE('',*,*,#1317,.T.);
#2211=ORIENTED_EDGE('',*,*,#1320,.F.);
#2212=ORIENTED_EDGE('',*,*,#1586,.T.);
#2213=ORIENTED_EDGE('',*,*,#1549,.F.);
#2214=ORIENTED_EDGE('',*,*,#1542,.F.);
#2215=ORIENTED_EDGE('',*,*,#1349,.F.);
#2216=ORIENTED_EDGE('',*,*,#1432,.T.);
#2217=ORIENTED_EDGE('',*,*,#1435,.F.);
#2218=ORIENTED_EDGE('',*,*,#1606,.T.);
#2219=ORIENTED_EDGE('',*,*,#1618,.F.);
#2220=ORIENTED_EDGE('',*,*,#1583,.T.);
#2221=ORIENTED_EDGE('',*,*,#1539,.F.);
#2222=ORIENTED_EDGE('',*,*,#1532,.F.);
#2223=ORIENTED_EDGE('',*,*,#1365,.F.);
#2224=ORIENTED_EDGE('',*,*,#1422,.T.);
#2225=ORIENTED_EDGE('',*,*,#1425,.F.);
#2226=ORIENTED_EDGE('',*,*,#1603,.T.);
#2227=ORIENTED_EDGE('',*,*,#1619,.F.);
#2228=ORIENTED_EDGE('',*,*,#1582,.T.);
#2229=ORIENTED_EDGE('',*,*,#1620,.F.);
#2230=ORIENTED_EDGE('',*,*,#1621,.T.);
#2231=ORIENTED_EDGE('',*,*,#1369,.F.);
#2232=ORIENTED_EDGE('',*,*,#1538,.T.);
#2233=ORIENTED_EDGE('',*,*,#1541,.F.);
#2234=ORIENTED_EDGE('',*,*,#1580,.T.);
#2235=ORIENTED_EDGE('',*,*,#1529,.F.);
#2236=ORIENTED_EDGE('',*,*,#1522,.F.);
#2237=ORIENTED_EDGE('',*,*,#1353,.F.);
#2238=ORIENTED_EDGE('',*,*,#1548,.T.);
#2239=ORIENTED_EDGE('',*,*,#1551,.F.);
#2240=ORIENTED_EDGE('',*,*,#1585,.T.);
#2241=ORIENTED_EDGE('',*,*,#1622,.F.);
#2242=ORIENTED_EDGE('',*,*,#1579,.T.);
#2243=ORIENTED_EDGE('',*,*,#1623,.F.);
#2244=ORIENTED_EDGE('',*,*,#1601,.T.);
#2245=ORIENTED_EDGE('',*,*,#1413,.F.);
#2246=ORIENTED_EDGE('',*,*,#1406,.F.);
#2247=ORIENTED_EDGE('',*,*,#1357,.F.);
#2248=ORIENTED_EDGE('',*,*,#1528,.T.);
#2249=ORIENTED_EDGE('',*,*,#1531,.F.);
#2250=ORIENTED_EDGE('',*,*,#1612,.T.);
#2251=ORIENTED_EDGE('',*,*,#1624,.F.);
#2252=ORIENTED_EDGE('',*,*,#1625,.T.);
#2253=ORIENTED_EDGE('',*,*,#1342,.F.);
#2254=ORIENTED_EDGE('',*,*,#1558,.T.);
#2255=ORIENTED_EDGE('',*,*,#1559,.F.);
#2256=ORIENTED_EDGE('',*,*,#1595,.T.);
#2257=ORIENTED_EDGE('',*,*,#1464,.F.);
#2258=ORIENTED_EDGE('',*,*,#1456,.F.);
#2259=ORIENTED_EDGE('',*,*,#1329,.F.);
#2260=ORIENTED_EDGE('',*,*,#1568,.T.);
#2261=ORIENTED_EDGE('',*,*,#1569,.F.);
#2262=ORIENTED_EDGE('',*,*,#1609,.T.);
#2263=ORIENTED_EDGE('',*,*,#1626,.F.);
#2264=ORIENTED_EDGE('',*,*,#1591,.T.);
#2265=ORIENTED_EDGE('',*,*,#1627,.F.);
#2266=ORIENTED_EDGE('',*,*,#1613,.T.);
#2267=ORIENTED_EDGE('',*,*,#1560,.F.);
#2268=ORIENTED_EDGE('',*,*,#1552,.F.);
#2269=ORIENTED_EDGE('',*,*,#1338,.F.);
#2270=ORIENTED_EDGE('',*,*,#1442,.T.);
#2271=ORIENTED_EDGE('',*,*,#1443,.F.);
#2272=ORIENTED_EDGE('',*,*,#1588,.T.);
#2273=ORIENTED_EDGE('',*,*,#1628,.F.);
#2274=ORIENTED_EDGE('',*,*,#1610,.T.);
#2275=ORIENTED_EDGE('',*,*,#1570,.F.);
#2276=ORIENTED_EDGE('',*,*,#1562,.F.);
#2277=ORIENTED_EDGE('',*,*,#1325,.F.);
#2278=ORIENTED_EDGE('',*,*,#1452,.T.);
#2279=ORIENTED_EDGE('',*,*,#1453,.F.);
#2280=ORIENTED_EDGE('',*,*,#1577,.T.);
#2281=ORIENTED_EDGE('',*,*,#1293,.F.);
#2282=ORIENTED_EDGE('',*,*,#1283,.F.);
#2283=ORIENTED_EDGE('',*,*,#1371,.F.);
#2284=ORIENTED_EDGE('',*,*,#1629,.F.);
#2285=ORIENTED_EDGE('',*,*,#1630,.F.);
#2286=ORIENTED_EDGE('',*,*,#1576,.T.);
#2287=ORIENTED_EDGE('',*,*,#1631,.F.);
#2288=ORIENTED_EDGE('',*,*,#1589,.T.);
#2289=ORIENTED_EDGE('',*,*,#1454,.F.);
#2290=ORIENTED_EDGE('',*,*,#1446,.F.);
#2291=ORIENTED_EDGE('',*,*,#1321,.F.);
#2292=ORIENTED_EDGE('',*,*,#1291,.T.);
#2293=ORIENTED_EDGE('',*,*,#1292,.F.);
#2294=ORIENTED_EDGE('',*,*,#1574,.T.);
#2295=ORIENTED_EDGE('',*,*,#1306,.F.);
#2296=ORIENTED_EDGE('',*,*,#1296,.F.);
#2297=ORIENTED_EDGE('',*,*,#1333,.F.);
#2298=ORIENTED_EDGE('',*,*,#1462,.T.);
#2299=ORIENTED_EDGE('',*,*,#1463,.F.);
#2300=ORIENTED_EDGE('',*,*,#1594,.T.);
#2301=ORIENTED_EDGE('',*,*,#1632,.F.);
#2302=ORIENTED_EDGE('',*,*,#1573,.T.);
#2303=ORIENTED_EDGE('',*,*,#1633,.F.);
#2304=ORIENTED_EDGE('',*,*,#1592,.T.);
#2305=ORIENTED_EDGE('',*,*,#1444,.F.);
#2306=ORIENTED_EDGE('',*,*,#1436,.F.);
#2307=ORIENTED_EDGE('',*,*,#1334,.F.);
#2308=ORIENTED_EDGE('',*,*,#1304,.T.);
#2309=ORIENTED_EDGE('',*,*,#1305,.F.);
#2310=ORIENTED_EDGE('',*,*,#1572,.T.);
#2311=ORIENTED_EDGE('',*,*,#1632,.T.);
#2312=ORIENTED_EDGE('',*,*,#1593,.T.);
#2313=ORIENTED_EDGE('',*,*,#1626,.T.);
#2314=ORIENTED_EDGE('',*,*,#1608,.T.);
#2315=ORIENTED_EDGE('',*,*,#1628,.T.);
#2316=ORIENTED_EDGE('',*,*,#1587,.T.);
#2317=ORIENTED_EDGE('',*,*,#1631,.T.);
#2318=ORIENTED_EDGE('',*,*,#1575,.T.);
#2319=ORIENTED_EDGE('',*,*,#1630,.T.);
#2320=ORIENTED_EDGE('',*,*,#1634,.T.);
#2321=ORIENTED_EDGE('',*,*,#1620,.T.);
#2322=ORIENTED_EDGE('',*,*,#1581,.T.);
#2323=ORIENTED_EDGE('',*,*,#1619,.T.);
#2324=ORIENTED_EDGE('',*,*,#1602,.T.);
#2325=ORIENTED_EDGE('',*,*,#1614,.T.);
#2326=ORIENTED_EDGE('',*,*,#1599,.T.);
#2327=ORIENTED_EDGE('',*,*,#1623,.T.);
#2328=ORIENTED_EDGE('',*,*,#1578,.T.);
#2329=ORIENTED_EDGE('',*,*,#1622,.T.);
#2330=ORIENTED_EDGE('',*,*,#1584,.T.);
#2331=ORIENTED_EDGE('',*,*,#1618,.T.);
#2332=ORIENTED_EDGE('',*,*,#1605,.T.);
#2333=ORIENTED_EDGE('',*,*,#1617,.T.);
#2334=ORIENTED_EDGE('',*,*,#1596,.T.);
#2335=ORIENTED_EDGE('',*,*,#1616,.T.);
#2336=ORIENTED_EDGE('',*,*,#1635,.T.);
#2337=ORIENTED_EDGE('',*,*,#1624,.T.);
#2338=ORIENTED_EDGE('',*,*,#1611,.T.);
#2339=ORIENTED_EDGE('',*,*,#1627,.T.);
#2340=ORIENTED_EDGE('',*,*,#1590,.T.);
#2341=ORIENTED_EDGE('',*,*,#1633,.T.);
#2342=ORIENTED_EDGE('',*,*,#1400,.F.);
#2343=ORIENTED_EDGE('',*,*,#1636,.T.);
#2344=ORIENTED_EDGE('',*,*,#1637,.F.);
#2345=ORIENTED_EDGE('',*,*,#1638,.F.);
#2346=ORIENTED_EDGE('',*,*,#1401,.F.);
#2347=ORIENTED_EDGE('',*,*,#1638,.T.);
#2348=ORIENTED_EDGE('',*,*,#1639,.F.);
#2349=ORIENTED_EDGE('',*,*,#1640,.F.);
#2350=ORIENTED_EDGE('',*,*,#1402,.F.);
#2351=ORIENTED_EDGE('',*,*,#1640,.T.);
#2352=ORIENTED_EDGE('',*,*,#1641,.F.);
#2353=ORIENTED_EDGE('',*,*,#1642,.F.);
#2354=ORIENTED_EDGE('',*,*,#1403,.F.);
#2355=ORIENTED_EDGE('',*,*,#1642,.T.);
#2356=ORIENTED_EDGE('',*,*,#1643,.F.);
#2357=ORIENTED_EDGE('',*,*,#1644,.F.);
#2358=ORIENTED_EDGE('',*,*,#1404,.F.);
#2359=ORIENTED_EDGE('',*,*,#1644,.T.);
#2360=ORIENTED_EDGE('',*,*,#1645,.F.);
#2361=ORIENTED_EDGE('',*,*,#1646,.F.);
#2362=ORIENTED_EDGE('',*,*,#1405,.F.);
#2363=ORIENTED_EDGE('',*,*,#1646,.T.);
#2364=ORIENTED_EDGE('',*,*,#1647,.F.);
#2365=ORIENTED_EDGE('',*,*,#1636,.F.);
#2366=ORIENTED_EDGE('',*,*,#1647,.T.);
#2367=ORIENTED_EDGE('',*,*,#1645,.T.);
#2368=ORIENTED_EDGE('',*,*,#1643,.T.);
#2369=ORIENTED_EDGE('',*,*,#1641,.T.);
#2370=ORIENTED_EDGE('',*,*,#1639,.T.);
#2371=ORIENTED_EDGE('',*,*,#1637,.T.);
#2372=ORIENTED_EDGE('',*,*,#1635,.F.);
#2373=ORIENTED_EDGE('',*,*,#1615,.T.);
#2374=ORIENTED_EDGE('',*,*,#1343,.F.);
#2375=ORIENTED_EDGE('',*,*,#1625,.F.);
#2376=ORIENTED_EDGE('',*,*,#1634,.F.);
#2377=ORIENTED_EDGE('',*,*,#1629,.T.);
#2378=ORIENTED_EDGE('',*,*,#1370,.F.);
#2379=ORIENTED_EDGE('',*,*,#1621,.F.);
#2380=PLANE('',#2632);
#2381=PLANE('',#2633);
#2382=PLANE('',#2634);
#2383=PLANE('',#2635);
#2384=PLANE('',#2637);
#2385=PLANE('',#2638);
#2386=PLANE('',#2639);
#2387=PLANE('',#2640);
#2388=PLANE('',#2642);
#2389=PLANE('',#2643);
#2390=PLANE('',#2644);
#2391=PLANE('',#2645);
#2392=PLANE('',#2647);
#2393=PLANE('',#2648);
#2394=PLANE('',#2649);
#2395=PLANE('',#2650);
#2396=PLANE('',#2651);
#2397=PLANE('',#2653);
#2398=PLANE('',#2654);
#2399=PLANE('',#2655);
#2400=PLANE('',#2656);
#2401=PLANE('',#2658);
#2402=PLANE('',#2659);
#2403=PLANE('',#2660);
#2404=PLANE('',#2661);
#2405=PLANE('',#2663);
#2406=PLANE('',#2664);
#2407=PLANE('',#2665);
#2408=PLANE('',#2666);
#2409=PLANE('',#2668);
#2410=PLANE('',#2669);
#2411=PLANE('',#2670);
#2412=PLANE('',#2671);
#2413=PLANE('',#2673);
#2414=PLANE('',#2674);
#2415=PLANE('',#2675);
#2416=PLANE('',#2676);
#2417=PLANE('',#2678);
#2418=PLANE('',#2679);
#2419=PLANE('',#2680);
#2420=PLANE('',#2681);
#2421=PLANE('',#2682);
#2422=PLANE('',#2683);
#2423=PLANE('',#2684);
#2424=PLANE('',#2685);
#2425=PLANE('',#2686);
#2426=PLANE('',#2687);
#2427=PLANE('',#2688);
#2428=PLANE('',#2689);
#2429=PLANE('',#2690);
#2430=PLANE('',#2691);
#2431=PLANE('',#2692);
#2432=PLANE('',#2693);
#2433=PLANE('',#2694);
#2434=PLANE('',#2695);
#2435=PLANE('',#2696);
#2436=PLANE('',#2697);
#2437=PLANE('',#2698);
#2438=PLANE('',#2699);
#2439=PLANE('',#2700);
#2440=PLANE('',#2701);
#2441=PLANE('',#2702);
#2442=PLANE('',#2703);
#2443=PLANE('',#2704);
#2444=PLANE('',#2705);
#2445=PLANE('',#2706);
#2446=PLANE('',#2707);
#2447=PLANE('',#2708);
#2448=PLANE('',#2709);
#2449=PLANE('',#2710);
#2450=PLANE('',#2712);
#2451=PLANE('',#2713);
#2452=PLANE('',#2714);
#2453=PLANE('',#2715);
#2454=PLANE('',#2717);
#2455=PLANE('',#2718);
#2456=PLANE('',#2719);
#2457=PLANE('',#2720);
#2458=PLANE('',#2722);
#2459=PLANE('',#2723);
#2460=PLANE('',#2724);
#2461=PLANE('',#2725);
#2462=PLANE('',#2727);
#2463=PLANE('',#2728);
#2464=PLANE('',#2729);
#2465=PLANE('',#2730);
#2466=PLANE('',#2760);
#2467=PLANE('',#2761);
#2468=PLANE('',#2762);
#2469=PLANE('',#2763);
#2470=PLANE('',#2764);
#2471=PLANE('',#2765);
#2472=PLANE('',#2766);
#2473=PLANE('',#2767);
#2474=PLANE('',#2768);
#2475=PLANE('',#2769);
#2476=PLANE('',#2770);
#2477=PLANE('',#2771);
#2478=PLANE('',#2772);
#2479=PLANE('',#2773);
#2480=PLANE('',#2774);
#2481=PLANE('',#2775);
#2482=PLANE('',#2776);
#2483=PLANE('',#2777);
#2484=PLANE('',#2778);
#2485=PLANE('',#2779);
#2486=PLANE('',#2780);
#2487=PLANE('',#2781);
#2488=PLANE('',#2782);
#2489=PLANE('',#2783);
#2490=PLANE('',#2784);
#2491=PLANE('',#2785);
#2492=ADVANCED_FACE('',(#108),#2380,.T.);
#2493=ADVANCED_FACE('',(#109),#2381,.T.);
#2494=ADVANCED_FACE('',(#110),#2382,.T.);
#2495=ADVANCED_FACE('',(#111),#2383,.T.);
#2496=ADVANCED_FACE('',(#112),#2384,.T.);
#2497=ADVANCED_FACE('',(#113),#2385,.T.);
#2498=ADVANCED_FACE('',(#114),#2386,.T.);
#2499=ADVANCED_FACE('',(#115),#2387,.T.);
#2500=ADVANCED_FACE('',(#116),#2388,.T.);
#2501=ADVANCED_FACE('',(#117),#2389,.T.);
#2502=ADVANCED_FACE('',(#118),#2390,.T.);
#2503=ADVANCED_FACE('',(#119),#2391,.T.);
#2504=ADVANCED_FACE('',(#120,#28,#29),#2392,.T.);
#2505=ADVANCED_FACE('',(#121),#2393,.T.);
#2506=ADVANCED_FACE('',(#122),#2394,.T.);
#2507=ADVANCED_FACE('',(#123),#2395,.T.);
#2508=ADVANCED_FACE('',(#124),#2396,.T.);
#2509=ADVANCED_FACE('',(#125),#2397,.T.);
#2510=ADVANCED_FACE('',(#126),#2398,.T.);
#2511=ADVANCED_FACE('',(#127),#2399,.T.);
#2512=ADVANCED_FACE('',(#128),#2400,.T.);
#2513=ADVANCED_FACE('',(#129),#2401,.T.);
#2514=ADVANCED_FACE('',(#130),#2402,.T.);
#2515=ADVANCED_FACE('',(#131),#2403,.T.);
#2516=ADVANCED_FACE('',(#132),#2404,.T.);
#2517=ADVANCED_FACE('',(#133),#2405,.T.);
#2518=ADVANCED_FACE('',(#134),#2406,.T.);
#2519=ADVANCED_FACE('',(#135),#2407,.T.);
#2520=ADVANCED_FACE('',(#136),#2408,.T.);
#2521=ADVANCED_FACE('',(#137),#2409,.T.);
#2522=ADVANCED_FACE('',(#138),#2410,.T.);
#2523=ADVANCED_FACE('',(#139),#2411,.T.);
#2524=ADVANCED_FACE('',(#140),#2412,.T.);
#2525=ADVANCED_FACE('',(#141),#2413,.T.);
#2526=ADVANCED_FACE('',(#142),#2414,.T.);
#2527=ADVANCED_FACE('',(#143),#2415,.T.);
#2528=ADVANCED_FACE('',(#144),#2416,.T.);
#2529=ADVANCED_FACE('',(#145),#2417,.T.);
#2530=ADVANCED_FACE('',(#146),#2418,.T.);
#2531=ADVANCED_FACE('',(#147),#2419,.T.);
#2532=ADVANCED_FACE('',(#148),#2420,.T.);
#2533=ADVANCED_FACE('',(#149),#2421,.T.);
#2534=ADVANCED_FACE('',(#150),#2422,.T.);
#2535=ADVANCED_FACE('',(#151),#2423,.T.);
#2536=ADVANCED_FACE('',(#152),#2424,.T.);
#2537=ADVANCED_FACE('',(#153),#2425,.T.);
#2538=ADVANCED_FACE('',(#154),#2426,.T.);
#2539=ADVANCED_FACE('',(#155),#2427,.T.);
#2540=ADVANCED_FACE('',(#156),#2428,.T.);
#2541=ADVANCED_FACE('',(#157),#2429,.T.);
#2542=ADVANCED_FACE('',(#158),#2430,.T.);
#2543=ADVANCED_FACE('',(#159),#2431,.T.);
#2544=ADVANCED_FACE('',(#160),#2432,.T.);
#2545=ADVANCED_FACE('',(#161),#2433,.T.);
#2546=ADVANCED_FACE('',(#162),#2434,.T.);
#2547=ADVANCED_FACE('',(#163),#2435,.T.);
#2548=ADVANCED_FACE('',(#164),#2436,.T.);
#2549=ADVANCED_FACE('',(#165),#2437,.T.);
#2550=ADVANCED_FACE('',(#166),#2438,.T.);
#2551=ADVANCED_FACE('',(#167),#2439,.T.);
#2552=ADVANCED_FACE('',(#168),#2440,.T.);
#2553=ADVANCED_FACE('',(#169),#2441,.T.);
#2554=ADVANCED_FACE('',(#170),#2442,.T.);
#2555=ADVANCED_FACE('',(#171),#2443,.T.);
#2556=ADVANCED_FACE('',(#172),#2444,.T.);
#2557=ADVANCED_FACE('',(#173),#2445,.T.);
#2558=ADVANCED_FACE('',(#174),#2446,.T.);
#2559=ADVANCED_FACE('',(#175),#2447,.T.);
#2560=ADVANCED_FACE('',(#176),#2448,.T.);
#2561=ADVANCED_FACE('',(#177),#2449,.T.);
#2562=ADVANCED_FACE('',(#178),#2450,.T.);
#2563=ADVANCED_FACE('',(#179),#2451,.T.);
#2564=ADVANCED_FACE('',(#180),#2452,.T.);
#2565=ADVANCED_FACE('',(#181),#2453,.T.);
#2566=ADVANCED_FACE('',(#182),#2454,.T.);
#2567=ADVANCED_FACE('',(#183),#2455,.T.);
#2568=ADVANCED_FACE('',(#184),#2456,.T.);
#2569=ADVANCED_FACE('',(#185),#2457,.T.);
#2570=ADVANCED_FACE('',(#186),#2458,.T.);
#2571=ADVANCED_FACE('',(#187),#2459,.T.);
#2572=ADVANCED_FACE('',(#188),#2460,.T.);
#2573=ADVANCED_FACE('',(#189),#2461,.T.);
#2574=ADVANCED_FACE('',(#190),#2462,.T.);
#2575=ADVANCED_FACE('',(#191),#2463,.T.);
#2576=ADVANCED_FACE('',(#192),#2464,.T.);
#2577=ADVANCED_FACE('',(#193),#2465,.T.);
#2578=ADVANCED_FACE('',(#194),#14,.F.);
#2579=ADVANCED_FACE('',(#195),#15,.F.);
#2580=ADVANCED_FACE('',(#196),#16,.F.);
#2581=ADVANCED_FACE('',(#197),#17,.F.);
#2582=ADVANCED_FACE('',(#198),#18,.F.);
#2583=ADVANCED_FACE('',(#199),#19,.F.);
#2584=ADVANCED_FACE('',(#200),#20,.F.);
#2585=ADVANCED_FACE('',(#201),#21,.F.);
#2586=ADVANCED_FACE('',(#202),#22,.F.);
#2587=ADVANCED_FACE('',(#203),#23,.F.);
#2588=ADVANCED_FACE('',(#204),#24,.F.);
#2589=ADVANCED_FACE('',(#205),#25,.F.);
#2590=ADVANCED_FACE('',(#206),#26,.F.);
#2591=ADVANCED_FACE('',(#207),#27,.F.);
#2592=ADVANCED_FACE('',(#208),#2466,.T.);
#2593=ADVANCED_FACE('',(#209),#2467,.T.);
#2594=ADVANCED_FACE('',(#210),#2468,.T.);
#2595=ADVANCED_FACE('',(#211),#2469,.T.);
#2596=ADVANCED_FACE('',(#212),#2470,.T.);
#2597=ADVANCED_FACE('',(#213),#2471,.T.);
#2598=ADVANCED_FACE('',(#214),#2472,.T.);
#2599=ADVANCED_FACE('',(#215),#2473,.T.);
#2600=ADVANCED_FACE('',(#216),#2474,.T.);
#2601=ADVANCED_FACE('',(#217),#2475,.T.);
#2602=ADVANCED_FACE('',(#218),#2476,.T.);
#2603=ADVANCED_FACE('',(#219),#2477,.T.);
#2604=ADVANCED_FACE('',(#220),#2478,.T.);
#2605=ADVANCED_FACE('',(#221),#2479,.T.);
#2606=ADVANCED_FACE('',(#222),#2480,.T.);
#2607=ADVANCED_FACE('',(#223),#2481,.T.);
#2608=ADVANCED_FACE('',(#224),#2482,.F.);
#2609=ADVANCED_FACE('',(#225),#2483,.T.);
#2610=ADVANCED_FACE('',(#226),#2484,.T.);
#2611=ADVANCED_FACE('',(#227),#2485,.T.);
#2612=ADVANCED_FACE('',(#228),#2486,.T.);
#2613=ADVANCED_FACE('',(#229),#2487,.T.);
#2614=ADVANCED_FACE('',(#230),#2488,.T.);
#2615=ADVANCED_FACE('',(#231),#2489,.T.);
#2616=ADVANCED_FACE('',(#232),#2490,.T.);
#2617=ADVANCED_FACE('',(#233),#2491,.T.);
#2618=CLOSED_SHELL('',(#2492,#2493,#2494,#2495,#2496,#2497,#2498,#2499,
#2500,#2501,#2502,#2503,#2504,#2505,#2506,#2507,#2508,#2509,#2510,#2511,
#2512,#2513,#2514,#2515,#2516,#2517,#2518,#2519,#2520,#2521,#2522,#2523,
#2524,#2525,#2526,#2527,#2528,#2529,#2530,#2531,#2532,#2533,#2534,#2535,
#2536,#2537,#2538,#2539,#2540,#2541,#2542,#2543,#2544,#2545,#2546,#2547,
#2548,#2549,#2550,#2551,#2552,#2553,#2554,#2555,#2556,#2557,#2558,#2559,
#2560,#2561,#2562,#2563,#2564,#2565,#2566,#2567,#2568,#2569,#2570,#2571,
#2572,#2573,#2574,#2575,#2576,#2577,#2578,#2579,#2580,#2581,#2582,#2583,
#2584,#2585,#2586,#2587,#2588,#2589,#2590,#2591,#2592,#2593,#2594,#2595,
#2596,#2597,#2598,#2599,#2600,#2601,#2602,#2603,#2604,#2605,#2606,#2607,
#2608,#2609,#2610,#2611,#2612,#2613,#2614,#2615,#2616,#2617));
#2619=DERIVED_UNIT_ELEMENT(#2621,1.);
#2620=DERIVED_UNIT_ELEMENT(#4176,-3.);
#2621=(
MASS_UNIT()
NAMED_UNIT(*)
SI_UNIT(.KILO.,.GRAM.)
);
#2622=DERIVED_UNIT((#2619,#2620));
#2623=MEASURE_REPRESENTATION_ITEM('density measure',
POSITIVE_RATIO_MEASURE(7850.),#2622);
#2624=PROPERTY_DEFINITION_REPRESENTATION(#2629,#2626);
#2625=PROPERTY_DEFINITION_REPRESENTATION(#2630,#2627);
#2626=REPRESENTATION('material name',(#2628),#4173);
#2627=REPRESENTATION('density',(#2623),#4173);
#2628=DESCRIPTIVE_REPRESENTATION_ITEM('Steel','Steel');
#2629=PROPERTY_DEFINITION('material property','material name',#4183);
#2630=PROPERTY_DEFINITION('material property','density of part',#4183);
#2631=AXIS2_PLACEMENT_3D('',#3434,#2786,#2787);
#2632=AXIS2_PLACEMENT_3D('',#3435,#2788,#2789);
#2633=AXIS2_PLACEMENT_3D('',#3444,#2794,#2795);
#2634=AXIS2_PLACEMENT_3D('',#3450,#2799,#2800);
#2635=AXIS2_PLACEMENT_3D('',#3456,#2804,#2805);
#2636=AXIS2_PLACEMENT_3D('',#3461,#2808,#2809);
#2637=AXIS2_PLACEMENT_3D('',#3462,#2810,#2811);
#2638=AXIS2_PLACEMENT_3D('',#3471,#2816,#2817);
#2639=AXIS2_PLACEMENT_3D('',#3477,#2821,#2822);
#2640=AXIS2_PLACEMENT_3D('',#3483,#2826,#2827);
#2641=AXIS2_PLACEMENT_3D('',#3488,#2830,#2831);
#2642=AXIS2_PLACEMENT_3D('',#3489,#2832,#2833);
#2643=AXIS2_PLACEMENT_3D('',#3498,#2838,#2839);
#2644=AXIS2_PLACEMENT_3D('',#3504,#2843,#2844);
#2645=AXIS2_PLACEMENT_3D('',#3510,#2848,#2849);
#2646=AXIS2_PLACEMENT_3D('',#3514,#2851,#2852);
#2647=AXIS2_PLACEMENT_3D('',#3516,#2854,#2855);
#2648=AXIS2_PLACEMENT_3D('',#3684,#2941,#2942);
#2649=AXIS2_PLACEMENT_3D('',#3690,#2946,#2947);
#2650=AXIS2_PLACEMENT_3D('',#3694,#2950,#2951);
#2651=AXIS2_PLACEMENT_3D('',#3698,#2954,#2955);
#2652=AXIS2_PLACEMENT_3D('',#3702,#2957,#2958);
#2653=AXIS2_PLACEMENT_3D('',#3704,#2960,#2961);
#2654=AXIS2_PLACEMENT_3D('',#3710,#2965,#2966);
#2655=AXIS2_PLACEMENT_3D('',#3714,#2969,#2970);
#2656=AXIS2_PLACEMENT_3D('',#3718,#2973,#2974);
#2657=AXIS2_PLACEMENT_3D('',#3722,#2976,#2977);
#2658=AXIS2_PLACEMENT_3D('',#3724,#2979,#2980);
#2659=AXIS2_PLACEMENT_3D('',#3730,#2984,#2985);
#2660=AXIS2_PLACEMENT_3D('',#3734,#2988,#2989);
#2661=AXIS2_PLACEMENT_3D('',#3738,#2992,#2993);
#2662=AXIS2_PLACEMENT_3D('',#3742,#2995,#2996);
#2663=AXIS2_PLACEMENT_3D('',#3744,#2998,#2999);
#2664=AXIS2_PLACEMENT_3D('',#3750,#3003,#3004);
#2665=AXIS2_PLACEMENT_3D('',#3754,#3007,#3008);
#2666=AXIS2_PLACEMENT_3D('',#3758,#3011,#3012);
#2667=AXIS2_PLACEMENT_3D('',#3763,#3015,#3016);
#2668=AXIS2_PLACEMENT_3D('',#3764,#3017,#3018);
#2669=AXIS2_PLACEMENT_3D('',#3770,#3022,#3023);
#2670=AXIS2_PLACEMENT_3D('',#3774,#3026,#3027);
#2671=AXIS2_PLACEMENT_3D('',#3778,#3030,#3031);
#2672=AXIS2_PLACEMENT_3D('',#3783,#3034,#3035);
#2673=AXIS2_PLACEMENT_3D('',#3784,#3036,#3037);
#2674=AXIS2_PLACEMENT_3D('',#3790,#3041,#3042);
#2675=AXIS2_PLACEMENT_3D('',#3794,#3045,#3046);
#2676=AXIS2_PLACEMENT_3D('',#3798,#3049,#3050);
#2677=AXIS2_PLACEMENT_3D('',#3803,#3053,#3054);
#2678=AXIS2_PLACEMENT_3D('',#3804,#3055,#3056);
#2679=AXIS2_PLACEMENT_3D('',#3810,#3060,#3061);
#2680=AXIS2_PLACEMENT_3D('',#3814,#3064,#3065);
#2681=AXIS2_PLACEMENT_3D('',#3818,#3068,#3069);
#2682=AXIS2_PLACEMENT_3D('',#3822,#3072,#3073);
#2683=AXIS2_PLACEMENT_3D('',#3826,#3076,#3077);
#2684=AXIS2_PLACEMENT_3D('',#3830,#3080,#3081);
#2685=AXIS2_PLACEMENT_3D('',#3834,#3084,#3085);
#2686=AXIS2_PLACEMENT_3D('',#3838,#3088,#3089);
#2687=AXIS2_PLACEMENT_3D('',#3842,#3092,#3093);
#2688=AXIS2_PLACEMENT_3D('',#3846,#3096,#3097);
#2689=AXIS2_PLACEMENT_3D('',#3850,#3100,#3101);
#2690=AXIS2_PLACEMENT_3D('',#3854,#3104,#3105);
#2691=AXIS2_PLACEMENT_3D('',#3858,#3108,#3109);
#2692=AXIS2_PLACEMENT_3D('',#3862,#3112,#3113);
#2693=AXIS2_PLACEMENT_3D('',#3866,#3116,#3117);
#2694=AXIS2_PLACEMENT_3D('',#3870,#3120,#3121);
#2695=AXIS2_PLACEMENT_3D('',#3874,#3124,#3125);
#2696=AXIS2_PLACEMENT_3D('',#3878,#3128,#3129);
#2697=AXIS2_PLACEMENT_3D('',#3882,#3132,#3133);
#2698=AXIS2_PLACEMENT_3D('',#3886,#3136,#3137);
#2699=AXIS2_PLACEMENT_3D('',#3890,#3140,#3141);
#2700=AXIS2_PLACEMENT_3D('',#3894,#3144,#3145);
#2701=AXIS2_PLACEMENT_3D('',#3898,#3148,#3149);
#2702=AXIS2_PLACEMENT_3D('',#3902,#3152,#3153);
#2703=AXIS2_PLACEMENT_3D('',#3906,#3156,#3157);
#2704=AXIS2_PLACEMENT_3D('',#3910,#3160,#3161);
#2705=AXIS2_PLACEMENT_3D('',#3914,#3164,#3165);
#2706=AXIS2_PLACEMENT_3D('',#3916,#3167,#3168);
#2707=AXIS2_PLACEMENT_3D('',#3917,#3169,#3170);
#2708=AXIS2_PLACEMENT_3D('',#3923,#3174,#3175);
#2709=AXIS2_PLACEMENT_3D('',#3927,#3178,#3179);
#2710=AXIS2_PLACEMENT_3D('',#3931,#3182,#3183);
#2711=AXIS2_PLACEMENT_3D('',#3935,#3185,#3186);
#2712=AXIS2_PLACEMENT_3D('',#3937,#3188,#3189);
#2713=AXIS2_PLACEMENT_3D('',#3943,#3193,#3194);
#2714=AXIS2_PLACEMENT_3D('',#3947,#3197,#3198);
#2715=AXIS2_PLACEMENT_3D('',#3951,#3201,#3202);
#2716=AXIS2_PLACEMENT_3D('',#3955,#3204,#3205);
#2717=AXIS2_PLACEMENT_3D('',#3957,#3207,#3208);
#2718=AXIS2_PLACEMENT_3D('',#3963,#3212,#3213);
#2719=AXIS2_PLACEMENT_3D('',#3967,#3216,#3217);
#2720=AXIS2_PLACEMENT_3D('',#3971,#3220,#3221);
#2721=AXIS2_PLACEMENT_3D('',#3975,#3223,#3224);
#2722=AXIS2_PLACEMENT_3D('',#3977,#3226,#3227);
#2723=AXIS2_PLACEMENT_3D('',#3983,#3231,#3232);
#2724=AXIS2_PLACEMENT_3D('',#3987,#3235,#3236);
#2725=AXIS2_PLACEMENT_3D('',#3991,#3239,#3240);
#2726=AXIS2_PLACEMENT_3D('',#3996,#3243,#3244);
#2727=AXIS2_PLACEMENT_3D('',#3997,#3245,#3246);
#2728=AXIS2_PLACEMENT_3D('',#4003,#3250,#3251);
#2729=AXIS2_PLACEMENT_3D('',#4007,#3254,#3255);
#2730=AXIS2_PLACEMENT_3D('',#4011,#3258,#3259);
#2731=AXIS2_PLACEMENT_3D('',#4016,#3262,#3263);
#2732=AXIS2_PLACEMENT_3D('',#4017,#3264,#3265);
#2733=AXIS2_PLACEMENT_3D('',#4020,#3266,#3267);
#2734=AXIS2_PLACEMENT_3D('',#4023,#3270,#3271);
#2735=AXIS2_PLACEMENT_3D('',#4026,#3272,#3273);
#2736=AXIS2_PLACEMENT_3D('',#4029,#3276,#3277);
#2737=AXIS2_PLACEMENT_3D('',#4032,#3278,#3279);
#2738=AXIS2_PLACEMENT_3D('',#4035,#3282,#3283);
#2739=AXIS2_PLACEMENT_3D('',#4038,#3284,#3285);
#2740=AXIS2_PLACEMENT_3D('',#4041,#3288,#3289);
#2741=AXIS2_PLACEMENT_3D('',#4044,#3290,#3291);
#2742=AXIS2_PLACEMENT_3D('',#4047,#3294,#3295);
#2743=AXIS2_PLACEMENT_3D('',#4050,#3296,#3297);
#2744=AXIS2_PLACEMENT_3D('',#4053,#3300,#3301);
#2745=AXIS2_PLACEMENT_3D('',#4056,#3302,#3303);
#2746=AXIS2_PLACEMENT_3D('',#4059,#3306,#3307);
#2747=AXIS2_PLACEMENT_3D('',#4062,#3308,#3309);
#2748=AXIS2_PLACEMENT_3D('',#4065,#3312,#3313);
#2749=AXIS2_PLACEMENT_3D('',#4068,#3314,#3315);
#2750=AXIS2_PLACEMENT_3D('',#4071,#3318,#3319);
#2751=AXIS2_PLACEMENT_3D('',#4074,#3320,#3321);
#2752=AXIS2_PLACEMENT_3D('',#4077,#3324,#3325);
#2753=AXIS2_PLACEMENT_3D('',#4080,#3326,#3327);
#2754=AXIS2_PLACEMENT_3D('',#4083,#3330,#3331);
#2755=AXIS2_PLACEMENT_3D('',#4086,#3332,#3333);
#2756=AXIS2_PLACEMENT_3D('',#4089,#3336,#3337);
#2757=AXIS2_PLACEMENT_3D('',#4092,#3338,#3339);
#2758=AXIS2_PLACEMENT_3D('',#4095,#3342,#3343);
#2759=AXIS2_PLACEMENT_3D('',#4098,#3344,#3345);
#2760=AXIS2_PLACEMENT_3D('',#4101,#3348,#3349);
#2761=AXIS2_PLACEMENT_3D('',#4103,#3351,#3352);
#2762=AXIS2_PLACEMENT_3D('',#4107,#3355,#3356);
#2763=AXIS2_PLACEMENT_3D('',#4109,#3358,#3359);
#2764=AXIS2_PLACEMENT_3D('',#4111,#3361,#3362);
#2765=AXIS2_PLACEMENT_3D('',#4113,#3364,#3365);
#2766=AXIS2_PLACEMENT_3D('',#4117,#3368,#3369);
#2767=AXIS2_PLACEMENT_3D('',#4119,#3371,#3372);
#2768=AXIS2_PLACEMENT_3D('',#4121,#3374,#3375);
#2769=AXIS2_PLACEMENT_3D('',#4125,#3378,#3379);
#2770=AXIS2_PLACEMENT_3D('',#4127,#3381,#3382);
#2771=AXIS2_PLACEMENT_3D('',#4129,#3384,#3385);
#2772=AXIS2_PLACEMENT_3D('',#4131,#3387,#3388);
#2773=AXIS2_PLACEMENT_3D('',#4135,#3391,#3392);
#2774=AXIS2_PLACEMENT_3D('',#4137,#3394,#3395);
#2775=AXIS2_PLACEMENT_3D('',#4139,#3397,#3398);
#2776=AXIS2_PLACEMENT_3D('',#4141,#3400,#3401);
#2777=AXIS2_PLACEMENT_3D('',#4144,#3404,#3405);
#2778=AXIS2_PLACEMENT_3D('',#4150,#3409,#3410);
#2779=AXIS2_PLACEMENT_3D('',#4154,#3413,#3414);
#2780=AXIS2_PLACEMENT_3D('',#4158,#3417,#3418);
#2781=AXIS2_PLACEMENT_3D('',#4162,#3421,#3422);
#2782=AXIS2_PLACEMENT_3D('',#4166,#3425,#3426);
#2783=AXIS2_PLACEMENT_3D('',#4168,#3428,#3429);
#2784=AXIS2_PLACEMENT_3D('',#4169,#3430,#3431);
#2785=AXIS2_PLACEMENT_3D('',#4170,#3432,#3433);
#2786=DIRECTION('axis',(0.,0.,1.));
#2787=DIRECTION('refdir',(1.,0.,0.));
#2788=DIRECTION('center_axis',(-1.,0.,0.));
#2789=DIRECTION('ref_axis',(0.,-1.,0.));
#2790=DIRECTION('',(0.,1.,0.));
#2791=DIRECTION('',(0.,0.,1.));
#2792=DIRECTION('',(0.,-1.,0.));
#2793=DIRECTION('',(0.,0.,1.));
#2794=DIRECTION('center_axis',(0.,1.,0.));
#2795=DIRECTION('ref_axis',(-1.,0.,0.));
#2796=DIRECTION('',(1.,0.,0.));
#2797=DIRECTION('',(-1.,0.,0.));
#2798=DIRECTION('',(0.,0.,1.));
#2799=DIRECTION('center_axis',(1.,0.,0.));
#2800=DIRECTION('ref_axis',(0.,1.,0.));
#2801=DIRECTION('',(0.,-1.,0.));
#2802=DIRECTION('',(0.,1.,0.));
#2803=DIRECTION('',(0.,0.,1.));
#2804=DIRECTION('center_axis',(0.,0.,1.));
#2805=DIRECTION('ref_axis',(1.,0.,0.));
#2806=DIRECTION('',(1.,0.,0.));
#2807=DIRECTION('',(1.,0.,0.));
#2808=DIRECTION('center_axis',(0.,0.,-1.));
#2809=DIRECTION('ref_axis',(1.,0.,0.));
#2810=DIRECTION('center_axis',(-1.,0.,0.));
#2811=DIRECTION('ref_axis',(0.,-1.,0.));
#2812=DIRECTION('',(0.,1.,0.));
#2813=DIRECTION('',(0.,0.,1.));
#2814=DIRECTION('',(0.,-1.,0.));
#2815=DIRECTION('',(0.,0.,1.));
#2816=DIRECTION('center_axis',(0.,1.,0.));
#2817=DIRECTION('ref_axis',(-1.,0.,0.));
#2818=DIRECTION('',(1.,0.,0.));
#2819=DIRECTION('',(-1.,0.,0.));
#2820=DIRECTION('',(0.,0.,1.));
#2821=DIRECTION('center_axis',(1.,0.,0.));
#2822=DIRECTION('ref_axis',(0.,1.,0.));
#2823=DIRECTION('',(0.,-1.,0.));
#2824=DIRECTION('',(0.,1.,0.));
#2825=DIRECTION('',(0.,0.,1.));
#2826=DIRECTION('center_axis',(0.,0.,1.));
#2827=DIRECTION('ref_axis',(1.,0.,0.));
#2828=DIRECTION('',(1.,0.,0.));
#2829=DIRECTION('',(1.,0.,0.));
#2830=DIRECTION('center_axis',(0.,0.,-1.));
#2831=DIRECTION('ref_axis',(1.,0.,0.));
#2832=DIRECTION('center_axis',(1.,0.,0.));
#2833=DIRECTION('ref_axis',(0.,1.,0.));
#2834=DIRECTION('',(0.,-1.,0.));
#2835=DIRECTION('',(0.,0.,1.));
#2836=DIRECTION('',(0.,1.,0.));
#2837=DIRECTION('',(0.,0.,1.));
#2838=DIRECTION('center_axis',(0.,-1.,0.));
#2839=DIRECTION('ref_axis',(1.,0.,0.));
#2840=DIRECTION('',(-1.,0.,0.));
#2841=DIRECTION('',(1.,0.,0.));
#2842=DIRECTION('',(0.,0.,1.));
#2843=DIRECTION('center_axis',(-1.,0.,0.));
#2844=DIRECTION('ref_axis',(0.,-1.,0.));
#2845=DIRECTION('',(0.,1.,0.));
#2846=DIRECTION('',(0.,-1.,0.));
#2847=DIRECTION('',(0.,0.,1.));
#2848=DIRECTION('center_axis',(0.,0.,1.));
#2849=DIRECTION('ref_axis',(1.,0.,0.));
#2850=DIRECTION('',(-1.,0.,0.));
#2851=DIRECTION('center_axis',(0.,0.,-1.));
#2852=DIRECTION('ref_axis',(1.,0.,0.));
#2853=DIRECTION('',(-1.,0.,0.));
#2854=DIRECTION('center_axis',(0.,0.,1.));
#2855=DIRECTION('ref_axis',(1.,0.,0.));
#2856=DIRECTION('',(1.,0.,0.));
#2857=DIRECTION('',(0.,1.,0.));
#2858=DIRECTION('',(1.,0.,0.));
#2859=DIRECTION('',(0.,-1.,0.));
#2860=DIRECTION('',(1.,0.,0.));
#2861=DIRECTION('',(0.,1.,0.));
#2862=DIRECTION('',(1.,0.,0.));
#2863=DIRECTION('',(0.,-1.,0.));
#2864=DIRECTION('',(1.,0.,0.));
#2865=DIRECTION('',(0.,1.,0.));
#2866=DIRECTION('',(1.,0.,0.));
#2867=DIRECTION('',(0.,-1.,0.));
#2868=DIRECTION('',(1.,0.,0.));
#2869=DIRECTION('',(1.,0.,0.));
#2870=DIRECTION('',(0.,1.,0.));
#2871=DIRECTION('',(1.,0.,0.));
#2872=DIRECTION('',(0.,-1.,0.));
#2873=DIRECTION('',(1.,0.,0.));
#2874=DIRECTION('',(0.,1.,0.));
#2875=DIRECTION('',(1.,0.,0.));
#2876=DIRECTION('',(0.,-1.,0.));
#2877=DIRECTION('',(1.,0.,0.));
#2878=DIRECTION('',(0.,1.,0.));
#2879=DIRECTION('',(-1.,0.,0.));
#2880=DIRECTION('',(-1.,0.,0.));
#2881=DIRECTION('',(0.,-1.,0.));
#2882=DIRECTION('',(-1.,0.,0.));
#2883=DIRECTION('',(0.,1.,0.));
#2884=DIRECTION('',(-1.,0.,0.));
#2885=DIRECTION('',(0.,-1.,0.));
#2886=DIRECTION('',(-1.,0.,0.));
#2887=DIRECTION('',(0.,1.,0.));
#2888=DIRECTION('',(-1.,0.,0.));
#2889=DIRECTION('',(0.,-1.,0.));
#2890=DIRECTION('',(-1.,0.,0.));
#2891=DIRECTION('',(0.,1.,0.));
#2892=DIRECTION('',(-1.,0.,0.));
#2893=DIRECTION('',(0.,-1.,0.));
#2894=DIRECTION('',(-1.,0.,0.));
#2895=DIRECTION('',(0.,1.,0.));
#2896=DIRECTION('',(-1.,0.,0.));
#2897=DIRECTION('',(0.,-1.,0.));
#2898=DIRECTION('',(-1.,0.,0.));
#2899=DIRECTION('',(0.,1.,0.));
#2900=DIRECTION('',(-1.,0.,0.));
#2901=DIRECTION('',(0.,-1.,0.));
#2902=DIRECTION('',(-1.,0.,0.));
#2903=DIRECTION('',(0.,1.,0.));
#2904=DIRECTION('',(-1.,0.,0.));
#2905=DIRECTION('',(0.,-1.,0.));
#2906=DIRECTION('',(1.,0.,0.));
#2907=DIRECTION('',(0.797723481995033,0.603023420999317,0.));
#2908=DIRECTION('',(0.,1.,0.));
#2909=DIRECTION('',(1.,0.,0.));
#2910=DIRECTION('',(-8.63315516135847E-16,-1.,0.));
#2911=DIRECTION('',(-1.,0.,0.));
#2912=DIRECTION('',(-4.53600539110425E-16,-1.,0.));
#2913=DIRECTION('',(1.,0.,0.));
#2914=DIRECTION('',(2.51737140305957E-16,-1.,0.));
#2915=DIRECTION('',(-1.,0.,0.));
#2916=DIRECTION('',(0.,-1.,0.));
#2917=DIRECTION('',(1.,0.,0.));
#2918=DIRECTION('',(0.,-1.,0.));
#2919=DIRECTION('',(-1.,4.1119373619851E-16,0.));
#2920=DIRECTION('',(0.,1.,0.));
#2921=DIRECTION('',(1.,0.,0.));
#2922=DIRECTION('',(0.,1.,0.));
#2923=DIRECTION('',(-1.,0.,0.));
#2924=DIRECTION('',(0.,1.,0.));
#2925=DIRECTION('',(1.,0.,0.));
#2926=DIRECTION('',(-3.07519943991654E-16,1.,0.));
#2927=DIRECTION('',(-1.,0.,0.));
#2928=DIRECTION('',(1.43997554702177E-15,1.,0.));
#2929=DIRECTION('',(1.,0.,0.));
#2930=DIRECTION('',(1.08916672121967E-15,1.,0.));
#2931=DIRECTION('',(-1.,0.,0.));
#2932=DIRECTION('',(0.,-1.,0.));
#2933=DIRECTION('',(-0.797723481995033,-0.603023420999317,0.));
#2934=DIRECTION('',(-0.603023420999314,0.797723481995036,0.));
#2935=DIRECTION('',(0.,-1.,0.));
#2936=DIRECTION('',(-1.,0.,0.));
#2937=DIRECTION('',(0.,1.,0.));
#2938=DIRECTION('',(1.,0.,0.));
#2939=DIRECTION('',(0.,-1.,0.));
#2940=DIRECTION('',(1.,0.,0.));
#2941=DIRECTION('center_axis',(1.,0.,0.));
#2942=DIRECTION('ref_axis',(0.,1.,0.));
#2943=DIRECTION('',(0.,0.,1.));
#2944=DIRECTION('',(0.,1.,0.));
#2945=DIRECTION('',(0.,0.,1.));
#2946=DIRECTION('center_axis',(0.,-1.,0.));
#2947=DIRECTION('ref_axis',(1.,0.,0.));
#2948=DIRECTION('',(1.,0.,0.));
#2949=DIRECTION('',(0.,0.,1.));
#2950=DIRECTION('center_axis',(-1.,0.,0.));
#2951=DIRECTION('ref_axis',(0.,-1.,0.));
#2952=DIRECTION('',(0.,-1.,0.));
#2953=DIRECTION('',(0.,0.,1.));
#2954=DIRECTION('center_axis',(0.,0.,1.));
#2955=DIRECTION('ref_axis',(1.,0.,0.));
#2956=DIRECTION('',(-1.,0.,0.));
#2957=DIRECTION('center_axis',(0.,0.,-1.));
#2958=DIRECTION('ref_axis',(1.,0.,0.));
#2959=DIRECTION('',(-1.,0.,0.));
#2960=DIRECTION('center_axis',(1.,0.,0.));
#2961=DIRECTION('ref_axis',(0.,1.,0.));
#2962=DIRECTION('',(0.,0.,1.));
#2963=DIRECTION('',(0.,1.,0.));
#2964=DIRECTION('',(0.,0.,1.));
#2965=DIRECTION('center_axis',(0.,-1.,0.));
#2966=DIRECTION('ref_axis',(1.,0.,0.));
#2967=DIRECTION('',(1.,0.,0.));
#2968=DIRECTION('',(0.,0.,1.));
#2969=DIRECTION('center_axis',(-1.,0.,0.));
#2970=DIRECTION('ref_axis',(0.,-1.,0.));
#2971=DIRECTION('',(0.,-1.,0.));
#2972=DIRECTION('',(0.,0.,1.));
#2973=DIRECTION('center_axis',(0.,0.,1.));
#2974=DIRECTION('ref_axis',(1.,0.,0.));
#2975=DIRECTION('',(-1.,0.,0.));
#2976=DIRECTION('center_axis',(0.,0.,-1.));
#2977=DIRECTION('ref_axis',(1.,0.,0.));
#2978=DIRECTION('',(-1.,0.,0.));
#2979=DIRECTION('center_axis',(1.,0.,0.));
#2980=DIRECTION('ref_axis',(0.,1.,0.));
#2981=DIRECTION('',(0.,0.,1.));
#2982=DIRECTION('',(0.,1.,0.));
#2983=DIRECTION('',(0.,0.,1.));
#2984=DIRECTION('center_axis',(0.,-1.,0.));
#2985=DIRECTION('ref_axis',(1.,0.,0.));
#2986=DIRECTION('',(1.,0.,0.));
#2987=DIRECTION('',(0.,0.,1.));
#2988=DIRECTION('center_axis',(-1.,0.,0.));
#2989=DIRECTION('ref_axis',(0.,-1.,0.));
#2990=DIRECTION('',(0.,-1.,0.));
#2991=DIRECTION('',(0.,0.,1.));
#2992=DIRECTION('center_axis',(0.,0.,1.));
#2993=DIRECTION('ref_axis',(1.,0.,0.));
#2994=DIRECTION('',(-1.,0.,0.));
#2995=DIRECTION('center_axis',(0.,0.,-1.));
#2996=DIRECTION('ref_axis',(1.,0.,0.));
#2997=DIRECTION('',(-1.,0.,0.));
#2998=DIRECTION('center_axis',(-1.,0.,0.));
#2999=DIRECTION('ref_axis',(0.,-1.,0.));
#3000=DIRECTION('',(0.,0.,1.));
#3001=DIRECTION('',(0.,-1.,0.));
#3002=DIRECTION('',(0.,0.,1.));
#3003=DIRECTION('center_axis',(0.,1.,0.));
#3004=DIRECTION('ref_axis',(-1.,0.,0.));
#3005=DIRECTION('',(-1.,0.,0.));
#3006=DIRECTION('',(0.,0.,1.));
#3007=DIRECTION('center_axis',(1.,0.,0.));
#3008=DIRECTION('ref_axis',(0.,1.,0.));
#3009=DIRECTION('',(0.,1.,0.));
#3010=DIRECTION('',(0.,0.,1.));
#3011=DIRECTION('center_axis',(0.,0.,1.));
#3012=DIRECTION('ref_axis',(1.,0.,0.));
#3013=DIRECTION('',(1.,0.,0.));
#3014=DIRECTION('',(1.,0.,0.));
#3015=DIRECTION('center_axis',(0.,0.,-1.));
#3016=DIRECTION('ref_axis',(1.,0.,0.));
#3017=DIRECTION('center_axis',(-1.,0.,0.));
#3018=DIRECTION('ref_axis',(0.,-1.,0.));
#3019=DIRECTION('',(0.,0.,1.));
#3020=DIRECTION('',(0.,-1.,0.));
#3021=DIRECTION('',(0.,0.,1.));
#3022=DIRECTION('center_axis',(0.,1.,0.));
#3023=DIRECTION('ref_axis',(-1.,0.,0.));
#3024=DIRECTION('',(-1.,0.,0.));
#3025=DIRECTION('',(0.,0.,1.));
#3026=DIRECTION('center_axis',(1.,0.,0.));
#3027=DIRECTION('ref_axis',(0.,1.,0.));
#3028=DIRECTION('',(0.,1.,0.));
#3029=DIRECTION('',(0.,0.,1.));
#3030=DIRECTION('center_axis',(0.,0.,1.));
#3031=DIRECTION('ref_axis',(1.,0.,0.));
#3032=DIRECTION('',(1.,0.,0.));
#3033=DIRECTION('',(1.,0.,0.));
#3034=DIRECTION('center_axis',(0.,0.,-1.));
#3035=DIRECTION('ref_axis',(1.,0.,0.));
#3036=DIRECTION('center_axis',(-1.,0.,0.));
#3037=DIRECTION('ref_axis',(0.,-1.,0.));
#3038=DIRECTION('',(0.,0.,1.));
#3039=DIRECTION('',(0.,-1.,0.));
#3040=DIRECTION('',(0.,0.,1.));
#3041=DIRECTION('center_axis',(0.,1.,0.));
#3042=DIRECTION('ref_axis',(-1.,0.,0.));
#3043=DIRECTION('',(-1.,0.,0.));
#3044=DIRECTION('',(0.,0.,1.));
#3045=DIRECTION('center_axis',(1.,0.,0.));
#3046=DIRECTION('ref_axis',(0.,1.,0.));
#3047=DIRECTION('',(0.,1.,0.));
#3048=DIRECTION('',(0.,0.,1.));
#3049=DIRECTION('center_axis',(0.,0.,1.));
#3050=DIRECTION('ref_axis',(1.,0.,0.));
#3051=DIRECTION('',(1.,0.,0.));
#3052=DIRECTION('',(1.,0.,0.));
#3053=DIRECTION('center_axis',(0.,0.,-1.));
#3054=DIRECTION('ref_axis',(1.,0.,0.));
#3055=DIRECTION('center_axis',(-0.603023420999317,0.797723481995033,0.));
#3056=DIRECTION('ref_axis',(-0.797723481995033,-0.603023420999317,0.));
#3057=DIRECTION('',(0.,0.,1.));
#3058=DIRECTION('',(-0.797723481995033,-0.603023420999317,0.));
#3059=DIRECTION('',(0.,0.,1.));
#3060=DIRECTION('center_axis',(-1.,0.,0.));
#3061=DIRECTION('ref_axis',(0.,-1.,0.));
#3062=DIRECTION('',(0.,-1.,0.));
#3063=DIRECTION('',(0.,0.,1.));
#3064=DIRECTION('center_axis',(0.,1.,0.));
#3065=DIRECTION('ref_axis',(-1.,0.,0.));
#3066=DIRECTION('',(-1.,0.,0.));
#3067=DIRECTION('',(0.,0.,1.));
#3068=DIRECTION('center_axis',(1.,-8.63315516135847E-16,0.));
#3069=DIRECTION('ref_axis',(8.63315516135847E-16,1.,0.));
#3070=DIRECTION('',(8.63315516135847E-16,1.,0.));
#3071=DIRECTION('',(0.,0.,1.));
#3072=DIRECTION('center_axis',(0.,-1.,0.));
#3073=DIRECTION('ref_axis',(1.,0.,0.));
#3074=DIRECTION('',(1.,0.,0.));
#3075=DIRECTION('',(0.,0.,1.));
#3076=DIRECTION('center_axis',(1.,-4.53600539110425E-16,0.));
#3077=DIRECTION('ref_axis',(4.53600539110425E-16,1.,0.));
#3078=DIRECTION('',(4.53600539110425E-16,1.,0.));
#3079=DIRECTION('',(0.,0.,1.));
#3080=DIRECTION('center_axis',(0.,1.,0.));
#3081=DIRECTION('ref_axis',(-1.,0.,0.));
#3082=DIRECTION('',(-1.,0.,0.));
#3083=DIRECTION('',(0.,0.,1.));
#3084=DIRECTION('center_axis',(1.,2.51737140305957E-16,0.));
#3085=DIRECTION('ref_axis',(-2.51737140305957E-16,1.,0.));
#3086=DIRECTION('',(-2.51737140305957E-16,1.,0.));
#3087=DIRECTION('',(0.,0.,1.));
#3088=DIRECTION('center_axis',(0.,-1.,0.));
#3089=DIRECTION('ref_axis',(1.,0.,0.));
#3090=DIRECTION('',(1.,0.,0.));
#3091=DIRECTION('',(0.,0.,1.));
#3092=DIRECTION('center_axis',(1.,0.,0.));
#3093=DIRECTION('ref_axis',(0.,1.,0.));
#3094=DIRECTION('',(0.,1.,0.));
#3095=DIRECTION('',(0.,0.,1.));
#3096=DIRECTION('center_axis',(0.,1.,0.));
#3097=DIRECTION('ref_axis',(-1.,0.,0.));
#3098=DIRECTION('',(-1.,0.,0.));
#3099=DIRECTION('',(0.,0.,1.));
#3100=DIRECTION('center_axis',(1.,0.,0.));
#3101=DIRECTION('ref_axis',(0.,1.,0.));
#3102=DIRECTION('',(0.,1.,0.));
#3103=DIRECTION('',(0.,0.,1.));
#3104=DIRECTION('center_axis',(-4.1119373619851E-16,-1.,0.));
#3105=DIRECTION('ref_axis',(1.,-4.1119373619851E-16,0.));
#3106=DIRECTION('',(1.,-4.1119373619851E-16,0.));
#3107=DIRECTION('',(0.,0.,1.));
#3108=DIRECTION('center_axis',(-1.,0.,0.));
#3109=DIRECTION('ref_axis',(0.,-1.,0.));
#3110=DIRECTION('',(0.,-1.,0.));
#3111=DIRECTION('',(0.,0.,1.));
#3112=DIRECTION('center_axis',(0.,1.,0.));
#3113=DIRECTION('ref_axis',(-1.,0.,0.));
#3114=DIRECTION('',(-1.,0.,0.));
#3115=DIRECTION('',(0.,0.,1.));
#3116=DIRECTION('center_axis',(-1.,0.,0.));
#3117=DIRECTION('ref_axis',(0.,-1.,0.));
#3118=DIRECTION('',(0.,-1.,0.));
#3119=DIRECTION('',(0.,0.,1.));
#3120=DIRECTION('center_axis',(0.,-1.,0.));
#3121=DIRECTION('ref_axis',(1.,0.,0.));
#3122=DIRECTION('',(1.,0.,0.));
#3123=DIRECTION('',(0.,0.,1.));
#3124=DIRECTION('center_axis',(-1.,0.,0.));
#3125=DIRECTION('ref_axis',(0.,-1.,0.));
#3126=DIRECTION('',(0.,-1.,0.));
#3127=DIRECTION('',(0.,0.,1.));
#3128=DIRECTION('center_axis',(0.,1.,0.));
#3129=DIRECTION('ref_axis',(-1.,0.,0.));
#3130=DIRECTION('',(-1.,0.,0.));
#3131=DIRECTION('',(0.,0.,1.));
#3132=DIRECTION('center_axis',(-1.,-3.07519943991654E-16,0.));
#3133=DIRECTION('ref_axis',(3.07519943991654E-16,-1.,0.));
#3134=DIRECTION('',(3.07519943991654E-16,-1.,0.));
#3135=DIRECTION('',(0.,0.,1.));
#3136=DIRECTION('center_axis',(0.,-1.,0.));
#3137=DIRECTION('ref_axis',(1.,0.,0.));
#3138=DIRECTION('',(1.,0.,0.));
#3139=DIRECTION('',(0.,0.,1.));
#3140=DIRECTION('center_axis',(-1.,1.43997554702177E-15,0.));
#3141=DIRECTION('ref_axis',(-1.43997554702177E-15,-1.,0.));
#3142=DIRECTION('',(-1.43997554702177E-15,-1.,0.));
#3143=DIRECTION('',(0.,0.,1.));
#3144=DIRECTION('center_axis',(0.,1.,0.));
#3145=DIRECTION('ref_axis',(-1.,0.,0.));
#3146=DIRECTION('',(-1.,0.,0.));
#3147=DIRECTION('',(0.,0.,1.));
#3148=DIRECTION('center_axis',(-1.,1.08916672121967E-15,0.));
#3149=DIRECTION('ref_axis',(-1.08916672121967E-15,-1.,0.));
#3150=DIRECTION('',(-1.08916672121967E-15,-1.,0.));
#3151=DIRECTION('',(0.,0.,1.));
#3152=DIRECTION('center_axis',(0.,-1.,0.));
#3153=DIRECTION('ref_axis',(1.,0.,0.));
#3154=DIRECTION('',(1.,0.,0.));
#3155=DIRECTION('',(0.,0.,1.));
#3156=DIRECTION('center_axis',(1.,0.,0.));
#3157=DIRECTION('ref_axis',(0.,1.,0.));
#3158=DIRECTION('',(0.,1.,0.));
#3159=DIRECTION('',(0.,0.,1.));
#3160=DIRECTION('center_axis',(0.603023420999317,-0.797723481995033,0.));
#3161=DIRECTION('ref_axis',(0.797723481995033,0.603023420999317,0.));
#3162=DIRECTION('',(0.797723481995033,0.603023420999317,0.));
#3163=DIRECTION('',(0.,0.,1.));
#3164=DIRECTION('center_axis',(-0.797723481995036,-0.603023420999314,0.));
#3165=DIRECTION('ref_axis',(0.603023420999314,-0.797723481995036,0.));
#3166=DIRECTION('',(0.603023420999314,-0.797723481995036,0.));
#3167=DIRECTION('center_axis',(0.,0.,1.));
#3168=DIRECTION('ref_axis',(1.,0.,0.));
#3169=DIRECTION('center_axis',(1.,0.,0.));
#3170=DIRECTION('ref_axis',(0.,1.,0.));
#3171=DIRECTION('',(0.,0.,1.));
#3172=DIRECTION('',(0.,1.,0.));
#3173=DIRECTION('',(0.,0.,1.));
#3174=DIRECTION('center_axis',(0.,-1.,0.));
#3175=DIRECTION('ref_axis',(1.,0.,0.));
#3176=DIRECTION('',(1.,0.,0.));
#3177=DIRECTION('',(0.,0.,1.));
#3178=DIRECTION('center_axis',(-1.,0.,0.));
#3179=DIRECTION('ref_axis',(0.,-1.,0.));
#3180=DIRECTION('',(0.,-1.,0.));
#3181=DIRECTION('',(0.,0.,1.));
#3182=DIRECTION('center_axis',(0.,0.,1.));
#3183=DIRECTION('ref_axis',(1.,0.,0.));
#3184=DIRECTION('',(-1.,0.,0.));
#3185=DIRECTION('center_axis',(0.,0.,-1.));
#3186=DIRECTION('ref_axis',(1.,0.,0.));
#3187=DIRECTION('',(-1.,0.,0.));
#3188=DIRECTION('center_axis',(1.,0.,0.));
#3189=DIRECTION('ref_axis',(0.,1.,0.));
#3190=DIRECTION('',(0.,0.,1.));
#3191=DIRECTION('',(0.,1.,0.));
#3192=DIRECTION('',(0.,0.,1.));
#3193=DIRECTION('center_axis',(0.,-1.,0.));
#3194=DIRECTION('ref_axis',(1.,0.,0.));
#3195=DIRECTION('',(1.,0.,0.));
#3196=DIRECTION('',(0.,0.,1.));
#3197=DIRECTION('center_axis',(-1.,0.,0.));
#3198=DIRECTION('ref_axis',(0.,-1.,0.));
#3199=DIRECTION('',(0.,-1.,0.));
#3200=DIRECTION('',(0.,0.,1.));
#3201=DIRECTION('center_axis',(0.,0.,1.));
#3202=DIRECTION('ref_axis',(1.,0.,0.));
#3203=DIRECTION('',(-1.,0.,0.));
#3204=DIRECTION('center_axis',(0.,0.,-1.));
#3205=DIRECTION('ref_axis',(1.,0.,0.));
#3206=DIRECTION('',(-1.,0.,0.));
#3207=DIRECTION('center_axis',(1.,0.,0.));
#3208=DIRECTION('ref_axis',(0.,1.,0.));
#3209=DIRECTION('',(0.,0.,1.));
#3210=DIRECTION('',(0.,1.,0.));
#3211=DIRECTION('',(0.,0.,1.));
#3212=DIRECTION('center_axis',(0.,-1.,0.));
#3213=DIRECTION('ref_axis',(1.,0.,0.));
#3214=DIRECTION('',(1.,0.,0.));
#3215=DIRECTION('',(0.,0.,1.));
#3216=DIRECTION('center_axis',(-1.,0.,0.));
#3217=DIRECTION('ref_axis',(0.,-1.,0.));
#3218=DIRECTION('',(0.,-1.,0.));
#3219=DIRECTION('',(0.,0.,1.));
#3220=DIRECTION('center_axis',(0.,0.,1.));
#3221=DIRECTION('ref_axis',(1.,0.,0.));
#3222=DIRECTION('',(-1.,0.,0.));
#3223=DIRECTION('center_axis',(0.,0.,-1.));
#3224=DIRECTION('ref_axis',(1.,0.,0.));
#3225=DIRECTION('',(-1.,0.,0.));
#3226=DIRECTION('center_axis',(-1.,0.,0.));
#3227=DIRECTION('ref_axis',(0.,-1.,0.));
#3228=DIRECTION('',(0.,0.,1.));
#3229=DIRECTION('',(0.,-1.,0.));
#3230=DIRECTION('',(0.,0.,1.));
#3231=DIRECTION('center_axis',(0.,1.,0.));
#3232=DIRECTION('ref_axis',(-1.,0.,0.));
#3233=DIRECTION('',(-1.,0.,0.));
#3234=DIRECTION('',(0.,0.,1.));
#3235=DIRECTION('center_axis',(1.,0.,0.));
#3236=DIRECTION('ref_axis',(0.,1.,0.));
#3237=DIRECTION('',(0.,1.,0.));
#3238=DIRECTION('',(0.,0.,1.));
#3239=DIRECTION('center_axis',(0.,0.,1.));
#3240=DIRECTION('ref_axis',(1.,0.,0.));
#3241=DIRECTION('',(1.,0.,0.));
#3242=DIRECTION('',(1.,0.,0.));
#3243=DIRECTION('center_axis',(0.,0.,-1.));
#3244=DIRECTION('ref_axis',(1.,0.,0.));
#3245=DIRECTION('center_axis',(-1.,0.,0.));
#3246=DIRECTION('ref_axis',(0.,-1.,0.));
#3247=DIRECTION('',(0.,0.,1.));
#3248=DIRECTION('',(0.,-1.,0.));
#3249=DIRECTION('',(0.,0.,1.));
#3250=DIRECTION('center_axis',(0.,1.,0.));
#3251=DIRECTION('ref_axis',(-1.,0.,0.));
#3252=DIRECTION('',(-1.,0.,0.));
#3253=DIRECTION('',(0.,0.,1.));
#3254=DIRECTION('center_axis',(1.,0.,0.));
#3255=DIRECTION('ref_axis',(0.,1.,0.));
#3256=DIRECTION('',(0.,1.,0.));
#3257=DIRECTION('',(0.,0.,1.));
#3258=DIRECTION('center_axis',(0.,0.,1.));
#3259=DIRECTION('ref_axis',(1.,0.,0.));
#3260=DIRECTION('',(1.,0.,0.));
#3261=DIRECTION('',(1.,0.,0.));
#3262=DIRECTION('center_axis',(0.,0.,-1.));
#3263=DIRECTION('ref_axis',(1.,0.,0.));
#3264=DIRECTION('center_axis',(0.,0.,-1.));
#3265=DIRECTION('ref_axis',(1.,0.,0.));
#3266=DIRECTION('center_axis',(0.,0.,1.));
#3267=DIRECTION('ref_axis',(1.,0.,0.));
#3268=DIRECTION('',(0.,0.,-1.));
#3269=DIRECTION('',(0.,0.,1.));
#3270=DIRECTION('center_axis',(0.,0.,-1.));
#3271=DIRECTION('ref_axis',(1.,0.,0.));
#3272=DIRECTION('center_axis',(0.,0.,1.));
#3273=DIRECTION('ref_axis',(1.,0.,0.));
#3274=DIRECTION('',(0.,0.,-1.));
#3275=DIRECTION('',(0.,0.,1.));
#3276=DIRECTION('center_axis',(0.,0.,-1.));
#3277=DIRECTION('ref_axis',(1.,0.,0.));
#3278=DIRECTION('center_axis',(0.,0.,1.));
#3279=DIRECTION('ref_axis',(1.,0.,0.));
#3280=DIRECTION('',(0.,0.,-1.));
#3281=DIRECTION('',(0.,0.,1.));
#3282=DIRECTION('center_axis',(0.,0.,-1.));
#3283=DIRECTION('ref_axis',(1.,0.,0.));
#3284=DIRECTION('center_axis',(0.,0.,1.));
#3285=DIRECTION('ref_axis',(1.,0.,0.));
#3286=DIRECTION('',(0.,0.,-1.));
#3287=DIRECTION('',(0.,0.,1.));
#3288=DIRECTION('center_axis',(0.,0.,-1.));
#3289=DIRECTION('ref_axis',(1.,0.,0.));
#3290=DIRECTION('center_axis',(0.,0.,1.));
#3291=DIRECTION('ref_axis',(1.,0.,0.));
#3292=DIRECTION('',(0.,0.,-1.));
#3293=DIRECTION('',(0.,0.,1.));
#3294=DIRECTION('center_axis',(0.,0.,-1.));
#3295=DIRECTION('ref_axis',(1.,0.,0.));
#3296=DIRECTION('center_axis',(0.,0.,1.));
#3297=DIRECTION('ref_axis',(1.,0.,0.));
#3298=DIRECTION('',(0.,0.,-1.));
#3299=DIRECTION('',(0.,0.,1.));
#3300=DIRECTION('center_axis',(0.,0.,-1.));
#3301=DIRECTION('ref_axis',(1.,0.,0.));
#3302=DIRECTION('center_axis',(0.,0.,1.));
#3303=DIRECTION('ref_axis',(1.,0.,0.));
#3304=DIRECTION('',(0.,0.,-1.));
#3305=DIRECTION('',(0.,0.,1.));
#3306=DIRECTION('center_axis',(0.,0.,-1.));
#3307=DIRECTION('ref_axis',(1.,0.,0.));
#3308=DIRECTION('center_axis',(0.,0.,1.));
#3309=DIRECTION('ref_axis',(1.,0.,0.));
#3310=DIRECTION('',(0.,0.,-1.));
#3311=DIRECTION('',(0.,0.,1.));
#3312=DIRECTION('center_axis',(0.,0.,-1.));
#3313=DIRECTION('ref_axis',(1.,0.,0.));
#3314=DIRECTION('center_axis',(0.,0.,1.));
#3315=DIRECTION('ref_axis',(1.,0.,0.));
#3316=DIRECTION('',(0.,0.,-1.));
#3317=DIRECTION('',(0.,0.,1.));
#3318=DIRECTION('center_axis',(0.,0.,-1.));
#3319=DIRECTION('ref_axis',(1.,0.,0.));
#3320=DIRECTION('center_axis',(0.,0.,1.));
#3321=DIRECTION('ref_axis',(1.,0.,0.));
#3322=DIRECTION('',(0.,0.,-1.));
#3323=DIRECTION('',(0.,0.,1.));
#3324=DIRECTION('center_axis',(0.,0.,-1.));
#3325=DIRECTION('ref_axis',(1.,0.,0.));
#3326=DIRECTION('center_axis',(0.,0.,1.));
#3327=DIRECTION('ref_axis',(1.,0.,0.));
#3328=DIRECTION('',(0.,0.,-1.));
#3329=DIRECTION('',(0.,0.,1.));
#3330=DIRECTION('center_axis',(0.,0.,-1.));
#3331=DIRECTION('ref_axis',(1.,0.,0.));
#3332=DIRECTION('center_axis',(0.,0.,1.));
#3333=DIRECTION('ref_axis',(1.,0.,0.));
#3334=DIRECTION('',(0.,0.,-1.));
#3335=DIRECTION('',(0.,0.,1.));
#3336=DIRECTION('center_axis',(0.,0.,-1.));
#3337=DIRECTION('ref_axis',(1.,0.,0.));
#3338=DIRECTION('center_axis',(0.,0.,1.));
#3339=DIRECTION('ref_axis',(1.,0.,0.));
#3340=DIRECTION('',(0.,0.,-1.));
#3341=DIRECTION('',(0.,0.,1.));
#3342=DIRECTION('center_axis',(0.,0.,-1.));
#3343=DIRECTION('ref_axis',(1.,0.,0.));
#3344=DIRECTION('center_axis',(0.,0.,1.));
#3345=DIRECTION('ref_axis',(1.,0.,0.));
#3346=DIRECTION('',(0.,0.,-1.));
#3347=DIRECTION('',(0.,0.,1.));
#3348=DIRECTION('center_axis',(0.,1.,0.));
#3349=DIRECTION('ref_axis',(-1.,0.,0.));
#3350=DIRECTION('',(1.,0.,0.));
#3351=DIRECTION('center_axis',(0.,1.,0.));
#3352=DIRECTION('ref_axis',(-1.,0.,0.));
#3353=DIRECTION('',(0.,0.,1.));
#3354=DIRECTION('',(1.,0.,0.));
#3355=DIRECTION('center_axis',(0.,1.,0.));
#3356=DIRECTION('ref_axis',(-1.,0.,0.));
#3357=DIRECTION('',(1.,0.,0.));
#3358=DIRECTION('center_axis',(0.,1.,0.));
#3359=DIRECTION('ref_axis',(-1.,0.,0.));
#3360=DIRECTION('',(1.,0.,0.));
#3361=DIRECTION('center_axis',(0.,1.,0.));
#3362=DIRECTION('ref_axis',(-1.,0.,0.));
#3363=DIRECTION('',(1.,0.,0.));
#3364=DIRECTION('center_axis',(0.,1.,0.));
#3365=DIRECTION('ref_axis',(-1.,0.,0.));
#3366=DIRECTION('',(1.,0.,0.));
#3367=DIRECTION('',(0.,0.,1.));
#3368=DIRECTION('center_axis',(0.,1.,0.));
#3369=DIRECTION('ref_axis',(-1.,0.,0.));
#3370=DIRECTION('',(1.,0.,0.));
#3371=DIRECTION('center_axis',(0.,1.,0.));
#3372=DIRECTION('ref_axis',(-1.,0.,0.));
#3373=DIRECTION('',(1.,0.,0.));
#3374=DIRECTION('center_axis',(0.,-1.,0.));
#3375=DIRECTION('ref_axis',(1.,0.,0.));
#3376=DIRECTION('',(-1.,0.,0.));
#3377=DIRECTION('',(0.,0.,1.));
#3378=DIRECTION('center_axis',(0.,-1.,0.));
#3379=DIRECTION('ref_axis',(1.,0.,0.));
#3380=DIRECTION('',(-1.,0.,0.));
#3381=DIRECTION('center_axis',(0.,-1.,0.));
#3382=DIRECTION('ref_axis',(1.,0.,0.));
#3383=DIRECTION('',(-1.,0.,0.));
#3384=DIRECTION('center_axis',(0.,-1.,0.));
#3385=DIRECTION('ref_axis',(1.,0.,0.));
#3386=DIRECTION('',(-1.,0.,0.));
#3387=DIRECTION('center_axis',(0.,-1.,0.));
#3388=DIRECTION('ref_axis',(1.,0.,0.));
#3389=DIRECTION('',(0.,0.,1.));
#3390=DIRECTION('',(-1.,0.,0.));
#3391=DIRECTION('center_axis',(0.,-1.,0.));
#3392=DIRECTION('ref_axis',(1.,0.,0.));
#3393=DIRECTION('',(-1.,0.,0.));
#3394=DIRECTION('center_axis',(0.,-1.,0.));
#3395=DIRECTION('ref_axis',(1.,0.,0.));
#3396=DIRECTION('',(-1.,0.,0.));
#3397=DIRECTION('center_axis',(0.,-1.,0.));
#3398=DIRECTION('ref_axis',(1.,0.,0.));
#3399=DIRECTION('',(-1.,0.,0.));
#3400=DIRECTION('center_axis',(0.,0.,1.));
#3401=DIRECTION('ref_axis',(1.,0.,0.));
#3402=DIRECTION('',(0.,1.,0.));
#3403=DIRECTION('',(0.,-1.,0.));
#3404=DIRECTION('center_axis',(1.,0.,0.));
#3405=DIRECTION('ref_axis',(0.,1.,0.));
#3406=DIRECTION('',(0.,0.,1.));
#3407=DIRECTION('',(0.,1.,0.));
#3408=DIRECTION('',(0.,0.,1.));
#3409=DIRECTION('center_axis',(0.,-1.,0.));
#3410=DIRECTION('ref_axis',(1.,0.,0.));
#3411=DIRECTION('',(1.,0.,0.));
#3412=DIRECTION('',(0.,0.,1.));
#3413=DIRECTION('center_axis',(-1.,0.,0.));
#3414=DIRECTION('ref_axis',(0.,-1.,0.));
#3415=DIRECTION('',(0.,-1.,0.));
#3416=DIRECTION('',(0.,0.,1.));
#3417=DIRECTION('center_axis',(0.,1.,0.));
#3418=DIRECTION('ref_axis',(-1.,0.,0.));
#3419=DIRECTION('',(-1.,0.,0.));
#3420=DIRECTION('',(0.,0.,1.));
#3421=DIRECTION('center_axis',(1.,0.,0.));
#3422=DIRECTION('ref_axis',(0.,1.,0.));
#3423=DIRECTION('',(0.,1.,0.));
#3424=DIRECTION('',(0.,0.,1.));
#3425=DIRECTION('center_axis',(0.,1.,0.));
#3426=DIRECTION('ref_axis',(-1.,0.,0.));
#3427=DIRECTION('',(-1.,0.,0.));
#3428=DIRECTION('center_axis',(0.,0.,1.));
#3429=DIRECTION('ref_axis',(1.,0.,0.));
#3430=DIRECTION('center_axis',(1.,0.,0.));
#3431=DIRECTION('ref_axis',(0.,1.,0.));
#3432=DIRECTION('center_axis',(-1.,0.,0.));
#3433=DIRECTION('ref_axis',(0.,-1.,0.));
#3434=CARTESIAN_POINT('',(0.,0.,0.));
#3435=CARTESIAN_POINT('Origin',(-23.6235842842177,2.41358428421768,1.));
#3436=CARTESIAN_POINT('',(-23.6235842842177,1.91358428421768,1.));
#3437=CARTESIAN_POINT('',(-23.6235842842177,2.41358428421768,1.));
#3438=CARTESIAN_POINT('',(-23.6235842842177,5.91358428421768,1.));
#3439=CARTESIAN_POINT('',(-23.6235842842177,1.91358428421768,1.1));
#3440=CARTESIAN_POINT('',(-23.6235842842177,1.91358428421768,1.));
#3441=CARTESIAN_POINT('',(-23.6235842842177,2.41358428421768,1.1));
#3442=CARTESIAN_POINT('',(-23.6235842842177,2.41358428421768,1.1));
#3443=CARTESIAN_POINT('',(-23.6235842842177,2.41358428421768,1.));
#3444=CARTESIAN_POINT('Origin',(-22.8235842842177,2.41358428421768,1.));
#3445=CARTESIAN_POINT('',(-22.8235842842177,2.41358428421768,1.));
#3446=CARTESIAN_POINT('',(-18.3685842842177,2.41358428421768,1.));
#3447=CARTESIAN_POINT('',(-22.8235842842177,2.41358428421768,1.1));
#3448=CARTESIAN_POINT('',(-22.8235842842177,2.41358428421768,1.1));
#3449=CARTESIAN_POINT('',(-22.8235842842177,2.41358428421768,1.));
#3450=CARTESIAN_POINT('Origin',(-22.8235842842177,1.91358428421768,1.));
#3451=CARTESIAN_POINT('',(-22.8235842842177,1.91358428421768,1.));
#3452=CARTESIAN_POINT('',(-22.8235842842177,5.66358428421768,1.));
#3453=CARTESIAN_POINT('',(-22.8235842842177,1.91358428421768,1.1));
#3454=CARTESIAN_POINT('',(-22.8235842842177,1.91358428421768,1.1));
#3455=CARTESIAN_POINT('',(-22.8235842842177,1.91358428421768,1.));
#3456=CARTESIAN_POINT('Origin',(-23.2235842842177,2.16358428421768,1.1));
#3457=CARTESIAN_POINT('',(-22.8985842842177,1.91358428421768,1.1));
#3458=CARTESIAN_POINT('',(-23.6235842842177,1.91358428421768,1.1));
#3459=CARTESIAN_POINT('',(-23.5485842842177,1.91358428421768,1.1));
#3460=CARTESIAN_POINT('',(-23.6235842842177,1.91358428421768,1.1));
#3461=CARTESIAN_POINT('Origin',(-23.2235842842177,1.91358428421768,1.1));
#3462=CARTESIAN_POINT('Origin',(-18.5435842842177,2.41358428421768,1.));
#3463=CARTESIAN_POINT('',(-18.5435842842177,1.91358428421768,1.));
#3464=CARTESIAN_POINT('',(-18.5435842842177,2.41358428421768,1.));
#3465=CARTESIAN_POINT('',(-18.5435842842177,5.91358428421768,1.));
#3466=CARTESIAN_POINT('',(-18.5435842842177,1.91358428421768,1.1));
#3467=CARTESIAN_POINT('',(-18.5435842842177,1.91358428421768,1.));
#3468=CARTESIAN_POINT('',(-18.5435842842177,2.41358428421768,1.1));
#3469=CARTESIAN_POINT('',(-18.5435842842177,2.41358428421768,1.1));
#3470=CARTESIAN_POINT('',(-18.5435842842177,2.41358428421768,1.));
#3471=CARTESIAN_POINT('Origin',(-17.7435842842177,2.41358428421768,1.));
#3472=CARTESIAN_POINT('',(-17.7435842842177,2.41358428421768,1.));
#3473=CARTESIAN_POINT('',(-15.8285842842177,2.41358428421768,1.));
#3474=CARTESIAN_POINT('',(-17.7435842842177,2.41358428421768,1.1));
#3475=CARTESIAN_POINT('',(-17.7435842842177,2.41358428421768,1.1));
#3476=CARTESIAN_POINT('',(-17.7435842842177,2.41358428421768,1.));
#3477=CARTESIAN_POINT('Origin',(-17.7435842842177,1.91358428421768,1.));
#3478=CARTESIAN_POINT('',(-17.7435842842177,1.91358428421768,1.));
#3479=CARTESIAN_POINT('',(-17.7435842842177,5.66358428421768,1.));
#3480=CARTESIAN_POINT('',(-17.7435842842177,1.91358428421768,1.1));
#3481=CARTESIAN_POINT('',(-17.7435842842177,1.91358428421768,1.1));
#3482=CARTESIAN_POINT('',(-17.7435842842177,1.91358428421768,1.));
#3483=CARTESIAN_POINT('Origin',(-18.1435842842177,2.16358428421768,1.1));
#3484=CARTESIAN_POINT('',(-17.8185842842177,1.91358428421768,1.1));
#3485=CARTESIAN_POINT('',(-18.5435842842177,1.91358428421768,1.1));
#3486=CARTESIAN_POINT('',(-18.4685842842177,1.91358428421768,1.1));
#3487=CARTESIAN_POINT('',(-18.5435842842177,1.91358428421768,1.1));
#3488=CARTESIAN_POINT('Origin',(-18.1435842842177,1.91358428421768,1.1));
#3489=CARTESIAN_POINT('Origin',(-15.2035842842177,16.4135842842177,1.));
#3490=CARTESIAN_POINT('',(-15.2035842842177,16.9135842842177,1.));
#3491=CARTESIAN_POINT('',(-15.2035842842177,16.4135842842177,1.));
#3492=CARTESIAN_POINT('',(-15.2035842842177,12.9135842842177,1.));
#3493=CARTESIAN_POINT('',(-15.2035842842177,16.9135842842177,1.1));
#3494=CARTESIAN_POINT('',(-15.2035842842177,16.9135842842177,1.));
#3495=CARTESIAN_POINT('',(-15.2035842842177,16.4135842842177,1.1));
#3496=CARTESIAN_POINT('',(-15.2035842842177,16.9135842842177,1.1));
#3497=CARTESIAN_POINT('',(-15.2035842842177,16.4135842842177,1.));
#3498=CARTESIAN_POINT('Origin',(-16.0035842842177,16.4135842842177,1.));
#3499=CARTESIAN_POINT('',(-16.0035842842177,16.4135842842177,1.));
#3500=CARTESIAN_POINT('',(-14.9585842842177,16.4135842842177,1.));
#3501=CARTESIAN_POINT('',(-16.0035842842177,16.4135842842177,1.1));
#3502=CARTESIAN_POINT('',(-15.2035842842177,16.4135842842177,1.1));
#3503=CARTESIAN_POINT('',(-16.0035842842177,16.4135842842177,1.));
#3504=CARTESIAN_POINT('Origin',(-16.0035842842177,16.9135842842177,1.));
#3505=CARTESIAN_POINT('',(-16.0035842842177,16.9135842842177,1.));
#3506=CARTESIAN_POINT('',(-16.0035842842177,13.1635842842177,1.));
#3507=CARTESIAN_POINT('',(-16.0035842842177,16.9135842842177,1.1));
#3508=CARTESIAN_POINT('',(-16.0035842842177,16.4135842842177,1.1));
#3509=CARTESIAN_POINT('',(-16.0035842842177,16.9135842842177,1.));
#3510=CARTESIAN_POINT('Origin',(-15.6035842842177,16.6635842842177,1.1));
#3511=CARTESIAN_POINT('',(-15.2785842842177,16.9135842842177,1.1));
#3512=CARTESIAN_POINT('',(-16.0035842842177,16.9135842842177,1.1));
#3513=CARTESIAN_POINT('',(-15.9285842842177,16.9135842842177,1.1));
#3514=CARTESIAN_POINT('Origin',(-15.6035842842177,16.9135842842177,1.1));
#3515=CARTESIAN_POINT('',(-16.0035842842177,16.9135842842177,1.1));
#3516=CARTESIAN_POINT('Origin',(-13.9135842842177,9.41358428421768,1.));
#3517=CARTESIAN_POINT('',(-22.3535842842177,1.91358428421768,1.));
#3518=CARTESIAN_POINT('',(-1.91358428421768,1.91358428421768,1.));
#3519=CARTESIAN_POINT('',(-22.3535842842177,2.41358428421768,1.));
#3520=CARTESIAN_POINT('',(-22.3535842842177,5.91358428421768,1.));
#3521=CARTESIAN_POINT('',(-21.5535842842177,2.41358428421768,1.));
#3522=CARTESIAN_POINT('',(-17.7335842842177,2.41358428421768,1.));
#3523=CARTESIAN_POINT('',(-21.5535842842177,1.91358428421768,1.));
#3524=CARTESIAN_POINT('',(-21.5535842842177,5.66358428421768,1.));
#3525=CARTESIAN_POINT('',(-21.0835842842177,1.91358428421768,1.));
#3526=CARTESIAN_POINT('',(-1.91358428421768,1.91358428421768,1.));
#3527=CARTESIAN_POINT('',(-21.0835842842177,2.41358428421768,1.));
#3528=CARTESIAN_POINT('',(-21.0835842842177,5.91358428421768,1.));
#3529=CARTESIAN_POINT('',(-20.2835842842177,2.41358428421768,1.));
#3530=CARTESIAN_POINT('',(-17.0985842842177,2.41358428421768,1.));
#3531=CARTESIAN_POINT('',(-20.2835842842177,1.91358428421768,1.));
#3532=CARTESIAN_POINT('',(-20.2835842842177,5.66358428421768,1.));
#3533=CARTESIAN_POINT('',(-19.8135842842177,1.91358428421768,1.));
#3534=CARTESIAN_POINT('',(-1.91358428421768,1.91358428421768,1.));
#3535=CARTESIAN_POINT('',(-19.8135842842177,2.41358428421768,1.));
#3536=CARTESIAN_POINT('',(-19.8135842842177,5.91358428421768,1.));
#3537=CARTESIAN_POINT('',(-19.0135842842177,2.41358428421768,1.));
#3538=CARTESIAN_POINT('',(-16.4635842842177,2.41358428421768,1.));
#3539=CARTESIAN_POINT('',(-19.0135842842177,1.91358428421768,1.));
#3540=CARTESIAN_POINT('',(-19.0135842842177,5.66358428421768,1.));
#3541=CARTESIAN_POINT('',(-1.91358428421768,1.91358428421768,1.));
#3542=CARTESIAN_POINT('',(-17.2735842842177,1.91358428421768,1.));
#3543=CARTESIAN_POINT('',(-1.91358428421768,1.91358428421768,1.));
#3544=CARTESIAN_POINT('',(-17.2735842842177,2.41358428421768,1.));
#3545=CARTESIAN_POINT('',(-17.2735842842177,5.91358428421768,1.));
#3546=CARTESIAN_POINT('',(-16.4735842842177,2.41358428421768,1.));
#3547=CARTESIAN_POINT('',(-15.1935842842177,2.41358428421768,1.));
#3548=CARTESIAN_POINT('',(-16.4735842842177,1.91358428421768,1.));
#3549=CARTESIAN_POINT('',(-16.4735842842177,5.66358428421768,1.));
#3550=CARTESIAN_POINT('',(-16.0035842842177,1.91358428421768,1.));
#3551=CARTESIAN_POINT('',(-1.91358428421768,1.91358428421768,1.));
#3552=CARTESIAN_POINT('',(-16.0035842842177,2.41358428421768,1.));
#3553=CARTESIAN_POINT('',(-16.0035842842177,5.91358428421768,1.));
#3554=CARTESIAN_POINT('',(-15.2035842842177,2.41358428421768,1.));
#3555=CARTESIAN_POINT('',(-14.5585842842177,2.41358428421768,1.));
#3556=CARTESIAN_POINT('',(-15.2035842842177,1.91358428421768,1.));
#3557=CARTESIAN_POINT('',(-15.2035842842177,5.66358428421768,1.));
#3558=CARTESIAN_POINT('',(-1.91358428421768,1.91358428421768,1.));
#3559=CARTESIAN_POINT('',(-1.91358428421768,1.91358428421768,1.));
#3560=CARTESIAN_POINT('',(-1.91358428421768,16.9135842842177,1.));
#3561=CARTESIAN_POINT('',(-1.91358428421768,16.9135842842177,1.));
#3562=CARTESIAN_POINT('',(-25.9135842842177,16.9135842842177,1.));
#3563=CARTESIAN_POINT('',(-16.4735842842177,16.9135842842177,1.));
#3564=CARTESIAN_POINT('',(-25.9135842842177,16.9135842842177,1.));
#3565=CARTESIAN_POINT('',(-16.4735842842177,16.4135842842177,1.));
#3566=CARTESIAN_POINT('',(-16.4735842842177,12.9135842842177,1.));
#3567=CARTESIAN_POINT('',(-17.2735842842177,16.4135842842177,1.));
#3568=CARTESIAN_POINT('',(-15.5935842842177,16.4135842842177,1.));
#3569=CARTESIAN_POINT('',(-17.2735842842177,16.9135842842177,1.));
#3570=CARTESIAN_POINT('',(-17.2735842842177,13.1635842842177,1.));
#3571=CARTESIAN_POINT('',(-17.7435842842177,16.9135842842177,1.));
#3572=CARTESIAN_POINT('',(-25.9135842842177,16.9135842842177,1.));
#3573=CARTESIAN_POINT('',(-17.7435842842177,16.4135842842177,1.));
#3574=CARTESIAN_POINT('',(-17.7435842842177,12.9135842842177,1.));
#3575=CARTESIAN_POINT('',(-18.5435842842177,16.4135842842177,1.));
#3576=CARTESIAN_POINT('',(-16.2285842842177,16.4135842842177,1.));
#3577=CARTESIAN_POINT('',(-18.5435842842177,16.9135842842177,1.));
#3578=CARTESIAN_POINT('',(-18.5435842842177,13.1635842842177,1.));
#3579=CARTESIAN_POINT('',(-19.0135842842177,16.9135842842177,1.));
#3580=CARTESIAN_POINT('',(-25.9135842842177,16.9135842842177,1.));
#3581=CARTESIAN_POINT('',(-19.0135842842177,16.4135842842177,1.));
#3582=CARTESIAN_POINT('',(-19.0135842842177,12.9135842842177,1.));
#3583=CARTESIAN_POINT('',(-19.8135842842177,16.4135842842177,1.));
#3584=CARTESIAN_POINT('',(-16.8635842842177,16.4135842842177,1.));
#3585=CARTESIAN_POINT('',(-19.8135842842177,16.9135842842177,1.));
#3586=CARTESIAN_POINT('',(-19.8135842842177,13.1635842842177,1.));
#3587=CARTESIAN_POINT('',(-20.2835842842177,16.9135842842177,1.));
#3588=CARTESIAN_POINT('',(-25.9135842842177,16.9135842842177,1.));
#3589=CARTESIAN_POINT('',(-20.2835842842177,16.4135842842177,1.));
#3590=CARTESIAN_POINT('',(-20.2835842842177,12.9135842842177,1.));
#3591=CARTESIAN_POINT('',(-21.0835842842177,16.4135842842177,1.));
#3592=CARTESIAN_POINT('',(-17.4985842842177,16.4135842842177,1.));
#3593=CARTESIAN_POINT('',(-21.0835842842177,16.9135842842177,1.));
#3594=CARTESIAN_POINT('',(-21.0835842842177,13.1635842842177,1.));
#3595=CARTESIAN_POINT('',(-21.5535842842177,16.9135842842177,1.));
#3596=CARTESIAN_POINT('',(-25.9135842842177,16.9135842842177,1.));
#3597=CARTESIAN_POINT('',(-21.5535842842177,16.4135842842177,1.));
#3598=CARTESIAN_POINT('',(-21.5535842842177,12.9135842842177,1.));
#3599=CARTESIAN_POINT('',(-22.3535842842177,16.4135842842177,1.));
#3600=CARTESIAN_POINT('',(-18.1335842842177,16.4135842842177,1.));
#3601=CARTESIAN_POINT('',(-22.3535842842177,16.9135842842177,1.));
#3602=CARTESIAN_POINT('',(-22.3535842842177,13.1635842842177,1.));
#3603=CARTESIAN_POINT('',(-22.8235842842177,16.9135842842177,1.));
#3604=CARTESIAN_POINT('',(-25.9135842842177,16.9135842842177,1.));
#3605=CARTESIAN_POINT('',(-22.8235842842177,16.4135842842177,1.));
#3606=CARTESIAN_POINT('',(-22.8235842842177,12.9135842842177,1.));
#3607=CARTESIAN_POINT('',(-23.6235842842177,16.4135842842177,1.));
#3608=CARTESIAN_POINT('',(-18.7685842842177,16.4135842842177,1.));
#3609=CARTESIAN_POINT('',(-23.6235842842177,16.9135842842177,1.));
#3610=CARTESIAN_POINT('',(-23.6235842842177,13.1635842842177,1.));
#3611=CARTESIAN_POINT('',(-25.9135842842177,16.9135842842177,1.));
#3612=CARTESIAN_POINT('',(-25.9135842842177,16.9135842842177,1.));
#3613=CARTESIAN_POINT('',(-25.9135842842177,1.91358428421768,1.));
#3614=CARTESIAN_POINT('',(-25.9135842842177,1.91358428421768,1.));
#3615=CARTESIAN_POINT('',(-1.91358428421768,1.91358428421768,1.));
#3616=CARTESIAN_POINT('',(-8.79269322247185,11.5228141819426,1.));
#3617=CARTESIAN_POINT('',(-7.50000011175871,12.5000001862645,1.));
#3618=CARTESIAN_POINT('',(-10.2830370786161,10.3962179730034,1.));
#3619=CARTESIAN_POINT('',(-7.50000011175871,16.0000002384186,1.));
#3620=CARTESIAN_POINT('',(-7.50000011175871,12.7067922613181,1.));
#3621=CARTESIAN_POINT('',(-2.5000000372529,16.0000002384186,1.));
#3622=CARTESIAN_POINT('',(-8.20679216073529,16.0000002384186,1.));
#3623=CARTESIAN_POINT('',(-2.5000000372529,14.0710015052652,1.));
#3624=CARTESIAN_POINT('',(-2.50000003725291,11.7422928947414,1.));
#3625=CARTESIAN_POINT('',(-5.00000007450581,14.0710015052652,1.));
#3626=CARTESIAN_POINT('',(-9.45679217936175,14.0710015052652,1.));
#3627=CARTESIAN_POINT('',(-5.00000007450581,11.0524214861966,1.));
#3628=CARTESIAN_POINT('',(-5.00000007450581,10.2330028852072,1.));
#3629=CARTESIAN_POINT('',(-2.5000000372529,11.0524214861966,1.));
#3630=CARTESIAN_POINT('',(-8.2067921607353,11.0524214861966,1.));
#3631=CARTESIAN_POINT('',(-2.5000000372529,8.84729787337612,1.));
#3632=CARTESIAN_POINT('',(-2.5000000372529,9.1304410787969,1.));
#3633=CARTESIAN_POINT('',(-5.00000007450581,8.84729787337612,1.));
#3634=CARTESIAN_POINT('',(-9.45679217936175,8.84729787337612,1.));
#3635=CARTESIAN_POINT('',(-5.00000007450581,6.67750333847982,1.));
#3636=CARTESIAN_POINT('',(-5.00000007450581,8.04554381134875,1.));
#3637=CARTESIAN_POINT('',(-2.5000000372529,6.67750333847982,1.));
#3638=CARTESIAN_POINT('',(-8.20679216073529,6.67750333847982,1.));
#3639=CARTESIAN_POINT('',(-2.5000000372529,4.77989186471611,1.));
#3640=CARTESIAN_POINT('',(-2.5000000372529,7.0967380744669,1.));
#3641=CARTESIAN_POINT('',(-5.19999988377094,4.77989186471611,1.));
#3642=CARTESIAN_POINT('',(-9.55679208399432,4.77989186471612,1.));
#3643=CARTESIAN_POINT('',(-5.19999988377094,4.97989186471611,1.));
#3644=CARTESIAN_POINT('',(-5.19999988377094,7.1967380744669,1.));
#3645=CARTESIAN_POINT('',(-2.7000000372529,4.97989186471611,1.));
#3646=CARTESIAN_POINT('',(-8.3067921607353,4.97989186471611,1.));
#3647=CARTESIAN_POINT('',(-2.7000000372529,6.47750333847982,1.));
#3648=CARTESIAN_POINT('',(-2.7000000372529,7.94554381134875,1.));
#3649=CARTESIAN_POINT('',(-5.20000007450581,6.47750333847982,1.));
#3650=CARTESIAN_POINT('',(-9.55679217936175,6.47750333847982,1.));
#3651=CARTESIAN_POINT('',(-5.20000007450581,9.04729787337612,1.));
#3652=CARTESIAN_POINT('',(-5.20000007450581,9.2304410787969,1.));
#3653=CARTESIAN_POINT('',(-2.7000000372529,9.04729787337612,1.));
#3654=CARTESIAN_POINT('',(-8.3067921607353,9.04729787337612,1.));
#3655=CARTESIAN_POINT('',(-2.7000000372529,10.8524214861966,1.));
#3656=CARTESIAN_POINT('',(-2.70000003725291,10.1330028852072,1.));
#3657=CARTESIAN_POINT('',(-5.20000007450581,10.8524214861966,1.));
#3658=CARTESIAN_POINT('',(-9.55679217936175,10.8524214861966,1.));
#3659=CARTESIAN_POINT('',(-5.20000007450581,14.2710015052652,1.));
#3660=CARTESIAN_POINT('',(-5.20000007450581,11.8422928947414,1.));
#3661=CARTESIAN_POINT('',(-2.7000000372529,14.2710015052652,1.));
#3662=CARTESIAN_POINT('',(-8.3067921607353,14.2710015052652,1.));
#3663=CARTESIAN_POINT('',(-2.7000000372529,15.8000002384186,1.));
#3664=CARTESIAN_POINT('',(-2.70000003725291,12.6067922613181,1.));
#3665=CARTESIAN_POINT('',(-7.30000011175871,15.8000002384186,1.));
#3666=CARTESIAN_POINT('',(-10.6067921979882,15.8000002384186,1.));
#3667=CARTESIAN_POINT('',(-7.30000011175871,12.4004728217176,1.));
#3668=CARTESIAN_POINT('',(-7.30000011175871,10.9070285529677,1.));
#3669=CARTESIAN_POINT('',(-8.67208853827199,11.3632694855436,1.));
#3670=CARTESIAN_POINT('',(-10.8087789497728,9.74808027444342,1.));
#3671=CARTESIAN_POINT('',(-9.21644834184397,12.0833884441803,1.));
#3672=CARTESIAN_POINT('',(-8.71358428421768,10.7135842842177,1.));
#3673=CARTESIAN_POINT('',(-8.71358428421768,3.01358428421768,1.));
#3674=CARTESIAN_POINT('',(-8.71358428421768,6.21358428421768,1.));
#3675=CARTESIAN_POINT('',(-25.2135842842177,3.01358428421768,1.));
#3676=CARTESIAN_POINT('',(-19.5635842842177,3.01358428421768,1.));
#3677=CARTESIAN_POINT('',(-25.2135842842177,15.8135842842177,1.));
#3678=CARTESIAN_POINT('',(-25.2135842842177,12.6135842842177,1.));
#3679=CARTESIAN_POINT('',(-13.0135842842177,15.8135842842177,1.));
#3680=CARTESIAN_POINT('',(-13.4635842842177,15.8135842842177,1.));
#3681=CARTESIAN_POINT('',(-13.0135842842177,10.7135842842177,1.));
#3682=CARTESIAN_POINT('',(-13.0135842842177,10.0635842842177,1.));
#3683=CARTESIAN_POINT('',(-11.3135842842177,10.7135842842177,1.));
#3684=CARTESIAN_POINT('Origin',(-20.2835842842177,16.4135842842177,1.));
#3685=CARTESIAN_POINT('',(-20.2835842842177,16.9135842842177,1.1));
#3686=CARTESIAN_POINT('',(-20.2835842842177,16.9135842842177,1.));
#3687=CARTESIAN_POINT('',(-20.2835842842177,16.4135842842177,1.1));
#3688=CARTESIAN_POINT('',(-20.2835842842177,16.9135842842177,1.1));
#3689=CARTESIAN_POINT('',(-20.2835842842177,16.4135842842177,1.));
#3690=CARTESIAN_POINT('Origin',(-21.0835842842177,16.4135842842177,1.));
#3691=CARTESIAN_POINT('',(-21.0835842842177,16.4135842842177,1.1));
#3692=CARTESIAN_POINT('',(-20.2835842842177,16.4135842842177,1.1));
#3693=CARTESIAN_POINT('',(-21.0835842842177,16.4135842842177,1.));
#3694=CARTESIAN_POINT('Origin',(-21.0835842842177,16.9135842842177,1.));
#3695=CARTESIAN_POINT('',(-21.0835842842177,16.9135842842177,1.1));
#3696=CARTESIAN_POINT('',(-21.0835842842177,16.4135842842177,1.1));
#3697=CARTESIAN_POINT('',(-21.0835842842177,16.9135842842177,1.));
#3698=CARTESIAN_POINT('Origin',(-20.6835842842177,16.6635842842177,1.1));
#3699=CARTESIAN_POINT('',(-20.3585842842177,16.9135842842177,1.1));
#3700=CARTESIAN_POINT('',(-21.0835842842177,16.9135842842177,1.1));
#3701=CARTESIAN_POINT('',(-21.0085842842177,16.9135842842177,1.1));
#3702=CARTESIAN_POINT('Origin',(-20.6835842842177,16.9135842842177,1.1));
#3703=CARTESIAN_POINT('',(-21.0835842842177,16.9135842842177,1.1));
#3704=CARTESIAN_POINT('Origin',(-21.5535842842177,16.4135842842177,1.));
#3705=CARTESIAN_POINT('',(-21.5535842842177,16.9135842842177,1.1));
#3706=CARTESIAN_POINT('',(-21.5535842842177,16.9135842842177,1.));
#3707=CARTESIAN_POINT('',(-21.5535842842177,16.4135842842177,1.1));
#3708=CARTESIAN_POINT('',(-21.5535842842177,16.9135842842177,1.1));
#3709=CARTESIAN_POINT('',(-21.5535842842177,16.4135842842177,1.));
#3710=CARTESIAN_POINT('Origin',(-22.3535842842177,16.4135842842177,1.));
#3711=CARTESIAN_POINT('',(-22.3535842842177,16.4135842842177,1.1));
#3712=CARTESIAN_POINT('',(-21.5535842842177,16.4135842842177,1.1));
#3713=CARTESIAN_POINT('',(-22.3535842842177,16.4135842842177,1.));
#3714=CARTESIAN_POINT('Origin',(-22.3535842842177,16.9135842842177,1.));
#3715=CARTESIAN_POINT('',(-22.3535842842177,16.9135842842177,1.1));
#3716=CARTESIAN_POINT('',(-22.3535842842177,16.4135842842177,1.1));
#3717=CARTESIAN_POINT('',(-22.3535842842177,16.9135842842177,1.));
#3718=CARTESIAN_POINT('Origin',(-21.9535842842177,16.6635842842177,1.1));
#3719=CARTESIAN_POINT('',(-21.6285842842177,16.9135842842177,1.1));
#3720=CARTESIAN_POINT('',(-22.3535842842177,16.9135842842177,1.1));
#3721=CARTESIAN_POINT('',(-22.2785842842177,16.9135842842177,1.1));
#3722=CARTESIAN_POINT('Origin',(-21.9535842842177,16.9135842842177,1.1));
#3723=CARTESIAN_POINT('',(-22.3535842842177,16.9135842842177,1.1));
#3724=CARTESIAN_POINT('Origin',(-16.4735842842177,16.4135842842177,1.));
#3725=CARTESIAN_POINT('',(-16.4735842842177,16.9135842842177,1.1));
#3726=CARTESIAN_POINT('',(-16.4735842842177,16.9135842842177,1.));
#3727=CARTESIAN_POINT('',(-16.4735842842177,16.4135842842177,1.1));
#3728=CARTESIAN_POINT('',(-16.4735842842177,16.9135842842177,1.1));
#3729=CARTESIAN_POINT('',(-16.4735842842177,16.4135842842177,1.));
#3730=CARTESIAN_POINT('Origin',(-17.2735842842177,16.4135842842177,1.));
#3731=CARTESIAN_POINT('',(-17.2735842842177,16.4135842842177,1.1));
#3732=CARTESIAN_POINT('',(-16.4735842842177,16.4135842842177,1.1));
#3733=CARTESIAN_POINT('',(-17.2735842842177,16.4135842842177,1.));
#3734=CARTESIAN_POINT('Origin',(-17.2735842842177,16.9135842842177,1.));
#3735=CARTESIAN_POINT('',(-17.2735842842177,16.9135842842177,1.1));
#3736=CARTESIAN_POINT('',(-17.2735842842177,16.4135842842177,1.1));
#3737=CARTESIAN_POINT('',(-17.2735842842177,16.9135842842177,1.));
#3738=CARTESIAN_POINT('Origin',(-16.8735842842177,16.6635842842177,1.1));
#3739=CARTESIAN_POINT('',(-16.5485842842177,16.9135842842177,1.1));
#3740=CARTESIAN_POINT('',(-17.2735842842177,16.9135842842177,1.1));
#3741=CARTESIAN_POINT('',(-17.1985842842177,16.9135842842177,1.1));
#3742=CARTESIAN_POINT('Origin',(-16.8735842842177,16.9135842842177,1.1));
#3743=CARTESIAN_POINT('',(-17.2735842842177,16.9135842842177,1.1));
#3744=CARTESIAN_POINT('Origin',(-17.2735842842177,2.41358428421768,1.));
#3745=CARTESIAN_POINT('',(-17.2735842842177,1.91358428421768,1.1));
#3746=CARTESIAN_POINT('',(-17.2735842842177,1.91358428421768,1.));
#3747=CARTESIAN_POINT('',(-17.2735842842177,2.41358428421768,1.1));
#3748=CARTESIAN_POINT('',(-17.2735842842177,2.41358428421768,1.1));
#3749=CARTESIAN_POINT('',(-17.2735842842177,2.41358428421768,1.));
#3750=CARTESIAN_POINT('Origin',(-16.4735842842177,2.41358428421768,1.));
#3751=CARTESIAN_POINT('',(-16.4735842842177,2.41358428421768,1.1));
#3752=CARTESIAN_POINT('',(-16.4735842842177,2.41358428421768,1.1));
#3753=CARTESIAN_POINT('',(-16.4735842842177,2.41358428421768,1.));
#3754=CARTESIAN_POINT('Origin',(-16.4735842842177,1.91358428421768,1.));
#3755=CARTESIAN_POINT('',(-16.4735842842177,1.91358428421768,1.1));
#3756=CARTESIAN_POINT('',(-16.4735842842177,1.91358428421768,1.1));
#3757=CARTESIAN_POINT('',(-16.4735842842177,1.91358428421768,1.));
#3758=CARTESIAN_POINT('Origin',(-16.8735842842177,2.16358428421768,1.1));
#3759=CARTESIAN_POINT('',(-16.5485842842177,1.91358428421768,1.1));
#3760=CARTESIAN_POINT('',(-17.2735842842177,1.91358428421768,1.1));
#3761=CARTESIAN_POINT('',(-17.1985842842177,1.91358428421768,1.1));
#3762=CARTESIAN_POINT('',(-17.2735842842177,1.91358428421768,1.1));
#3763=CARTESIAN_POINT('Origin',(-16.8735842842177,1.91358428421768,1.1));
#3764=CARTESIAN_POINT('Origin',(-22.3535842842177,2.41358428421768,1.));
#3765=CARTESIAN_POINT('',(-22.3535842842177,1.91358428421768,1.1));
#3766=CARTESIAN_POINT('',(-22.3535842842177,1.91358428421768,1.));
#3767=CARTESIAN_POINT('',(-22.3535842842177,2.41358428421768,1.1));
#3768=CARTESIAN_POINT('',(-22.3535842842177,2.41358428421768,1.1));
#3769=CARTESIAN_POINT('',(-22.3535842842177,2.41358428421768,1.));
#3770=CARTESIAN_POINT('Origin',(-21.5535842842177,2.41358428421768,1.));
#3771=CARTESIAN_POINT('',(-21.5535842842177,2.41358428421768,1.1));
#3772=CARTESIAN_POINT('',(-21.5535842842177,2.41358428421768,1.1));
#3773=CARTESIAN_POINT('',(-21.5535842842177,2.41358428421768,1.));
#3774=CARTESIAN_POINT('Origin',(-21.5535842842177,1.91358428421768,1.));
#3775=CARTESIAN_POINT('',(-21.5535842842177,1.91358428421768,1.1));
#3776=CARTESIAN_POINT('',(-21.5535842842177,1.91358428421768,1.1));
#3777=CARTESIAN_POINT('',(-21.5535842842177,1.91358428421768,1.));
#3778=CARTESIAN_POINT('Origin',(-21.9535842842177,2.16358428421768,1.1));
#3779=CARTESIAN_POINT('',(-21.6285842842177,1.91358428421768,1.1));
#3780=CARTESIAN_POINT('',(-22.3535842842177,1.91358428421768,1.1));
#3781=CARTESIAN_POINT('',(-22.2785842842177,1.91358428421768,1.1));
#3782=CARTESIAN_POINT('',(-22.3535842842177,1.91358428421768,1.1));
#3783=CARTESIAN_POINT('Origin',(-21.9535842842177,1.91358428421768,1.1));
#3784=CARTESIAN_POINT('Origin',(-19.8135842842177,2.41358428421768,1.));
#3785=CARTESIAN_POINT('',(-19.8135842842177,1.91358428421768,1.1));
#3786=CARTESIAN_POINT('',(-19.8135842842177,1.91358428421768,1.));
#3787=CARTESIAN_POINT('',(-19.8135842842177,2.41358428421768,1.1));
#3788=CARTESIAN_POINT('',(-19.8135842842177,2.41358428421768,1.1));
#3789=CARTESIAN_POINT('',(-19.8135842842177,2.41358428421768,1.));
#3790=CARTESIAN_POINT('Origin',(-19.0135842842177,2.41358428421768,1.));
#3791=CARTESIAN_POINT('',(-19.0135842842177,2.41358428421768,1.1));
#3792=CARTESIAN_POINT('',(-19.0135842842177,2.41358428421768,1.1));
#3793=CARTESIAN_POINT('',(-19.0135842842177,2.41358428421768,1.));
#3794=CARTESIAN_POINT('Origin',(-19.0135842842177,1.91358428421768,1.));
#3795=CARTESIAN_POINT('',(-19.0135842842177,1.91358428421768,1.1));
#3796=CARTESIAN_POINT('',(-19.0135842842177,1.91358428421768,1.1));
#3797=CARTESIAN_POINT('',(-19.0135842842177,1.91358428421768,1.));
#3798=CARTESIAN_POINT('Origin',(-19.4135842842177,2.16358428421768,1.1));
#3799=CARTESIAN_POINT('',(-19.0885842842177,1.91358428421768,1.1));
#3800=CARTESIAN_POINT('',(-19.8135842842177,1.91358428421768,1.1));
#3801=CARTESIAN_POINT('',(-19.7385842842177,1.91358428421768,1.1));
#3802=CARTESIAN_POINT('',(-19.8135842842177,1.91358428421768,1.1));
#3803=CARTESIAN_POINT('Origin',(-19.4135842842177,1.91358428421768,1.1));
#3804=CARTESIAN_POINT('Origin',(-7.50000011175871,12.5000001862645,1.));
#3805=CARTESIAN_POINT('',(-8.79269322247185,11.5228141819426,1.1));
#3806=CARTESIAN_POINT('',(-8.79269322247185,11.5228141819426,1.));
#3807=CARTESIAN_POINT('',(-7.50000011175871,12.5000001862645,1.1));
#3808=CARTESIAN_POINT('',(-8.79269322247185,11.5228141819426,1.1));
#3809=CARTESIAN_POINT('',(-7.50000011175871,12.5000001862645,1.));
#3810=CARTESIAN_POINT('Origin',(-7.50000011175871,16.0000002384186,1.));
#3811=CARTESIAN_POINT('',(-7.50000011175871,16.0000002384186,1.1));
#3812=CARTESIAN_POINT('',(-7.50000011175871,12.5000001862645,1.1));
#3813=CARTESIAN_POINT('',(-7.50000011175871,16.0000002384186,1.));
#3814=CARTESIAN_POINT('Origin',(-2.5000000372529,16.0000002384186,1.));
#3815=CARTESIAN_POINT('',(-2.5000000372529,16.0000002384186,1.1));
#3816=CARTESIAN_POINT('',(-7.50000011175871,16.0000002384186,1.1));
#3817=CARTESIAN_POINT('',(-2.5000000372529,16.0000002384186,1.));
#3818=CARTESIAN_POINT('Origin',(-2.5000000372529,14.0710015052652,1.));
#3819=CARTESIAN_POINT('',(-2.50000003725291,14.0710015052652,1.1));
#3820=CARTESIAN_POINT('',(-2.5000000372529,16.0000002384186,1.1));
#3821=CARTESIAN_POINT('',(-2.5000000372529,14.0710015052652,1.));
#3822=CARTESIAN_POINT('Origin',(-5.00000007450581,14.0710015052652,1.));
#3823=CARTESIAN_POINT('',(-5.00000007450581,14.0710015052652,1.1));
#3824=CARTESIAN_POINT('',(-2.5000000372529,14.0710015052652,1.1));
#3825=CARTESIAN_POINT('',(-5.00000007450581,14.0710015052652,1.));
#3826=CARTESIAN_POINT('Origin',(-5.00000007450581,11.0524214861966,1.));
#3827=CARTESIAN_POINT('',(-5.00000007450581,11.0524214861966,1.1));
#3828=CARTESIAN_POINT('',(-5.00000007450581,13.5000002011657,1.1));
#3829=CARTESIAN_POINT('',(-5.00000007450581,11.0524214861966,1.));
#3830=CARTESIAN_POINT('Origin',(-2.5000000372529,11.0524214861966,1.));
#3831=CARTESIAN_POINT('',(-2.50000003725291,11.0524214861966,1.1));
#3832=CARTESIAN_POINT('',(-5.00000007450581,11.0524214861966,1.1));
#3833=CARTESIAN_POINT('',(-2.5000000372529,11.0524214861966,1.));
#3834=CARTESIAN_POINT('Origin',(-2.5000000372529,8.84729787337612,1.));
#3835=CARTESIAN_POINT('',(-2.5000000372529,8.84729787337612,1.1));
#3836=CARTESIAN_POINT('',(-2.5000000372529,11.0524214861966,1.1));
#3837=CARTESIAN_POINT('',(-2.5000000372529,8.84729787337612,1.));
#3838=CARTESIAN_POINT('Origin',(-5.00000007450581,8.84729787337612,1.));
#3839=CARTESIAN_POINT('',(-5.00000007450581,8.84729787337612,1.1));
#3840=CARTESIAN_POINT('',(-2.5000000372529,8.84729787337612,1.1));
#3841=CARTESIAN_POINT('',(-5.00000007450581,8.84729787337612,1.));
#3842=CARTESIAN_POINT('Origin',(-5.00000007450581,6.67750333847982,1.));
#3843=CARTESIAN_POINT('',(-5.00000007450581,6.67750333847982,1.1));
#3844=CARTESIAN_POINT('',(-5.00000007450581,8.84729787337612,1.1));
#3845=CARTESIAN_POINT('',(-5.00000007450581,6.67750333847982,1.));
#3846=CARTESIAN_POINT('Origin',(-2.5000000372529,6.67750333847982,1.));
#3847=CARTESIAN_POINT('',(-2.5000000372529,6.67750333847982,1.1));
#3848=CARTESIAN_POINT('',(-5.00000007450581,6.67750333847982,1.1));
#3849=CARTESIAN_POINT('',(-2.5000000372529,6.67750333847982,1.));
#3850=CARTESIAN_POINT('Origin',(-2.5000000372529,4.77989186471611,1.));
#3851=CARTESIAN_POINT('',(-2.5000000372529,4.77989186471611,1.1));
#3852=CARTESIAN_POINT('',(-2.5000000372529,6.67750333847982,1.1));
#3853=CARTESIAN_POINT('',(-2.5000000372529,4.77989186471611,1.));
#3854=CARTESIAN_POINT('Origin',(-5.19999988377094,4.77989186471611,1.));
#3855=CARTESIAN_POINT('',(-5.19999988377094,4.77989186471611,1.1));
#3856=CARTESIAN_POINT('',(-2.5000000372529,4.77989186471611,1.1));
#3857=CARTESIAN_POINT('',(-5.19999988377094,4.77989186471611,1.));
#3858=CARTESIAN_POINT('Origin',(-5.19999988377094,4.97989186471611,1.));
#3859=CARTESIAN_POINT('',(-5.19999988377094,4.97989186471611,1.1));
#3860=CARTESIAN_POINT('',(-5.19999988377094,4.97989186471611,1.1));
#3861=CARTESIAN_POINT('',(-5.19999988377094,4.97989186471611,1.));
#3862=CARTESIAN_POINT('Origin',(-2.7000000372529,4.97989186471611,1.));
#3863=CARTESIAN_POINT('',(-2.7000000372529,4.97989186471611,1.1));
#3864=CARTESIAN_POINT('',(-2.7000000372529,4.97989186471611,1.1));
#3865=CARTESIAN_POINT('',(-2.7000000372529,4.97989186471611,1.));
#3866=CARTESIAN_POINT('Origin',(-2.7000000372529,6.47750333847982,1.));
#3867=CARTESIAN_POINT('',(-2.7000000372529,6.47750333847982,1.1));
#3868=CARTESIAN_POINT('',(-2.7000000372529,6.47750333847982,1.1));
#3869=CARTESIAN_POINT('',(-2.7000000372529,6.47750333847982,1.));
#3870=CARTESIAN_POINT('Origin',(-5.20000007450581,6.47750333847982,1.));
#3871=CARTESIAN_POINT('',(-5.20000007450581,6.47750333847982,1.1));
#3872=CARTESIAN_POINT('',(-5.20000007450581,6.47750333847982,1.1));
#3873=CARTESIAN_POINT('',(-5.20000007450581,6.47750333847982,1.));
#3874=CARTESIAN_POINT('Origin',(-5.20000007450581,9.04729787337612,1.));
#3875=CARTESIAN_POINT('',(-5.20000007450581,9.04729787337612,1.1));
#3876=CARTESIAN_POINT('',(-5.20000007450581,9.04729787337612,1.1));
#3877=CARTESIAN_POINT('',(-5.20000007450581,9.04729787337612,1.));
#3878=CARTESIAN_POINT('Origin',(-2.7000000372529,9.04729787337612,1.));
#3879=CARTESIAN_POINT('',(-2.7000000372529,9.04729787337612,1.1));
#3880=CARTESIAN_POINT('',(-2.7000000372529,9.04729787337612,1.1));
#3881=CARTESIAN_POINT('',(-2.7000000372529,9.04729787337612,1.));
#3882=CARTESIAN_POINT('Origin',(-2.7000000372529,10.8524214861966,1.));
#3883=CARTESIAN_POINT('',(-2.70000003725291,10.8524214861966,1.1));
#3884=CARTESIAN_POINT('',(-2.7000000372529,10.8524214861966,1.1));
#3885=CARTESIAN_POINT('',(-2.7000000372529,10.8524214861966,1.));
#3886=CARTESIAN_POINT('Origin',(-5.20000007450581,10.8524214861966,1.));
#3887=CARTESIAN_POINT('',(-5.20000007450581,10.8524214861966,1.1));
#3888=CARTESIAN_POINT('',(-5.20000007450581,10.8524214861966,1.1));
#3889=CARTESIAN_POINT('',(-5.20000007450581,10.8524214861966,1.));
#3890=CARTESIAN_POINT('Origin',(-5.20000007450581,14.2710015052652,1.));
#3891=CARTESIAN_POINT('',(-5.20000007450581,14.2710015052652,1.1));
#3892=CARTESIAN_POINT('',(-5.20000007450581,14.2710015052652,1.1));
#3893=CARTESIAN_POINT('',(-5.20000007450581,14.2710015052652,1.));
#3894=CARTESIAN_POINT('Origin',(-2.7000000372529,14.2710015052652,1.));
#3895=CARTESIAN_POINT('',(-2.70000003725291,14.2710015052652,1.1));
#3896=CARTESIAN_POINT('',(-2.7000000372529,14.2710015052652,1.1));
#3897=CARTESIAN_POINT('',(-2.7000000372529,14.2710015052652,1.));
#3898=CARTESIAN_POINT('Origin',(-2.7000000372529,15.8000002384186,1.));
#3899=CARTESIAN_POINT('',(-2.7000000372529,15.8000002384186,1.1));
#3900=CARTESIAN_POINT('',(-2.7000000372529,15.8000002384186,1.1));
#3901=CARTESIAN_POINT('',(-2.7000000372529,15.8000002384186,1.));
#3902=CARTESIAN_POINT('Origin',(-7.30000011175871,15.8000002384186,1.));
#3903=CARTESIAN_POINT('',(-7.30000011175871,15.8000002384186,1.1));
#3904=CARTESIAN_POINT('',(-7.30000011175871,15.8000002384186,1.1));
#3905=CARTESIAN_POINT('',(-7.30000011175871,15.8000002384186,1.));
#3906=CARTESIAN_POINT('Origin',(-7.30000011175871,12.4004728217176,1.));
#3907=CARTESIAN_POINT('',(-7.30000011175871,12.4004728217176,1.1));
#3908=CARTESIAN_POINT('',(-7.30000011175871,12.4004728217176,1.1));
#3909=CARTESIAN_POINT('',(-7.30000011175871,12.4004728217176,1.));
#3910=CARTESIAN_POINT('Origin',(-8.67208853827199,11.3632694855436,1.));
#3911=CARTESIAN_POINT('',(-8.67208853827199,11.3632694855436,1.1));
#3912=CARTESIAN_POINT('',(-8.67208853827199,11.3632694855436,1.1));
#3913=CARTESIAN_POINT('',(-8.67208853827199,11.3632694855436,1.));
#3914=CARTESIAN_POINT('Origin',(-8.79269322247185,11.5228141819426,1.));
#3915=CARTESIAN_POINT('',(-8.79269322247185,11.5228141819426,1.1));
#3916=CARTESIAN_POINT('Origin',(-5.64634662986238,10.3899460515673,1.1));
#3917=CARTESIAN_POINT('Origin',(-19.0135842842177,16.4135842842177,1.));
#3918=CARTESIAN_POINT('',(-19.0135842842177,16.9135842842177,1.1));
#3919=CARTESIAN_POINT('',(-19.0135842842177,16.9135842842177,1.));
#3920=CARTESIAN_POINT('',(-19.0135842842177,16.4135842842177,1.1));
#3921=CARTESIAN_POINT('',(-19.0135842842177,16.9135842842177,1.1));
#3922=CARTESIAN_POINT('',(-19.0135842842177,16.4135842842177,1.));
#3923=CARTESIAN_POINT('Origin',(-19.8135842842177,16.4135842842177,1.));
#3924=CARTESIAN_POINT('',(-19.8135842842177,16.4135842842177,1.1));
#3925=CARTESIAN_POINT('',(-19.0135842842177,16.4135842842177,1.1));
#3926=CARTESIAN_POINT('',(-19.8135842842177,16.4135842842177,1.));
#3927=CARTESIAN_POINT('Origin',(-19.8135842842177,16.9135842842177,1.));
#3928=CARTESIAN_POINT('',(-19.8135842842177,16.9135842842177,1.1));
#3929=CARTESIAN_POINT('',(-19.8135842842177,16.4135842842177,1.1));
#3930=CARTESIAN_POINT('',(-19.8135842842177,16.9135842842177,1.));
#3931=CARTESIAN_POINT('Origin',(-19.4135842842177,16.6635842842177,1.1));
#3932=CARTESIAN_POINT('',(-19.0885842842177,16.9135842842177,1.1));
#3933=CARTESIAN_POINT('',(-19.8135842842177,16.9135842842177,1.1));
#3934=CARTESIAN_POINT('',(-19.7385842842177,16.9135842842177,1.1));
#3935=CARTESIAN_POINT('Origin',(-19.4135842842177,16.9135842842177,1.1));
#3936=CARTESIAN_POINT('',(-19.8135842842177,16.9135842842177,1.1));
#3937=CARTESIAN_POINT('Origin',(-22.8235842842177,16.4135842842177,1.));
#3938=CARTESIAN_POINT('',(-22.8235842842177,16.9135842842177,1.1));
#3939=CARTESIAN_POINT('',(-22.8235842842177,16.9135842842177,1.));
#3940=CARTESIAN_POINT('',(-22.8235842842177,16.4135842842177,1.1));
#3941=CARTESIAN_POINT('',(-22.8235842842177,16.9135842842177,1.1));
#3942=CARTESIAN_POINT('',(-22.8235842842177,16.4135842842177,1.));
#3943=CARTESIAN_POINT('Origin',(-23.6235842842177,16.4135842842177,1.));
#3944=CARTESIAN_POINT('',(-23.6235842842177,16.4135842842177,1.1));
#3945=CARTESIAN_POINT('',(-22.8235842842177,16.4135842842177,1.1));
#3946=CARTESIAN_POINT('',(-23.6235842842177,16.4135842842177,1.));
#3947=CARTESIAN_POINT('Origin',(-23.6235842842177,16.9135842842177,1.));
#3948=CARTESIAN_POINT('',(-23.6235842842177,16.9135842842177,1.1));
#3949=CARTESIAN_POINT('',(-23.6235842842177,16.4135842842177,1.1));
#3950=CARTESIAN_POINT('',(-23.6235842842177,16.9135842842177,1.));
#3951=CARTESIAN_POINT('Origin',(-23.2235842842177,16.6635842842177,1.1));
#3952=CARTESIAN_POINT('',(-22.8985842842177,16.9135842842177,1.1));
#3953=CARTESIAN_POINT('',(-23.6235842842177,16.9135842842177,1.1));
#3954=CARTESIAN_POINT('',(-23.5485842842177,16.9135842842177,1.1));
#3955=CARTESIAN_POINT('Origin',(-23.2235842842177,16.9135842842177,1.1));
#3956=CARTESIAN_POINT('',(-23.6235842842177,16.9135842842177,1.1));
#3957=CARTESIAN_POINT('Origin',(-17.7435842842177,16.4135842842177,1.));
#3958=CARTESIAN_POINT('',(-17.7435842842177,16.9135842842177,1.1));
#3959=CARTESIAN_POINT('',(-17.7435842842177,16.9135842842177,1.));
#3960=CARTESIAN_POINT('',(-17.7435842842177,16.4135842842177,1.1));
#3961=CARTESIAN_POINT('',(-17.7435842842177,16.9135842842177,1.1));
#3962=CARTESIAN_POINT('',(-17.7435842842177,16.4135842842177,1.));
#3963=CARTESIAN_POINT('Origin',(-18.5435842842177,16.4135842842177,1.));
#3964=CARTESIAN_POINT('',(-18.5435842842177,16.4135842842177,1.1));
#3965=CARTESIAN_POINT('',(-17.7435842842177,16.4135842842177,1.1));
#3966=CARTESIAN_POINT('',(-18.5435842842177,16.4135842842177,1.));
#3967=CARTESIAN_POINT('Origin',(-18.5435842842177,16.9135842842177,1.));
#3968=CARTESIAN_POINT('',(-18.5435842842177,16.9135842842177,1.1));
#3969=CARTESIAN_POINT('',(-18.5435842842177,16.4135842842177,1.1));
#3970=CARTESIAN_POINT('',(-18.5435842842177,16.9135842842177,1.));
#3971=CARTESIAN_POINT('Origin',(-18.1435842842177,16.6635842842177,1.1));
#3972=CARTESIAN_POINT('',(-17.8185842842177,16.9135842842177,1.1));
#3973=CARTESIAN_POINT('',(-18.5435842842177,16.9135842842177,1.1));
#3974=CARTESIAN_POINT('',(-18.4685842842177,16.9135842842177,1.1));
#3975=CARTESIAN_POINT('Origin',(-18.1435842842177,16.9135842842177,1.1));
#3976=CARTESIAN_POINT('',(-18.5435842842177,16.9135842842177,1.1));
#3977=CARTESIAN_POINT('Origin',(-16.0035842842177,2.41358428421768,1.));
#3978=CARTESIAN_POINT('',(-16.0035842842177,1.91358428421768,1.1));
#3979=CARTESIAN_POINT('',(-16.0035842842177,1.91358428421768,1.));
#3980=CARTESIAN_POINT('',(-16.0035842842177,2.41358428421768,1.1));
#3981=CARTESIAN_POINT('',(-16.0035842842177,2.41358428421768,1.1));
#3982=CARTESIAN_POINT('',(-16.0035842842177,2.41358428421768,1.));
#3983=CARTESIAN_POINT('Origin',(-15.2035842842177,2.41358428421768,1.));
#3984=CARTESIAN_POINT('',(-15.2035842842177,2.41358428421768,1.1));
#3985=CARTESIAN_POINT('',(-15.2035842842177,2.41358428421768,1.1));
#3986=CARTESIAN_POINT('',(-15.2035842842177,2.41358428421768,1.));
#3987=CARTESIAN_POINT('Origin',(-15.2035842842177,1.91358428421768,1.));
#3988=CARTESIAN_POINT('',(-15.2035842842177,1.91358428421768,1.1));
#3989=CARTESIAN_POINT('',(-15.2035842842177,1.91358428421768,1.1));
#3990=CARTESIAN_POINT('',(-15.2035842842177,1.91358428421768,1.));
#3991=CARTESIAN_POINT('Origin',(-15.6035842842177,2.16358428421768,1.1));
#3992=CARTESIAN_POINT('',(-15.2785842842177,1.91358428421768,1.1));
#3993=CARTESIAN_POINT('',(-16.0035842842177,1.91358428421768,1.1));
#3994=CARTESIAN_POINT('',(-15.9285842842177,1.91358428421768,1.1));
#3995=CARTESIAN_POINT('',(-16.0035842842177,1.91358428421768,1.1));
#3996=CARTESIAN_POINT('Origin',(-15.6035842842177,1.91358428421768,1.1));
#3997=CARTESIAN_POINT('Origin',(-21.0835842842177,2.41358428421768,1.));
#3998=CARTESIAN_POINT('',(-21.0835842842177,1.91358428421768,1.1));
#3999=CARTESIAN_POINT('',(-21.0835842842177,1.91358428421768,1.));
#4000=CARTESIAN_POINT('',(-21.0835842842177,2.41358428421768,1.1));
#4001=CARTESIAN_POINT('',(-21.0835842842177,2.41358428421768,1.1));
#4002=CARTESIAN_POINT('',(-21.0835842842177,2.41358428421768,1.));
#4003=CARTESIAN_POINT('Origin',(-20.2835842842177,2.41358428421768,1.));
#4004=CARTESIAN_POINT('',(-20.2835842842177,2.41358428421768,1.1));
#4005=CARTESIAN_POINT('',(-20.2835842842177,2.41358428421768,1.1));
#4006=CARTESIAN_POINT('',(-20.2835842842177,2.41358428421768,1.));
#4007=CARTESIAN_POINT('Origin',(-20.2835842842177,1.91358428421768,1.));
#4008=CARTESIAN_POINT('',(-20.2835842842177,1.91358428421768,1.1));
#4009=CARTESIAN_POINT('',(-20.2835842842177,1.91358428421768,1.1));
#4010=CARTESIAN_POINT('',(-20.2835842842177,1.91358428421768,1.));
#4011=CARTESIAN_POINT('Origin',(-20.6835842842177,2.16358428421768,1.1));
#4012=CARTESIAN_POINT('',(-20.3585842842177,1.91358428421768,1.1));
#4013=CARTESIAN_POINT('',(-21.0835842842177,1.91358428421768,1.1));
#4014=CARTESIAN_POINT('',(-21.0085842842177,1.91358428421768,1.1));
#4015=CARTESIAN_POINT('',(-21.0835842842177,1.91358428421768,1.1));
#4016=CARTESIAN_POINT('Origin',(-20.6835842842177,1.91358428421768,1.1));
#4017=CARTESIAN_POINT('Origin',(-18.1435842842177,1.91358428421768,1.));
#4018=CARTESIAN_POINT('',(-17.8185842842177,1.91358428421768,0.));
#4019=CARTESIAN_POINT('',(-18.4685842842177,1.91358428421768,0.));
#4020=CARTESIAN_POINT('Origin',(-18.1435842842177,1.91358428421768,0.));
#4021=CARTESIAN_POINT('',(-17.8185842842177,1.91358428421768,1.));
#4022=CARTESIAN_POINT('',(-18.4685842842177,1.91358428421768,1.));
#4023=CARTESIAN_POINT('Origin',(-23.2235842842177,1.91358428421768,1.));
#4024=CARTESIAN_POINT('',(-22.8985842842177,1.91358428421768,0.));
#4025=CARTESIAN_POINT('',(-23.5485842842177,1.91358428421768,0.));
#4026=CARTESIAN_POINT('Origin',(-23.2235842842177,1.91358428421768,0.));
#4027=CARTESIAN_POINT('',(-22.8985842842177,1.91358428421768,1.));
#4028=CARTESIAN_POINT('',(-23.5485842842177,1.91358428421768,1.));
#4029=CARTESIAN_POINT('Origin',(-19.4135842842177,16.9135842842177,1.));
#4030=CARTESIAN_POINT('',(-19.7385842842177,16.9135842842177,0.));
#4031=CARTESIAN_POINT('',(-19.0885842842177,16.9135842842177,0.));
#4032=CARTESIAN_POINT('Origin',(-19.4135842842177,16.9135842842177,0.));
#4033=CARTESIAN_POINT('',(-19.7385842842177,16.9135842842177,1.));
#4034=CARTESIAN_POINT('',(-19.0885842842177,16.9135842842177,1.));
#4035=CARTESIAN_POINT('Origin',(-23.2235842842177,16.9135842842177,1.));
#4036=CARTESIAN_POINT('',(-23.5485842842177,16.9135842842177,0.));
#4037=CARTESIAN_POINT('',(-22.8985842842177,16.9135842842177,0.));
#4038=CARTESIAN_POINT('Origin',(-23.2235842842177,16.9135842842177,0.));
#4039=CARTESIAN_POINT('',(-23.5485842842177,16.9135842842177,1.));
#4040=CARTESIAN_POINT('',(-22.8985842842177,16.9135842842177,1.));
#4041=CARTESIAN_POINT('Origin',(-18.1435842842177,16.9135842842177,1.));
#4042=CARTESIAN_POINT('',(-18.4685842842177,16.9135842842177,0.));
#4043=CARTESIAN_POINT('',(-17.8185842842177,16.9135842842177,0.));
#4044=CARTESIAN_POINT('Origin',(-18.1435842842177,16.9135842842177,0.));
#4045=CARTESIAN_POINT('',(-18.4685842842177,16.9135842842177,1.));
#4046=CARTESIAN_POINT('',(-17.8185842842177,16.9135842842177,1.));
#4047=CARTESIAN_POINT('Origin',(-21.9535842842177,1.91358428421768,1.));
#4048=CARTESIAN_POINT('',(-21.6285842842177,1.91358428421768,0.));
#4049=CARTESIAN_POINT('',(-22.2785842842177,1.91358428421768,0.));
#4050=CARTESIAN_POINT('Origin',(-21.9535842842177,1.91358428421768,0.));
#4051=CARTESIAN_POINT('',(-21.6285842842177,1.91358428421768,1.));
#4052=CARTESIAN_POINT('',(-22.2785842842177,1.91358428421768,1.));
#4053=CARTESIAN_POINT('Origin',(-16.8735842842177,1.91358428421768,1.));
#4054=CARTESIAN_POINT('',(-16.5485842842177,1.91358428421768,0.));
#4055=CARTESIAN_POINT('',(-17.1985842842177,1.91358428421768,0.));
#4056=CARTESIAN_POINT('Origin',(-16.8735842842177,1.91358428421768,0.));
#4057=CARTESIAN_POINT('',(-16.5485842842177,1.91358428421768,1.));
#4058=CARTESIAN_POINT('',(-17.1985842842177,1.91358428421768,1.));
#4059=CARTESIAN_POINT('Origin',(-19.4135842842177,1.91358428421768,1.));
#4060=CARTESIAN_POINT('',(-19.0885842842177,1.91358428421768,0.));
#4061=CARTESIAN_POINT('',(-19.7385842842177,1.91358428421768,0.));
#4062=CARTESIAN_POINT('Origin',(-19.4135842842177,1.91358428421768,0.));
#4063=CARTESIAN_POINT('',(-19.0885842842177,1.91358428421768,1.));
#4064=CARTESIAN_POINT('',(-19.7385842842177,1.91358428421768,1.));
#4065=CARTESIAN_POINT('Origin',(-15.6035842842177,16.9135842842177,1.));
#4066=CARTESIAN_POINT('',(-15.9285842842177,16.9135842842177,0.));
#4067=CARTESIAN_POINT('',(-15.2785842842177,16.9135842842177,0.));
#4068=CARTESIAN_POINT('Origin',(-15.6035842842177,16.9135842842177,0.));
#4069=CARTESIAN_POINT('',(-15.9285842842177,16.9135842842177,1.));
#4070=CARTESIAN_POINT('',(-15.2785842842177,16.9135842842177,1.));
#4071=CARTESIAN_POINT('Origin',(-20.6835842842177,16.9135842842177,1.));
#4072=CARTESIAN_POINT('',(-21.0085842842177,16.9135842842177,0.));
#4073=CARTESIAN_POINT('',(-20.3585842842177,16.9135842842177,0.));
#4074=CARTESIAN_POINT('Origin',(-20.6835842842177,16.9135842842177,0.));
#4075=CARTESIAN_POINT('',(-21.0085842842177,16.9135842842177,1.));
#4076=CARTESIAN_POINT('',(-20.3585842842177,16.9135842842177,1.));
#4077=CARTESIAN_POINT('Origin',(-21.9535842842177,16.9135842842177,1.));
#4078=CARTESIAN_POINT('',(-22.2785842842177,16.9135842842177,0.));
#4079=CARTESIAN_POINT('',(-21.6285842842177,16.9135842842177,0.));
#4080=CARTESIAN_POINT('Origin',(-21.9535842842177,16.9135842842177,0.));
#4081=CARTESIAN_POINT('',(-22.2785842842177,16.9135842842177,1.));
#4082=CARTESIAN_POINT('',(-21.6285842842177,16.9135842842177,1.));
#4083=CARTESIAN_POINT('Origin',(-16.8735842842177,16.9135842842177,1.));
#4084=CARTESIAN_POINT('',(-17.1985842842177,16.9135842842177,0.));
#4085=CARTESIAN_POINT('',(-16.5485842842177,16.9135842842177,0.));
#4086=CARTESIAN_POINT('Origin',(-16.8735842842177,16.9135842842177,0.));
#4087=CARTESIAN_POINT('',(-17.1985842842177,16.9135842842177,1.));
#4088=CARTESIAN_POINT('',(-16.5485842842177,16.9135842842177,1.));
#4089=CARTESIAN_POINT('Origin',(-20.6835842842177,1.91358428421768,1.));
#4090=CARTESIAN_POINT('',(-20.3585842842177,1.91358428421768,0.));
#4091=CARTESIAN_POINT('',(-21.0085842842177,1.91358428421768,0.));
#4092=CARTESIAN_POINT('Origin',(-20.6835842842177,1.91358428421768,0.));
#4093=CARTESIAN_POINT('',(-20.3585842842177,1.91358428421768,1.));
#4094=CARTESIAN_POINT('',(-21.0085842842177,1.91358428421768,1.));
#4095=CARTESIAN_POINT('Origin',(-15.6035842842177,1.91358428421768,1.));
#4096=CARTESIAN_POINT('',(-15.2785842842177,1.91358428421768,0.));
#4097=CARTESIAN_POINT('',(-15.9285842842177,1.91358428421768,0.));
#4098=CARTESIAN_POINT('Origin',(-15.6035842842177,1.91358428421768,0.));
#4099=CARTESIAN_POINT('',(-15.2785842842177,1.91358428421768,1.));
#4100=CARTESIAN_POINT('',(-15.9285842842177,1.91358428421768,1.));
#4101=CARTESIAN_POINT('Origin',(-1.91358428421768,16.9135842842177,0.));
#4102=CARTESIAN_POINT('',(-25.9135842842177,16.9135842842177,0.));
#4103=CARTESIAN_POINT('Origin',(-1.91358428421768,16.9135842842177,0.));
#4104=CARTESIAN_POINT('',(-1.91358428421768,16.9135842842177,0.));
#4105=CARTESIAN_POINT('',(-1.91358428421768,16.9135842842177,0.));
#4106=CARTESIAN_POINT('',(-25.9135842842177,16.9135842842177,0.));
#4107=CARTESIAN_POINT('Origin',(-1.91358428421768,16.9135842842177,0.));
#4108=CARTESIAN_POINT('',(-25.9135842842177,16.9135842842177,0.));
#4109=CARTESIAN_POINT('Origin',(-1.91358428421768,16.9135842842177,0.));
#4110=CARTESIAN_POINT('',(-25.9135842842177,16.9135842842177,0.));
#4111=CARTESIAN_POINT('Origin',(-1.91358428421768,16.9135842842177,0.));
#4112=CARTESIAN_POINT('',(-25.9135842842177,16.9135842842177,0.));
#4113=CARTESIAN_POINT('Origin',(-1.91358428421768,16.9135842842177,0.));
#4114=CARTESIAN_POINT('',(-25.9135842842177,16.9135842842177,0.));
#4115=CARTESIAN_POINT('',(-25.9135842842177,16.9135842842177,0.));
#4116=CARTESIAN_POINT('',(-25.9135842842177,16.9135842842177,0.));
#4117=CARTESIAN_POINT('Origin',(-1.91358428421768,16.9135842842177,0.));
#4118=CARTESIAN_POINT('',(-25.9135842842177,16.9135842842177,0.));
#4119=CARTESIAN_POINT('Origin',(-1.91358428421768,16.9135842842177,0.));
#4120=CARTESIAN_POINT('',(-25.9135842842177,16.9135842842177,0.));
#4121=CARTESIAN_POINT('Origin',(-25.9135842842177,1.91358428421768,0.));
#4122=CARTESIAN_POINT('',(-1.91358428421768,1.91358428421768,0.));
#4123=CARTESIAN_POINT('',(-1.91358428421768,1.91358428421768,0.));
#4124=CARTESIAN_POINT('',(-1.91358428421768,1.91358428421768,0.));
#4125=CARTESIAN_POINT('Origin',(-25.9135842842177,1.91358428421768,0.));
#4126=CARTESIAN_POINT('',(-1.91358428421768,1.91358428421768,0.));
#4127=CARTESIAN_POINT('Origin',(-25.9135842842177,1.91358428421768,0.));
#4128=CARTESIAN_POINT('',(-1.91358428421768,1.91358428421768,0.));
#4129=CARTESIAN_POINT('Origin',(-25.9135842842177,1.91358428421768,0.));
#4130=CARTESIAN_POINT('',(-1.91358428421768,1.91358428421768,0.));
#4131=CARTESIAN_POINT('Origin',(-25.9135842842177,1.91358428421768,0.));
#4132=CARTESIAN_POINT('',(-25.9135842842177,1.91358428421768,0.));
#4133=CARTESIAN_POINT('',(-25.9135842842177,1.91358428421768,0.));
#4134=CARTESIAN_POINT('',(-1.91358428421768,1.91358428421768,0.));
#4135=CARTESIAN_POINT('Origin',(-25.9135842842177,1.91358428421768,0.));
#4136=CARTESIAN_POINT('',(-1.91358428421768,1.91358428421768,0.));
#4137=CARTESIAN_POINT('Origin',(-25.9135842842177,1.91358428421768,0.));
#4138=CARTESIAN_POINT('',(-1.91358428421768,1.91358428421768,0.));
#4139=CARTESIAN_POINT('Origin',(-25.9135842842177,1.91358428421768,0.));
#4140=CARTESIAN_POINT('',(-1.91358428421768,1.91358428421768,0.));
#4141=CARTESIAN_POINT('Origin',(-13.9135842842177,9.41358428421768,0.));
#4142=CARTESIAN_POINT('',(-25.9135842842177,1.91358428421768,0.));
#4143=CARTESIAN_POINT('',(-1.91358428421768,16.9135842842177,0.));
#4144=CARTESIAN_POINT('Origin',(-8.71358428421768,3.01358428421768,1.));
#4145=CARTESIAN_POINT('',(-8.71358428421768,10.7135842842177,2.85));
#4146=CARTESIAN_POINT('',(-8.71358428421768,10.7135842842177,1.));
#4147=CARTESIAN_POINT('',(-8.71358428421768,3.01358428421768,2.85));
#4148=CARTESIAN_POINT('',(-8.71358428421768,15.8135842842177,2.85));
#4149=CARTESIAN_POINT('',(-8.71358428421768,3.01358428421768,1.));
#4150=CARTESIAN_POINT('Origin',(-25.2135842842177,3.01358428421768,1.));
#4151=CARTESIAN_POINT('',(-25.2135842842177,3.01358428421768,2.85));
#4152=CARTESIAN_POINT('',(-8.71358428421768,3.01358428421768,2.85));
#4153=CARTESIAN_POINT('',(-25.2135842842177,3.01358428421768,1.));
#4154=CARTESIAN_POINT('Origin',(-25.2135842842177,15.8135842842177,1.));
#4155=CARTESIAN_POINT('',(-25.2135842842177,15.8135842842177,2.85));
#4156=CARTESIAN_POINT('',(-25.2135842842177,3.01358428421768,2.85));
#4157=CARTESIAN_POINT('',(-25.2135842842177,15.8135842842177,1.));
#4158=CARTESIAN_POINT('Origin',(-13.0135842842177,15.8135842842177,1.));
#4159=CARTESIAN_POINT('',(-13.0135842842177,15.8135842842177,2.85));
#4160=CARTESIAN_POINT('',(-25.2135842842177,15.8135842842177,2.85));
#4161=CARTESIAN_POINT('',(-13.0135842842177,15.8135842842177,1.));
#4162=CARTESIAN_POINT('Origin',(-13.0135842842177,10.7135842842177,1.));
#4163=CARTESIAN_POINT('',(-13.0135842842177,10.7135842842177,2.85));
#4164=CARTESIAN_POINT('',(-13.0135842842177,10.7135842842177,2.85));
#4165=CARTESIAN_POINT('',(-13.0135842842177,10.7135842842177,1.));
#4166=CARTESIAN_POINT('Origin',(-8.71358428421768,10.7135842842177,1.));
#4167=CARTESIAN_POINT('',(-8.71358428421768,10.7135842842177,2.85));
#4168=CARTESIAN_POINT('Origin',(-16.9635842842177,9.41358428421768,2.85));
#4169=CARTESIAN_POINT('Origin',(-1.91358428421768,1.91358428421768,0.));
#4170=CARTESIAN_POINT('Origin',(-25.9135842842177,16.9135842842177,0.));
#4171=UNCERTAINTY_MEASURE_WITH_UNIT(LENGTH_MEASURE(0.01),#4175,
'DISTANCE_ACCURACY_VALUE',
'Maximum model space distance between geometric entities at asserted c
onnectivities');
#4172=UNCERTAINTY_MEASURE_WITH_UNIT(LENGTH_MEASURE(0.01),#4175,
'DISTANCE_ACCURACY_VALUE',
'Maximum model space distance between geometric entities at asserted c
onnectivities');
#4173=(
GEOMETRIC_REPRESENTATION_CONTEXT(3)
GLOBAL_UNCERTAINTY_ASSIGNED_CONTEXT((#4171))
GLOBAL_UNIT_ASSIGNED_CONTEXT((#4175,#4177,#4178))
REPRESENTATION_CONTEXT('','3D')
);
#4174=(
GEOMETRIC_REPRESENTATION_CONTEXT(3)
GLOBAL_UNCERTAINTY_ASSIGNED_CONTEXT((#4172))
GLOBAL_UNIT_ASSIGNED_CONTEXT((#4175,#4177,#4178))
REPRESENTATION_CONTEXT('','3D')
);
#4175=(
LENGTH_UNIT()
NAMED_UNIT(*)
SI_UNIT(.MILLI.,.METRE.)
);
#4176=(
LENGTH_UNIT()
NAMED_UNIT(*)
SI_UNIT($,.METRE.)
);
#4177=(
NAMED_UNIT(*)
PLANE_ANGLE_UNIT()
SI_UNIT($,.RADIAN.)
);
#4178=(
NAMED_UNIT(*)
SI_UNIT($,.STERADIAN.)
SOLID_ANGLE_UNIT()
);
#4179=SHAPE_DEFINITION_REPRESENTATION(#4180,#4181);
#4180=PRODUCT_DEFINITION_SHAPE('',$,#4183);
#4181=SHAPE_REPRESENTATION('',(#2631),#4173);
#4182=PRODUCT_DEFINITION_CONTEXT('part definition',#4187,'design');
#4183=PRODUCT_DEFINITION('E28-2G4M12S','E28-2G4M12S v2',#4184,#4182);
#4184=PRODUCT_DEFINITION_FORMATION('',$,#4189);
#4185=PRODUCT_RELATED_PRODUCT_CATEGORY('E28-2G4M12S v2',
'E28-2G4M12S v2',(#4189));
#4186=APPLICATION_PROTOCOL_DEFINITION('international standard',
'ap242_managed_model_based_3d_engineering',2011,#4187);
#4187=APPLICATION_CONTEXT('Managed model based 3d engineering');
#4188=PRODUCT_CONTEXT('part definition',#4187,'mechanical');
#4189=PRODUCT('E28-2G4M12S','E28-2G4M12S v2',$,(#4188));
#4190=PRESENTATION_STYLE_ASSIGNMENT((#4194));
#4191=PRESENTATION_STYLE_ASSIGNMENT((#4195));
#4192=PRESENTATION_STYLE_ASSIGNMENT((#4196));
#4193=PRESENTATION_STYLE_ASSIGNMENT((#4197));
#4194=SURFACE_STYLE_USAGE(.BOTH.,#4198);
#4195=SURFACE_STYLE_USAGE(.BOTH.,#4199);
#4196=SURFACE_STYLE_USAGE(.BOTH.,#4200);
#4197=SURFACE_STYLE_USAGE(.BOTH.,#4201);
#4198=SURFACE_SIDE_STYLE('',(#4202));
#4199=SURFACE_SIDE_STYLE('',(#4203));
#4200=SURFACE_SIDE_STYLE('',(#4204));
#4201=SURFACE_SIDE_STYLE('',(#4205));
#4202=SURFACE_STYLE_FILL_AREA(#4206);
#4203=SURFACE_STYLE_FILL_AREA(#4207);
#4204=SURFACE_STYLE_FILL_AREA(#4208);
#4205=SURFACE_STYLE_FILL_AREA(#4209);
#4206=FILL_AREA_STYLE('Steel - Satin',(#4210));
#4207=FILL_AREA_STYLE('Aluminum - Anodized Rough (Grey)',(#4211));
#4208=FILL_AREA_STYLE('Copper - Polished',(#4212));
#4209=FILL_AREA_STYLE('Powder Coat (Blue)',(#4213));
#4210=FILL_AREA_STYLE_COLOUR('Steel - Satin',#4214);
#4211=FILL_AREA_STYLE_COLOUR('Aluminum - Anodized Rough (Grey)',#4215);
#4212=FILL_AREA_STYLE_COLOUR('Copper - Polished',#4216);
#4213=FILL_AREA_STYLE_COLOUR('Powder Coat (Blue)',#4217);
#4214=COLOUR_RGB('Steel - Satin',0.627450980392157,0.627450980392157,0.627450980392157);
#4215=COLOUR_RGB('Aluminum - Anodized Rough (Grey)',0.537254901960784,0.537254901960784,
0.537254901960784);
#4216=COLOUR_RGB('Copper - Polished',0.929411764705882,0.807843137254902,
0.764705882352941);
#4217=COLOUR_RGB('Powder Coat (Blue)',0.188235294117647,0.231372549019608,
0.588235294117647);
ENDSEC;
END-ISO-10303-21;
